{"type":"FeatureCollection","features":[{"type":"Feature","id":2,"geometry":{"type":"Polygon","coordinates":[[[6.1286612381753764,46.178021803770129],[6.1286618604134935,46.178021726428014],[6.1286624705915074,46.178021612058679],[6.1286630635302144,46.178021460602032],[6.1286636366184704,46.178021272927424],[6.1286641820224803,46.178021051642837],[6.1286646984258857,46.178020797632797],[6.1286651792898246,46.178020513520266],[6.1286656232761123,46.178020201089161],[6.1286660264354733,46.178019862992599],[6.1286663848402654,46.178019500984348],[6.1286666958142861,46.178019118632079],[6.128666957997849,46.178018718619001],[6.1286671687146637,46.17801830451279],[6.1286673253102988,46.178017878981677],[6.128667427698109,46.178017445623439],[6.1286674744966847,46.178017008020639],[6.1286674669358776,46.178016568886768],[6.1286726463634285,46.177916870226703],[6.1286738742393609,46.177893355938963],[6.1286789675428874,46.177795781334119],[6.1286882800992464,46.17761735520596],[6.1286893746059441,46.17758458521395],[6.1286809124329666,46.177584359159205],[6.1286871799970513,46.177575734714779],[6.1286896750301505,46.177525835703165],[6.1286914196584998,46.177523357545283],[6.1286933292816013,46.177520642887579],[6.1287025474046652,46.177507542598264],[6.1287247377694936,46.177080312555034],[6.1287191624669122,46.17705910520511],[6.1287174228672017,46.177059061605839],[6.1287333904078327,46.176753137525743],[6.128736182878038,46.176699648631484],[6.1287361839822125,46.176699602760401],[6.1287413495535636,46.176699737437808],[6.1287473128567918,46.176590329498445],[6.1287473435919235,46.176589429271303],[6.1287473949997571,46.176588531083645],[6.128747455470906,46.176587633001262],[6.1287475315223556,46.176586733300496],[6.1287476191832253,46.176585835533942],[6.1287477262221399,46.176584939791859],[6.1287478410512373,46.176584043240574],[6.1287479713956987,46.176583147769222],[6.1287481133279185,46.1765822551315],[6.1287482695674163,46.176581359960934],[6.1287484399842462,46.176580467654126],[6.1287486207157365,46.176579577266438],[6.1287488170276179,46.176578685260402],[6.1287490287249149,46.176577799730914],[6.1287492481907062,46.176576914291594],[6.1287494870345149,46.176576030876802],[6.1287497349415645,46.176575147567227],[6.12874999314168,46.176574267076319],[6.128750277193534,46.17657338868505],[6.1287505702653835,46.1765725121979],[6.1287508685161525,46.176571635770983],[6.1287511860799935,46.17657076406676],[6.1287515139585755,46.176569894281741],[6.1287518547845767,46.176569024647122],[6.1287522136289372,46.176568159720219],[6.1287525776089211,46.17656729665233],[6.1287529583557587,46.176566436478289],[6.1287533519635025,46.176565580052369],[6.1287537584754705,46.176564725575695],[6.1287541778699959,46.176563873947693],[6.1287546114201641,46.176563026082896],[6.1287550539686242,46.176562181021652],[6.1287555106727671,46.176561339723577],[6.1287559802594318,46.176560501274245],[6.1287564652965356,46.176559666603104],[6.1287569554043673,46.176558836489235],[6.128757466163278,46.176558009314348],[6.1287579871935671,46.176557185857497],[6.1287585198333172,46.176556364334836],[6.1287590640175802,46.176555547444728],[6.1287596197030325,46.17655473698597],[6.1287601883359777,46.176553926677656],[6.1287607710163208,46.176553124629642],[6.1287613639464302,46.176552327199111],[6.1287619685293011,46.176551529903975],[6.1287625884976,46.1765507390853],[6.1287632161261314,46.176549952854025],[6.1287638566805498,46.176549167672597],[6.1287645086495459,46.17654839252026],[6.1287651787233735,46.176547618477905],[6.1287658512135401,46.176546851661108],[6.1287665352698166,46.176546088577425],[6.1287672360063103,46.176545331985224],[6.128767944403049,46.176544579980458],[6.1287686682501805,46.176543831753889],[6.1287693996926222,46.176543090812977],[6.1287701414064308,46.176542353590172],[6.1287708946213746,46.176541622798723],[6.1287716632218769,46.176540898483779],[6.1287724407773121,46.176540178771255],[6.1287732260146806,46.176539462746696],[6.128774026572505,46.176538755896971],[6.1287748335608061,46.176538050921273],[6.128775651920348,46.176537357773569],[6.1287764832057849,46.176536665675684],[6.1287773220648347,46.176535981762882],[6.12877817117365,46.176535302467649],[6.1287790317836439,46.176534629603708],[6.1287799038948005,46.17653396317121],[6.1287807822849123,46.17653330490878],[6.1287816721545134,46.176532653977155],[6.1287825710224189,46.176532005849076],[6.1287834852541447,46.176531365096963],[6.1287844018587947,46.176530733369262],[6.1287853274617996,46.176530104445106],[6.1287862657741208,46.176529485565091],[6.1287872117250268,46.176528872171886],[6.1287881691771089,46.176528265210081],[6.1287891355409121,46.176527664649576],[6.1287901094567543,46.176527073173659],[6.1287910948953845,46.176526487229651],[6.1287920878859667,46.176525910370231],[6.1287930846309306,46.176525338952466],[6.1287940941502184,46.176524774880576],[6.1287951112431074,46.176524218993819],[6.12879613724773,46.176523669508342],[6.1287971695095447,46.176523129092395],[6.1287982107046881,46.176522594178323],[6.12879926076827,46.17652206746439],[6.1288003196785867,46.176521549850065],[6.1288013848461427,46.176521041305278],[6.1288024589903332,46.17652053646345],[6.1288035420028937,46.176520039821789],[6.1288046299347139,46.176519554033483],[6.1288057242103342,46.176519073716968],[6.1288068272677432,46.176518605198318],[6.128807935417556,46.176518140337556],[6.1288090497813226,46.176517686345164],[6.1288101731216704,46.176517236055815],[6.1288113065602641,46.17651679667992],[6.1288124410771374,46.176516366313408],[6.1288135857571326,46.176515944162063],[6.1288147354212557,46.176515530165773],[6.128815890069486,46.176515124324553],[6.1288170497452485,46.176514724839492],[6.1288182182243949,46.176514336252872],[6.1288193903929793,46.176513955806271],[6.1288205701135121,46.176513584444209],[6.1288217547749806,46.176513223036075],[6.1288229418526452,46.176512868853457],[6.1288241378203967,46.17651252197156],[6.1288253374559218,46.176512184129102],[6.1288265394860693,46.176511854411586],[6.1288277503196804,46.17651153559256],[6.1288289674755063,46.176511223144729],[6.1288301869826833,46.176510920620728],[6.1288314088628013,46.176510627121139],[6.128832638316605,46.176510341806654],[6.1288338726680198,46.176510068244923],[6.128835105508105,46.176509803662491],[6.1288363446704572,46.17650954545126],[6.1288375900900256,46.176509296309561],[6.1288388391990045,46.176509055307861],[6.1288400893645623,46.176508824214906],[6.1288413431329589,46.176508604859713],[6.128842599360965,46.176508390931204],[6.128843861802916,46.17650818787105],[6.1288451240500486,46.176507992905734],[6.1288463925110852,46.176507808808857],[6.1288476633235396,46.176507634635755],[6.1288489404365194,46.176507467733344],[6.1288502082047671,46.176507312418259],[6.1288514875175935,46.176507161735707],[6.1288527626430769,46.176507023600031],[6.1288540479317044,46.176506893679552],[6.1288553290762744,46.176506774507182],[6.1288566126588435,46.176506661660866],[6.128857897168098,46.17650656411994],[6.128859184180274,46.176506470206846],[6.1288604760900487,46.176506388046477],[6.1288617664669083,46.176506315764833],[6.1288630579653081,46.176506250693699],[6.1288643466577089,46.176506194586743],[6.1288656428589041,46.176506149363256],[6.1288669375271576,46.176506114018451],[6.1288684392689561,46.176506084677548],[6.1289442613364136,46.176507873103489],[6.1289612384173688,46.176508272707792],[6.1290257917016815,46.17650979254951],[6.1290270878555093,46.176509803104082],[6.1290283812033879,46.176509822622805],[6.1290296769459429,46.176509850266534],[6.1290309699042096,46.176509885975058],[6.1290322626027383,46.176509932476812],[6.1290335538550131,46.176509985259486],[6.1290348462071913,46.176510046152103],[6.129036138299643,46.176510117837928],[6.1290374289458134,46.176510195804717],[6.1290387142182325,46.176510281806195],[6.1290400018203508,46.176510378630987],[6.1290412905657261,46.176510481766805],[6.12904257514547,46.176510596550152],[6.1290438570058754,46.176510716699966],[6.1290451386714491,46.176510844944687],[6.1290464200989083,46.176510983083169],[6.1290476974906696,46.176511127472565],[6.1290489720331216,46.176511282625057],[6.1290502477188404,46.176511444088611],[6.1290515180091427,46.176511614486316],[6.1290527867665689,46.176511794762717],[6.1290540515098968,46.176511980390636],[6.129055314720385,46.176512175897273],[6.1290565764629736,46.176512378584292],[6.1290578341048771,46.176512590220511],[6.1290590902572077,46.176512809936625],[6.1290603448983587,46.176513038631967],[6.1290615941657318,46.176513275362076],[6.1290628393540345,46.176513520141974],[6.1290640778737711,46.176513772941519],[6.1290653201262932,46.17651403208226],[6.1290665569184375,46.176514302855431],[6.1290677858121798,46.176514578934977],[6.1290690158059293,46.176514863124439],[6.1290702391095024,46.17651515623308],[6.1290714557444588,46.176515457361361],[6.1290726761122531,46.176515764830803],[6.129073891062915,46.176516082133844],[6.1290750980718931,46.176516406542113],[6.1290762997071395,46.176516738985136],[6.1290774998528352,46.176517079507974],[6.1290786946680109,46.176517426266734],[6.1290798840444847,46.176517783758491],[6.1290810694501223,46.176518144802905],[6.1290822481006355,46.176518517464764],[6.1290834175580233,46.176518895417907],[6.1290845881586922,46.17651927968214],[6.1290857506878549,46.176519676448173],[6.1290869118140483,46.176520077696338],[6.1290880649769557,46.176520486949194],[6.129089210176577,46.17652090420669],[6.1290903526352247,46.176521327730164],[6.1290914909931624,46.176521760202853],[6.1290926201363432,46.17652219886628],[6.1290937439057425,46.176522645564447],[6.1290948636393949,46.176523098513556],[6.1290959741149909,46.176523559452299],[6.1290970818063499,46.176524028455816],[6.1290981777799747,46.176524500022367],[6.1290992695230999,46.17652498593467],[6.1291003586118089,46.176525474515188],[6.1291014384424853,46.176525971085375],[6.129102507720332,46.176526475630162],[6.1291035755520005,46.176526986455919],[6.1291046341688702,46.176527503472478],[6.1291056848657668,46.176528026694797],[6.1291067314619418,46.176528558866373],[6.1291077700948708,46.176529099042583],[6.1291088008727455,46.176529642726344],[6.1291098211410766,46.176530192585808],[6.1291108398982672,46.176530751424565],[6.1291118455564231,46.176531316408969],[6.129112847200517,46.176531886744883],[6.1291138421544362,46.176532465999934],[6.1291148227578667,46.176533049586766],[6.129115797987545,46.176533641208302],[6.1291167666568676,46.176534236352431],[6.1291177286360243,46.176534840415691],[6.1291186788109808,46.176535450639641],[6.1291196236986902,46.176536065300603],[6.1291205618745872,46.176536689780136],[6.1291214871030029,46.176537314109332],[6.1291224068926784,46.176537949171575],[6.1291233175109063,46.176538588625725],[6.1291242175980027,46.176539235155033],[6.1291251097867114,46.176539886990732],[6.1291259992561429,46.176540544192903],[6.1291268691960523,46.176541205666801],[6.1291277363300374,46.176541876104871],[6.1291285917246912,46.176542550005387],[6.1291294417888773,46.176543230141768],[6.1291302774593159,46.176543916408768],[6.1291311052530659,46.176544607082732],[6.1291319238536799,46.176545303048066],[6.1291327371454107,46.176546004349781],[6.1291335373598539,46.17654671089781],[6.1291343283594868,46.176547423636606],[6.1291351101877209,46.176548140767267],[6.1291358828444569,46.176548862289856],[6.1291366463080932,46.176549589103836],[6.1291373979458283,46.176550322977867],[6.129138140477024,46.176551058545598],[6.1291388737934742,46.176551800304104],[6.1291395940109092,46.176552548208214],[6.1291403064166046,46.17655329782103],[6.1291410083127538,46.176554053609586],[6.129141702332265,46.176554813805076],[6.1291423832743366,46.176555579246816],[6.1291430551964794,46.176556342784437],[6.1291437151412369,46.176557119678229],[6.1291443659794433,46.176557898265614],[6.129145003783572,46.176558680300424],[6.129145633754284,46.176559464943253],[6.1291462505826848,46.176560257530703],[6.1291468556934046,46.176561052681087],[6.1291474542438058,46.176561851354009],[6.1291480410548882,46.17656265348937],[6.1291485698008152,46.176563392872218],[6.129151502532685,46.176575962231468],[6.1291456330274947,46.176700450882407],[6.1291495095097641,46.1767007118221],[6.1291641876615834,46.176701709979689],[6.1291559725010165,46.176860329712468],[6.1291386345159413,46.177191062905727],[6.1291193739666667,46.17756013092729],[6.1290996519137257,46.17793959305034],[6.1290994402168471,46.177940478580595],[6.1290990066610949,46.17794132644682],[6.1290983675198216,46.177942106248651],[6.1290975363036075,46.177942794751225],[6.1290965485128117,46.177943369874683],[6.1290954226207264,46.177943817438603],[6.1290942056942184,46.177944119096118],[6.1290929290245044,46.177944266213828],[6.1290916393320636,46.177944254835765],[6.129090532710034,46.177944116928835],[6.1290166471477665,46.177942342116985],[6.1290040003687576,46.17819514964701],[6.1290029697477859,46.178290388179519],[6.1290013527873279,46.178439533499628],[6.128986624432252,46.178737439642646],[6.1289791087293795,46.178889349569012],[6.1289543526907675,46.178887204214391],[6.1289541872585431,46.178887189697527],[6.1289396714495119,46.178885933395925],[6.128933981019463,46.17899525635822],[6.128924224171068,46.179182909917344],[6.1288214880846743,46.179180493134545],[6.1288044920877125,46.179180091499852],[6.1286865844965543,46.17917729054976],[6.1287001164472477,46.178917428079842],[6.128711830645365,46.178690406379197],[6.1287152849500712,46.178621911229115],[6.1287153429381203,46.178620793594689],[6.1287356777389794,46.178217881130962],[6.1287361674997838,46.178210717233448],[6.1287361754460239,46.178210656147222],[6.1287456225899666,46.178024804678643],[6.1287456269549141,46.178024730955208],[6.1287457973773867,46.178021363616075],[6.1287345242369957,46.178021424302727],[6.1286612381753764,46.178021803770129]]]},"properties":{"OBJECTID":2,"ID_Parking_Fondation":"F1100","Polygon_ID":2,"Code_Tarif":"221","Nom_Parking":"P+R Bachet-Praille (voitures)","Type_Vehicule":"auto","Adresse_Rue":"Route des Jeunes","Adresse_No":"91","Adresse_NPA":1227,"Adresse_Localite":"Carouge","Type_Parking":"NC","Capacite":197,"Statut":"Ouvert","Group_Sector_ID":142,"Group_Service_ID":32,"GlobalID":"{94789B64-A636-444C-816C-B281957BD5B0}","Shape__Area":8031.5900629286925,"Shape__Length":655.59251552590297}},{"type":"Feature","id":9,"geometry":{"type":"Polygon","coordinates":[[[6.083723179776066,46.178700887660298],[6.0820932061277881,46.179027529731897],[6.0819286440678546,46.178927356615056],[6.0820752613638085,46.178372692141402],[6.0829689146931232,46.178436998238979],[6.0837847866633448,46.178481604183006],[6.083723179776066,46.178700887660298]]]},"properties":{"OBJECTID":9,"ID_Parking_Fondation":"F1010","Polygon_ID":6,"Code_Tarif":"226","Nom_Parking":"Parking P+R Bernex","Type_Vehicule":"auto","Adresse_Rue":"Rue de Bernex","Adresse_No":"190","Adresse_NPA":1233,"Adresse_Localite":"Bernex","Type_Parking":"NC","Capacite":339,"Statut":"Ouvert","Group_Sector_ID":148,"Group_Service_ID":32,"GlobalID":"{E2F855BA-1EB7-4922-9F88-64F380B775AF}","Shape__Area":6645.0236312495617,"Shape__Length":368.00048976933135}},{"type":"Feature","id":10,"geometry":{"type":"Polygon","coordinates":[[[6.0837651860583977,46.1786792562811],[6.0838281938577463,46.178488387538323],[6.0838949377659661,46.178491569947745],[6.083833671534788,46.178681269353049],[6.0837651860583977,46.1786792562811]]]},"properties":{"OBJECTID":10,"ID_Parking_Fondation":"F1010","Polygon_ID":7,"Code_Tarif":"353","Nom_Parking":"Parking P+R Bernex","Type_Vehicule":"moto","Adresse_Rue":"Rue de Bernex","Adresse_No":"190","Adresse_NPA":1233,"Adresse_Localite":"Bernex","Type_Parking":"NC","Capacite":26,"Statut":"Ouvert","Group_Sector_ID":377,"Group_Service_ID":32,"GlobalID":"{7E9DE63C-EA94-4BAE-A066-761B596A1533}","Shape__Area":111.83174835500591,"Shape__Length":53.840415749162545}},{"type":"Feature","id":11,"geometry":{"type":"Polygon","coordinates":[[[6.1481259267608177,46.249734554961265],[6.1476959619754048,46.249725397269714],[6.1477054752869353,46.249578171995999],[6.1473650064278598,46.249570356445993],[6.1473712982002615,46.249213040640051],[6.1481376264359682,46.249204231499299],[6.1481259267608177,46.249734554961265]]]},"properties":{"OBJECTID":11,"ID_Parking_Fondation":"F1090","Polygon_ID":8,"Code_Tarif":"227","Nom_Parking":"P+R Tuileries","Type_Vehicule":"auto","Adresse_Rue":"Route des Romelles","Adresse_No":"5","Adresse_NPA":1293,"Adresse_Localite":"Bellevue","Type_Parking":"NC","Capacite":52,"Statut":"Ouvert","Group_Sector_ID":150,"Group_Service_ID":32,"GlobalID":"{38AAD649-4888-4B05-A669-428198E505E4}","Shape__Area":2969.1017443467149,"Shape__Length":233.62161171268093}},{"type":"Feature","id":12,"geometry":{"type":"Polygon","coordinates":[[[6.1473507716200739,46.24972473327739],[6.1473576167944604,46.249580189157733],[6.1476855572225375,46.249590337426469],[6.1476817611560328,46.249728085115613],[6.1473507716200739,46.24972473327739]]]},"properties":{"OBJECTID":12,"ID_Parking_Fondation":"F1090","Polygon_ID":9,"Code_Tarif":"354","Nom_Parking":"P+R Tuileries (motos)","Type_Vehicule":"moto","Adresse_Rue":"Route des Romelles","Adresse_No":"5","Adresse_NPA":1293,"Adresse_Localite":"Bellevue","Type_Parking":"NC","Capacite":2,"Statut":"Ouvert","Group_Sector_ID":378,"Group_Service_ID":32,"GlobalID":"{E109A0EF-B939-4F5B-9D86-E3C61D238BB8}","Shape__Area":398.9802017322109,"Shape__Length":82.237341699854653}},{"type":"Feature","id":13,"geometry":{"type":"Polygon","coordinates":[[[6.1577899575780002,46.181420031753277],[6.1576232080728976,46.181224729220084],[6.1586704249110111,46.180775416487116],[6.1590329280514622,46.181208003273994],[6.1587419967225729,46.181192799954673],[6.158376861679292,46.18123626368412],[6.1580881836235619,46.181307373382104],[6.1577899575780002,46.181420031753277]]]},"properties":{"OBJECTID":13,"ID_Parking_Fondation":"F1020","Polygon_ID":10,"Code_Tarif":"228","Nom_Parking":"Parking P+R Bout du monde","Type_Vehicule":"auto","Adresse_Rue":"Rte de Vessy","Adresse_No":"6","Adresse_NPA":1206,"Adresse_Localite":"Genève","Type_Parking":"NC","Capacite":74,"Statut":"Ouvert","Group_Sector_ID":152,"Group_Service_ID":32,"GlobalID":"{19F28D85-33FB-4B7A-9FA6-2AC6061F40BB}","Shape__Area":3264.0779611160369,"Shape__Length":276.9291100867141}},{"type":"Feature","id":14,"geometry":{"type":"Polygon","coordinates":[[[6.1751140793344037,46.206920068948293],[6.1756503894419579,46.206266703132634],[6.1759334933478467,46.205886627521011],[6.1760757376605051,46.205814426996596],[6.1761398674092369,46.205857991733005],[6.1752771688353816,46.206983785820732],[6.1751140793344037,46.206920068948293]]]},"properties":{"OBJECTID":14,"ID_Parking_Fondation":"F1040","Polygon_ID":11,"Code_Tarif":"229","Nom_Parking":"Parking P+R Frontenex","Type_Vehicule":"auto","Adresse_Rue":"Plateau de Frontenex","Adresse_No":"8","Adresse_NPA":1223,"Adresse_Localite":"Cologny","Type_Parking":"NC","Capacite":27,"Statut":"Ouvert","Group_Sector_ID":154,"Group_Service_ID":32,"GlobalID":"{6A2200AC-0151-4301-9FA3-7623E872A5EA}","Shape__Area":1803.2871749649805,"Shape__Length":307.89379330063235}},{"type":"Feature","id":25,"geometry":{"type":"Polygon","coordinates":[[[6.1316251093998462,46.169738218332867],[6.1322223323096461,46.170266765431009],[6.1324678677934861,46.170457662812382],[6.1331930681885911,46.170935003399237],[6.1337262852217913,46.171274434499821],[6.1344556200918152,46.171866074347264],[6.1343017077841511,46.171997597383871],[6.1335212211027192,46.171395842229202],[6.1330154632070677,46.171054348456522],[6.132421909136859,46.170659465615728],[6.1322499586252022,46.170543213681476],[6.1316483120925129,46.170057777802654],[6.131404329991371,46.169875237564646],[6.1316251093998462,46.169738218332867]]]},"properties":{"OBJECTID":25,"ID_Parking_Fondation":"F1140","Polygon_ID":15,"Code_Tarif":"328","Nom_Parking":"La Chapelle","Type_Vehicule":"auto","Adresse_Rue":"Chemin de Compostelle","Adresse_No":"","Adresse_NPA":1212,"Adresse_Localite":"Lancy","Type_Parking":"NC","Capacite":96,"Statut":"Ouvert","Group_Sector_ID":235,"Group_Service_ID":32,"GlobalID":"{4C4A265A-9A98-493D-9F4D-D3160BE01188}","Shape__Area":6343.1195528690887,"Shape__Length":689.88752601317731}},{"type":"Feature","id":26,"geometry":{"type":"Polygon","coordinates":[[[6.1512930434402868,46.201077672907225],[6.1511725267492627,46.201133368912345],[6.1510523981223155,46.201190012086968],[6.1509717567825408,46.201211191462541],[6.1508026115386913,46.20129766253892],[6.1507405833964475,46.201247122894223],[6.1509313351457946,46.201142061005307],[6.1509433121359178,46.20116429838653],[6.1510566618362157,46.201102014329209],[6.1512153063960646,46.201016667313745],[6.1512930434402868,46.201077672907225]]]},"properties":{"OBJECTID":26,"ID_Parking_Fondation":"A6110","Polygon_ID":17,"Code_Tarif":"406","Nom_Parking":"Collège Calvin","Type_Vehicule":"auto","Adresse_Rue":"Rue de la Vallée","Adresse_No":"3","Adresse_NPA":1204,"Adresse_Localite":"Genève","Type_Parking":"extérieur","Capacite":11,"Statut":"Ouvert","Group_Sector_ID":381,"Group_Service_ID":32,"GlobalID":"{05E0A62B-5DCD-4CD2-B334-78DC1A23D42E}","Shape__Area":352.85023322176067,"Shape__Length":109.76965239861049}},{"type":"Feature","id":27,"geometry":{"type":"Polygon","coordinates":[[[6.1528043287841818,46.202701615273313],[6.1527775886144047,46.202619136328934],[6.1527070790590317,46.202459320327129],[6.1527442093058804,46.202449071521457],[6.1527152013822324,46.202354116026058],[6.1526566191072654,46.202361629981553],[6.1526093004629141,46.202239430318883],[6.1525805199451931,46.2021565726915],[6.1526712136464807,46.202176739126493],[6.152746962097293,46.202191884963497],[6.1528152120106956,46.202176238270582],[6.1528387933333182,46.202262323113565],[6.1528868460156332,46.202288483784542],[6.1530030122210873,46.202272376308905],[6.1530203577498837,46.202318819377076],[6.1530705577493414,46.202427533981535],[6.1530928992154745,46.202479369974554],[6.1531398934311321,46.202572039991352],[6.1531558625585756,46.202611708049965],[6.1531344736432976,46.202636558242759],[6.1530301097618523,46.20265714941241],[6.1529257457801618,46.202677741385074],[6.1528043287841818,46.202701615273313]]]},"properties":{"OBJECTID":27,"ID_Parking_Fondation":"A6120","Polygon_ID":18,"Code_Tarif":"357","Nom_Parking":"ECG Ella-Maillart","Type_Vehicule":"auto","Adresse_Rue":"Rue d'Italie","Adresse_No":"5","Adresse_NPA":1204,"Adresse_Localite":"Genève","Type_Parking":"extérieur","Capacite":22,"Statut":"Ouvert","Group_Sector_ID":383,"Group_Service_ID":32,"GlobalID":"{786963FB-80F1-488E-9153-E43BBF6ADCFC}","Shape__Area":1414.3732853342019,"Shape__Length":181.82282658363138}},{"type":"Feature","id":28,"geometry":{"type":"Polygon","coordinates":[[[6.1405174702211589,46.208736193046846],[6.1406171601248358,46.208696634628701],[6.140740382889188,46.208662346364868],[6.1409177816873521,46.208642249206591],[6.1409477054447068,46.208638308171906],[6.1409665447330202,46.208667804146891],[6.1406468118976205,46.208833374088172],[6.1405174702211589,46.208736193046846]]]},"properties":{"OBJECTID":28,"ID_Parking_Fondation":"A6130","Polygon_ID":19,"Code_Tarif":"358","Nom_Parking":"HEAD James-Fazy 15","Type_Vehicule":"auto","Adresse_Rue":"Bld James-Fazy","Adresse_No":"15","Adresse_NPA":1201,"Adresse_Localite":"Genève","Type_Parking":"extérieur","Capacite":13,"Statut":"Ouvert","Group_Sector_ID":384,"Group_Service_ID":32,"GlobalID":"{A45C2B28-0AB0-4FA0-A5AE-201800CCF8B3}","Shape__Area":336.02632342863944,"Shape__Length":84.411270877123087}},{"type":"Feature","id":33,"geometry":{"type":"Polygon","coordinates":[[[6.1519136590117904,46.192436519676633],[6.1517953617594685,46.192161918191111],[6.152274976414696,46.192055412768944],[6.1523923549312833,46.192340033789122],[6.1519136590117904,46.192436519676633]]]},"properties":{"OBJECTID":33,"ID_Parking_Fondation":"B3140","Polygon_ID":21,"Code_Tarif":"233","Nom_Parking":"HEdS Thury 4 intérieur","Type_Vehicule":"auto","Adresse_Rue":"Av. Champel 47, ch. Thury 4","Adresse_No":"","Adresse_NPA":1206,"Adresse_Localite":"Genève","Type_Parking":"intérieur","Capacite":39,"Statut":"Ouvert","Group_Sector_ID":388,"Group_Service_ID":32,"GlobalID":"{4011F4AB-7746-4CA5-B09C-8556F5FD334F}","Shape__Area":1252.4600181917206,"Shape__Length":142.13048863531347}},{"type":"Feature","id":35,"geometry":{"type":"Polygon","coordinates":[[[6.1460440356640795,46.21761815071352],[6.1460192518433141,46.217434574407179],[6.1462910694777744,46.217252015471523],[6.1465520431158591,46.217237150504168],[6.1466827175955627,46.217582616972869],[6.1460440356640795,46.21761815071352]]]},"properties":{"OBJECTID":35,"ID_Parking_Fondation":"B6140","Polygon_ID":23,"Code_Tarif":"238","Nom_Parking":"CO de Sécheron","Type_Vehicule":"auto","Adresse_Rue":"Av. Blanc","Adresse_No":"1","Adresse_NPA":1202,"Adresse_Localite":"Genève","Type_Parking":"extérieur","Capacite":55,"Statut":"Ouvert","Group_Sector_ID":102,"Group_Service_ID":32,"GlobalID":"{A393DD2C-375B-45B8-B822-23962F3AC6F6}","Shape__Area":1593.7867575181713,"Shape__Length":159.0368379458904}},{"type":"Feature","id":39,"geometry":{"type":"Polygon","coordinates":[[[6.1172250582808436,46.213590140434832],[6.1170732168786186,46.213589912419032],[6.1170904155021235,46.213111881722334],[6.117190930353253,46.213110733151495],[6.1171864542121455,46.213034350264955],[6.1173529423949207,46.213034212534168],[6.1173563138349341,46.213104918937702],[6.1175129435805085,46.213099182834185],[6.117468276258589,46.213597638767403],[6.1173719404542757,46.213594932779216],[6.1173676785281499,46.213694123011358],[6.1172359294987011,46.213694130473705],[6.1172250582808436,46.213590140434832]]]},"properties":{"OBJECTID":39,"ID_Parking_Fondation":"C3140","Polygon_ID":27,"Code_Tarif":"365","Nom_Parking":"ECG Henry-Dunant","Type_Vehicule":"auto","Adresse_Rue":"Av. Edmond-Vaucher","Adresse_No":"20","Adresse_NPA":1203,"Adresse_Localite":"Genève","Type_Parking":"intérieur","Capacite":61,"Statut":"Ouvert","Group_Sector_ID":112,"Group_Service_ID":32,"GlobalID":"{F63E7985-359B-49E5-8A02-248A02B83AA1}","Shape__Area":1929.8155159670723,"Shape__Length":209.69587931557371}},{"type":"Feature","id":46,"geometry":{"type":"Polygon","coordinates":[[[6.1678563141050473,46.193965823553455],[6.1680680435528608,46.193951270417401],[6.1685669413737276,46.194521504121589],[6.1688950373304996,46.194398159706786],[6.1691002203703222,46.194315777103895],[6.1694203828706264,46.194183872337732],[6.1693651318263134,46.194112673637328],[6.1692740940764441,46.194007194838584],[6.1692115710442037,46.193899214576419],[6.1694030136870639,46.19382739917716],[6.1695138200180448,46.193944690837661],[6.1696246281216105,46.194061982404605],[6.169735435428426,46.194179272949484],[6.1698462431917083,46.194296564285693],[6.1696379181575045,46.194380014088814],[6.1694295911683845,46.194463464392832],[6.1692212648568674,46.194546913428042],[6.1690129366114874,46.19463036206475],[6.1688046090016186,46.194713811231452],[6.1686335128915246,46.194782345098702],[6.1678563141050473,46.193965823553455]]]},"properties":{"OBJECTID":46,"ID_Parking_Fondation":"C6140","Polygon_ID":29,"Code_Tarif":"400","Nom_Parking":"CEC Emilie Gourd","Type_Vehicule":"auto","Adresse_Rue":"Rue Le-Corbusier","Adresse_No":"15","Adresse_NPA":1208,"Adresse_Localite":"Genève","Type_Parking":"extérieur","Capacite":59,"Statut":"Ouvert","Group_Sector_ID":397,"Group_Service_ID":32,"GlobalID":"{5A28A408-2CB2-45D4-943D-E33AC4E20267}","Shape__Area":4643.8124792719545,"Shape__Length":498.09611150458301}},{"type":"Feature","id":48,"geometry":{"type":"Polygon","coordinates":[[[6.1477042774506021,46.187907527969855],[6.1478544780520981,46.188178173470334],[6.1477540625338261,46.188218677699183],[6.1475983409357378,46.187941064708575],[6.1477042774506021,46.187907527969855]]]},"properties":{"OBJECTID":48,"ID_Parking_Fondation":"C6220","Polygon_ID":31,"Code_Tarif":"367","Nom_Parking":"CO Aubepine","Type_Vehicule":"auto","Adresse_Rue":"Rue de l'Aubepine","Adresse_No":"21","Adresse_NPA":1205,"Adresse_Localite":"Genève","Type_Parking":"extérieur","Capacite":48,"Statut":"Ouvert","Group_Sector_ID":401,"Group_Service_ID":32,"GlobalID":"{4890D46A-11F0-47C7-9A6D-1B3D0805AAF3}","Shape__Area":291.35546730616915,"Shape__Length":83.318544768750698}},{"type":"Feature","id":49,"geometry":{"type":"Polygon","coordinates":[[[6.1273679500238751,46.225573560066664],[6.1278279001566514,46.225836055689449],[6.1276742972963323,46.225978440242429],[6.1272317026813941,46.225687459130526],[6.1273679500238751,46.225573560066664]]]},"properties":{"OBJECTID":49,"ID_Parking_Fondation":"C6230","Polygon_ID":32,"Code_Tarif":"368","Nom_Parking":"CO Budé","Type_Vehicule":"auto","Adresse_Rue":"Ch. Briquet","Adresse_No":"4","Adresse_NPA":1209,"Adresse_Localite":"Genève","Type_Parking":"extérieur","Capacite":43,"Statut":"Ouvert","Group_Sector_ID":403,"Group_Service_ID":32,"GlobalID":"{9FE2A5D1-D6BD-40BE-AF22-BBE849C4AC9F}","Shape__Area":839.96174957470453,"Shape__Length":129.21006669445958}},{"type":"Feature","id":50,"geometry":{"type":"Polygon","coordinates":[[[6.1212859140181761,46.205714404436414],[6.1213947493554901,46.205160782182197],[6.1215780945891858,46.205178156991202],[6.1214692610817645,46.205731779422315],[6.1212859140181761,46.205714404436414]]]},"properties":{"OBJECTID":50,"ID_Parking_Fondation":"C6240","Polygon_ID":33,"Code_Tarif":"369","Nom_Parking":"CO Cayla","Type_Vehicule":"auto","Adresse_Rue":"Ch. William-Lescaze","Adresse_No":"8","Adresse_NPA":1203,"Adresse_Localite":"Genève","Type_Parking":"extérieur","Capacite":24,"Statut":"Ouvert","Group_Sector_ID":406,"Group_Service_ID":32,"GlobalID":"{10244EBD-8025-4F08-B66A-EA99C1F68D24}","Shape__Area":887.14333476660761,"Shape__Length":152.79346989089177}},{"type":"Feature","id":51,"geometry":{"type":"Polygon","coordinates":[[[6.1155902563906306,46.219431503615191],[6.1156873956786493,46.219356857062671],[6.1166280585336699,46.219895148965144],[6.1166929147248021,46.219933235862726],[6.1170966038529313,46.220168285847095],[6.1169993957247657,46.220221308782179],[6.1163099627429469,46.219823788225696],[6.1155902563906306,46.219431503615191]]]},"properties":{"OBJECTID":51,"ID_Parking_Fondation":"C6250op","Polygon_ID":34,"Code_Tarif":"370","Nom_Parking":"CO des Coudriers Public","Type_Vehicule":"auto","Adresse_Rue":"Av. de Joli-Mont","Adresse_No":"15a","Adresse_NPA":1209,"Adresse_Localite":"Genève","Type_Parking":"extérieur","Capacite":70,"Statut":"Ouvert","Group_Sector_ID":1648,"Group_Service_ID":32,"GlobalID":"{78DD18B3-62CA-4E94-9AC3-2BEFDCC2FEF3}","Shape__Area":1391.5222042784051,"Shape__Length":301.7736928099277}},{"type":"Feature","id":52,"geometry":{"type":"Polygon","coordinates":[[[6.1690942620090219,46.191534822789123],[6.1693522138891259,46.19141805252606],[6.1696852267885287,46.191703949982745],[6.1694394345308208,46.191853216538838],[6.1693599814365978,46.191749033215309],[6.1690942620090219,46.191534822789123]]]},"properties":{"OBJECTID":52,"ID_Parking_Fondation":"C6270","Polygon_ID":35,"Code_Tarif":"372","Nom_Parking":"CO Florence","Type_Vehicule":"auto","Adresse_Rue":"Ch. du Velours","Adresse_No":"16","Adresse_NPA":1231,"Adresse_Localite":"Conches","Type_Parking":"extérieur","Capacite":27,"Statut":"Ouvert","Group_Sector_ID":409,"Group_Service_ID":32,"GlobalID":"{0B75254C-9187-41C0-A0A2-1E34ECA8695F}","Shape__Area":994.47731159664465,"Shape__Length":134.3942849742991}},{"type":"Feature","id":53,"geometry":{"type":"Polygon","coordinates":[[[6.1336374008366219,46.176034330624482],[6.1346551178455639,46.175191339941051],[6.1348578054110119,46.175312703624506],[6.1342681499386389,46.175753403116374],[6.134189873565159,46.175731074384899],[6.133749284592418,46.176092281145472],[6.1336374008366219,46.176034330624482]]]},"properties":{"OBJECTID":53,"ID_Parking_Fondation":"C6280","Polygon_ID":36,"Code_Tarif":"373","Nom_Parking":"CECG Madame de Staël","Type_Vehicule":"auto","Adresse_Rue":"Rte de Saint-Julien","Adresse_No":"25","Adresse_NPA":1227,"Adresse_Localite":"Carouge","Type_Parking":"extérieur","Capacite":76,"Statut":"Ouvert","Group_Sector_ID":411,"Group_Service_ID":32,"GlobalID":"{1825E974-F973-4863-9190-E43F50576AA6}","Shape__Area":1873.9153219350681,"Shape__Length":279.79911776216358}},{"type":"Feature","id":54,"geometry":{"type":"Polygon","coordinates":[[[6.1275387380710269,46.201156967132086],[6.1275653540265891,46.200992271348532],[6.1275919685259224,46.200827575545077],[6.1278453718362593,46.200831619483651],[6.128898890421846,46.200848424672785],[6.1289034849259627,46.20072918059585],[6.1292319731657798,46.200714647291164],[6.1296187470629109,46.201076000484235],[6.1290920260109205,46.201040297040031],[6.1290391329219531,46.200936115750139],[6.1289037539072018,46.200930401111926],[6.1288967440389772,46.201044540223101],[6.1284767280437382,46.201037296224989],[6.1284253343929667,46.20092508165898],[6.1283183651252084,46.200924195582928],[6.1282969836403982,46.201033432704278],[6.1279375220932017,46.201024522933089],[6.1279438781658984,46.200937599855905],[6.1277198402666464,46.200932629713009],[6.1277047445977173,46.201150506672064],[6.1275387380710269,46.201156967132086]]]},"properties":{"OBJECTID":54,"ID_Parking_Fondation":"C6340","Polygon_ID":37,"Code_Tarif":"375","Nom_Parking":"Jonction 8-10","Type_Vehicule":"auto","Adresse_Rue":"Av. de la Jonction","Adresse_No":"43746","Adresse_NPA":1205,"Adresse_Localite":"Genève","Type_Parking":"extérieur","Capacite":30,"Statut":"Ouvert","Group_Sector_ID":413,"Group_Service_ID":32,"GlobalID":"{3E1A74AD-06DF-492D-8544-59F6110793E4}","Shape__Area":3395.1709567219737,"Shape__Length":460.6285483309864}},{"type":"Feature","id":55,"geometry":{"type":"Polygon","coordinates":[[[6.1197970786656839,46.21077542734826],[6.1201422109899761,46.210710904491833],[6.1202120178004122,46.21071671881981],[6.1202045564943539,46.210812325130213],[6.1202137392571787,46.21090026984119],[6.119895526872325,46.21091511909097],[6.1198243836730484,46.210837161875375],[6.1197970786656839,46.21077542734826]]]},"properties":{"OBJECTID":55,"ID_Parking_Fondation":"C6370","Polygon_ID":38,"Code_Tarif":"249","Nom_Parking":"OCD-VIL Villars","Type_Vehicule":"auto","Adresse_Rue":"Rte des Franchises","Adresse_No":"11","Adresse_NPA":1203,"Adresse_Localite":"Genève","Type_Parking":"extérieur","Capacite":10,"Statut":"Ouvert","Group_Sector_ID":126,"Group_Service_ID":32,"GlobalID":"{91189B4C-FC33-423B-AADF-4AE29D28F798}","Shape__Area":555.1509159626454,"Shape__Length":95.508041041445239}},{"type":"Feature","id":60,"geometry":{"type":"Polygon","coordinates":[[[6.1774216298542903,46.19020776774245],[6.1774423165142371,46.190137693881795],[6.1774630043951833,46.190067620931558],[6.1774836909486437,46.189997547063882],[6.1775043774489502,46.189927473192704],[6.1773980507525161,46.189894506836801],[6.1774476676452048,46.189817736303574],[6.1774972831237456,46.189740964834918],[6.1775468997366865,46.189664194258761],[6.1775965149354679,46.189587422747195],[6.1776248006674273,46.18954029008566],[6.1776530863712305,46.189493156517784],[6.1776918413833073,46.189430714144805],[6.1777305950114894,46.189368271744279],[6.1777693498458479,46.189305829345187],[6.177808103296301,46.189243386918513],[6.1779151426051353,46.18927451382956],[6.1778905240356359,46.189316973248715],[6.1778528824988292,46.189376267571582],[6.177920464007447,46.189396550451193],[6.1778783611555967,46.189454946522176],[6.1778287157089879,46.189522313501989],[6.17777728355221,46.1895964530407],[6.1777277080177155,46.189667443755589],[6.177692059337577,46.189739552799843],[6.17764715494424,46.189808917808087],[6.1776240894955956,46.189841525095069],[6.1775599888007928,46.189825021812702],[6.1775202995026035,46.189883657967812],[6.1775952077370127,46.189908775944438],[6.177691702201936,46.189941133773807],[6.1777881980974927,46.189973490635765],[6.1777401452572871,46.190043659884942],[6.1776920909981623,46.190113829099467],[6.1776440379102988,46.190183998308292],[6.1775328339066045,46.190195883080115],[6.1774216298542903,46.19020776774245]]]},"properties":{"OBJECTID":60,"ID_Parking_Fondation":"D6110","Polygon_ID":40,"Code_Tarif":"402","Nom_Parking":"ESEDE-CFPS Bougeries 15","Type_Vehicule":"auto","Adresse_Rue":"Ch. des Bougeries","Adresse_No":"15","Adresse_NPA":1231,"Adresse_Localite":"Conches","Type_Parking":"extérieur","Capacite":26,"Statut":"Ouvert","Group_Sector_ID":414,"Group_Service_ID":32,"GlobalID":"{6D87FA1F-DA37-457C-9C17-7056196F2D8F}","Shape__Area":1557.8511822536332,"Shape__Length":280.03427146701188}},{"type":"Feature","id":61,"geometry":{"type":"Polygon","coordinates":[[[6.1747058492318914,46.188320100108122],[6.1748617254495457,46.188225168476642],[6.1750846166871867,46.188093177628815],[6.1752720434984028,46.187993370884627],[6.1753812234357701,46.188080705397091],[6.1748567351283432,46.188410332517591],[6.1747058492318914,46.188320100108122]]]},"properties":{"OBJECTID":61,"ID_Parking_Fondation":"D6120","Polygon_ID":41,"Code_Tarif":"377","Nom_Parking":"CMP les Pléiades","Type_Vehicule":"auto","Adresse_Rue":"Ch. J.-F. Dupuy","Adresse_No":"20","Adresse_NPA":1231,"Adresse_Localite":"Conches","Type_Parking":"extérieur","Capacite":30,"Statut":"Ouvert","Group_Sector_ID":415,"Group_Service_ID":32,"GlobalID":"{659829F6-A8E0-4552-A262-50B2F9816E89}","Shape__Area":804.62247287011905,"Shape__Length":139.69897168571876}},{"type":"Feature","id":62,"geometry":{"type":"Polygon","coordinates":[[[6.1073992011334193,46.194294611042309],[6.1075000506069559,46.194161743817077],[6.1076008982932288,46.194028876487465],[6.1077017467825234,46.193896009084121],[6.1078025934846067,46.193763141576326],[6.1079759453177287,46.193829625981564],[6.1081492962790227,46.193896110105499],[6.1081718758662396,46.194002701715796],[6.1080419293106196,46.194166871076845],[6.1079554464213679,46.194288286057223],[6.1078336297047437,46.194445186241175],[6.1075910286630046,46.194364535850276],[6.1073992011334193,46.194294611042309]]]},"properties":{"OBJECTID":62,"ID_Parking_Fondation":"D6140","Polygon_ID":42,"Code_Tarif":"378","Nom_Parking":"CO Grandes-Communes","Type_Vehicule":"auto","Adresse_Rue":"Ch. Gérard-De-Ternier","Adresse_No":"20","Adresse_NPA":1213,"Adresse_Localite":"Petit-Lancy","Type_Parking":"extérieur","Capacite":48,"Statut":"Ouvert","Group_Sector_ID":94,"Group_Service_ID":32,"GlobalID":"{A2FC8128-3236-4673-8D65-30A44636C02C}","Shape__Area":2449.0772354843862,"Shape__Length":202.52655852849711}},{"type":"Feature","id":63,"geometry":{"type":"Polygon","coordinates":[[[6.1816996244115474,46.203334537539618],[6.181649081807028,46.203266688575468],[6.1815985406238907,46.203198839603317],[6.181547998271343,46.203130990594339],[6.1815534532031204,46.203072970110362],[6.1815589081440176,46.20301494872686],[6.1814995095446097,46.202974296275137],[6.1815088983752915,46.202743495520394],[6.18158406503668,46.202738035348268],[6.1815949689697476,46.202516001721236],[6.1817953635675567,46.202515371631144],[6.1817925631814541,46.202672223176656],[6.1817828032615276,46.202773458411812],[6.1818891244280856,46.202775787228447],[6.1818950885741666,46.202970323958148],[6.1818946749921242,46.203059442122004],[6.1818942614295471,46.203148559386783],[6.181893847865644,46.203237676651987],[6.1817967368623084,46.203286107594451],[6.1816996244115474,46.203334537539618]]]},"properties":{"OBJECTID":63,"ID_Parking_Fondation":"D6150","Polygon_ID":43,"Code_Tarif":"379","Nom_Parking":"CO Gradelle","Type_Vehicule":"auto","Adresse_Rue":"Ch. du Pré-du-Couvent","Adresse_No":"5","Adresse_NPA":1224,"Adresse_Localite":"Chêne-Bougeries","Type_Parking":"extérieur","Capacite":62,"Statut":"Ouvert","Group_Sector_ID":92,"Group_Service_ID":32,"GlobalID":"{002BB165-81ED-42D6-9FDC-F14690CD5599}","Shape__Area":1996.5414091033172,"Shape__Length":223.24188700339076}},{"type":"Feature","id":64,"geometry":{"type":"Polygon","coordinates":[[[6.1845714907217317,46.189378253331874],[6.1840931135636543,46.189645487145675],[6.1838384007534426,46.189450830497357],[6.183803242444017,46.189489120864415],[6.1833907648867976,46.189169128549317],[6.1837109469213134,46.188983261343886],[6.1839433632592904,46.189172301916891],[6.1841258624018334,46.189061262629572],[6.1845714907217317,46.189378253331874]]]},"properties":{"OBJECTID":64,"ID_Parking_Fondation":"D6170","Polygon_ID":44,"Code_Tarif":"380","Nom_Parking":"Collège Claparède","Type_Vehicule":"auto","Adresse_Rue":"Ch. de Fossard","Adresse_No":"61","Adresse_NPA":1231,"Adresse_Localite":"Chêne-Bourg","Type_Parking":"extérieur","Capacite":71,"Statut":"Ouvert","Group_Sector_ID":98,"Group_Service_ID":32,"GlobalID":"{FE3E4F1E-54EA-43A6-8807-49B95C799DF5}","Shape__Area":3218.9508054415023,"Shape__Length":257.26387943327973}},{"type":"Feature","id":65,"geometry":{"type":"Polygon","coordinates":[[[6.2029238010995034,46.20546189896973],[6.2032765131865393,46.205142872074539],[6.2035729117997276,46.205300841812047],[6.2032201991312199,46.205619869621238],[6.2029238010995034,46.20546189896973]]]},"properties":{"OBJECTID":65,"ID_Parking_Fondation":"D6160","Polygon_ID":45,"Code_Tarif":"382","Nom_Parking":"Collège de Candolle","Type_Vehicule":"auto","Adresse_Rue":"Av. A.-M. Mirany","Adresse_No":"36","Adresse_NPA":1225,"Adresse_Localite":"Chêne-Bourg","Type_Parking":"extérieur","Capacite":43,"Statut":"Ouvert","Group_Sector_ID":416,"Group_Service_ID":32,"GlobalID":"{19C8B80D-8AFA-4A25-8ADB-F55DE9B1230E}","Shape__Area":1289.3948714448986,"Shape__Length":147.09724827219787}},{"type":"Feature","id":69,"geometry":{"type":"Polygon","coordinates":[[[6.1236097074596305,46.171850968099072],[6.1236034825397772,46.171849996714812],[6.1235878848412932,46.17191058494415],[6.1235371485089631,46.171902786728808],[6.1235746507628734,46.171759953739766],[6.1237654739986462,46.171783929019973],[6.1237426915110493,46.171832577432809],[6.1236173914922949,46.171814491806714],[6.1236097074596305,46.171850968099072]]]},"properties":{"OBJECTID":69,"ID_Parking_Fondation":"D6182pp","Polygon_ID":47,"Code_Tarif":"296","Nom_Parking":"Communes-Réunies 94 Privé","Type_Vehicule":"auto","Adresse_Rue":"Av. Comm. Réun.","Adresse_No":"94","Adresse_NPA":1212,"Adresse_Localite":"Grand-Lancy","Type_Parking":"extérieur","Capacite":15,"Statut":"privé","Group_Sector_ID":908,"Group_Service_ID":32,"GlobalID":"{0EB5D343-22FF-4389-BAD9-C4B5EDC330A2}","Shape__Area":124.88030731039002,"Shape__Length":62.133544644294489}},{"type":"Feature","id":70,"geometry":{"type":"MultiPolygon","coordinates":[[[[6.1863862168248858,46.199541458968085],[6.1864748948785238,46.199576006563667],[6.1865635717286427,46.19961055497474],[6.1866522500073238,46.19964510243112],[6.1867409271032061,46.199679649803514],[6.1867004104249563,46.19974204244302],[6.1866888806286999,46.199796187360768],[6.1866773495141807,46.19985033226304],[6.1865833622147361,46.199882614917911],[6.1864893760991366,46.199914897508968],[6.1863953885767309,46.19994718000747],[6.1863739020891613,46.199867912274733],[6.1863524169594646,46.199788644552576],[6.1863309305970082,46.199709376812308],[6.1864319524607918,46.199699072334468],[6.1864090845993873,46.199620266103153],[6.1863862168248858,46.199541458968085]]],[[[6.1854095119863226,46.199647728037526],[6.1854310272318402,46.199735524307101],[6.185452541230716,46.199823321458005],[6.1854740566150817,46.199911117720148],[6.1854955720688851,46.199998913978604],[6.1855170862760973,46.200086711118338],[6.1855386018687479,46.20017450736934],[6.1853335195733319,46.200196606751852],[6.1852987544047586,46.200023137461478],[6.1853744378815261,46.200013003145628],[6.1853487772427904,46.199852861137977],[6.1852661945034768,46.199859571091011],[6.1852273262133197,46.199700955705467],[6.1850319728236105,46.19970986452045],[6.1850043996568544,46.199593009722953],[6.185389600564438,46.199553982037465],[6.1854095119863226,46.199647728037526]]]]},"properties":{"OBJECTID":70,"ID_Parking_Fondation":"D6190","Polygon_ID":48,"Code_Tarif":"383","Nom_Parking":"ECG Jean Piaget","Type_Vehicule":"auto","Adresse_Rue":"Ch. de Grange-Falquet","Adresse_No":"17","Adresse_NPA":1224,"Adresse_Localite":"Chêne-Bougeries","Type_Parking":"extérieur","Capacite":61,"Statut":"Ouvert","Group_Sector_ID":106,"Group_Service_ID":32,"GlobalID":"{DA54FB88-2C4A-4D4F-8EFD-21EB7132538C}","Shape__Area":1969.7069264172619,"Shape__Length":340.02537463809301}},{"type":"Feature","id":77,"geometry":{"type":"Polygon","coordinates":[[[6.1146378187913202,46.191732859839227],[6.1147293750423843,46.191638437985844],[6.1147873280587168,46.191665541099859],[6.1146957718625927,46.191759963000415],[6.1146378187913202,46.191732859839227]]]},"properties":{"OBJECTID":77,"ID_Parking_Fondation":"D6220","Polygon_ID":50,"Code_Tarif":"385","Nom_Parking":"CFPT Louis-Bertrand 38 ext","Type_Vehicule":"auto","Adresse_Rue":"Av. Louis-Bertrand","Adresse_No":"38","Adresse_NPA":1213,"Adresse_Localite":"Petit-Lancy","Type_Parking":"extérieur","Capacite":5,"Statut":"Ouvert","Group_Sector_ID":417,"Group_Service_ID":32,"GlobalID":"{5F430C33-17E2-470B-9454-BBD3720BF549}","Shape__Area":68.25903235656412,"Shape__Length":36.097159393501649}},{"type":"Feature","id":78,"geometry":{"type":"Polygon","coordinates":[[[6.1047446994209658,46.226343541658821],[6.1048564329611281,46.226529342877058],[6.1048389481159191,46.226541293791001],[6.1043608138045968,46.226857882502863],[6.1041711598048289,46.226734721874948],[6.1047446994209658,46.226343541658821]]]},"properties":{"OBJECTID":78,"ID_Parking_Fondation":"D6240","Polygon_ID":51,"Code_Tarif":"298","Nom_Parking":"Centre sportif Cointrin","Type_Vehicule":"auto","Adresse_Rue":"Av. Louis-Casaï","Adresse_No":"81","Adresse_NPA":1216,"Adresse_Localite":"Meyrin","Type_Parking":"extérieur","Capacite":80,"Statut":"Ouvert","Group_Sector_ID":162,"Group_Service_ID":32,"GlobalID":"{DCA85F66-B36A-403F-A17B-928121FC35D2}","Shape__Area":1174.1579880382633,"Shape__Length":157.33939317204963}},{"type":"Feature","id":79,"geometry":{"type":"Polygon","coordinates":[[[6.165016995395983,46.181492859227141],[6.1633089666971461,46.179359759367472],[6.1634682260947597,46.179381866971731],[6.1649065466515651,46.181191809476829],[6.1650351268786681,46.181157427497801],[6.165250341515077,46.181406229163002],[6.165016995395983,46.181492859227141]]]},"properties":{"OBJECTID":79,"ID_Parking_Fondation":"E6520","Polygon_ID":52,"Code_Tarif":"408","Nom_Parking":"Beaux-Champs","Type_Vehicule":"auto","Adresse_Rue":"Ch. des Beaux-Champs","Adresse_No":"","Adresse_NPA":1234,"Adresse_Localite":"Veyrier","Type_Parking":"extérieur","Capacite":100,"Statut":"Ouvert","Group_Sector_ID":136,"Group_Service_ID":32,"GlobalID":"{11ED91FE-AA14-44E2-862C-476CE869ABE5}","Shape__Area":2808.2031220859008,"Shape__Length":577.03843409482488}},{"type":"Feature","id":80,"geometry":{"type":"Polygon","coordinates":[[[6.0780947428047325,46.214632247449515],[6.0776844855925809,46.214377353124313],[6.077726515359938,46.214342153750813],[6.0774447858975771,46.214162131014312],[6.077484327518226,46.214121278616169],[6.0772381014361825,46.213922063897492],[6.0771019470977734,46.213813300667567],[6.0770448491206164,46.213834035315898],[6.0765048458588407,46.213420461484844],[6.0766821765529491,46.213322623087173],[6.0771461216205527,46.213692430402787],[6.0775042355568667,46.21397526319965],[6.0782779300386016,46.214505911780634],[6.0780947428047325,46.214632247449515]]]},"properties":{"OBJECTID":80,"ID_Parking_Fondation":"E6130","Polygon_ID":53,"Code_Tarif":"243","Nom_Parking":"Jardins familiaux Champ Bossu","Type_Vehicule":"auto","Adresse_Rue":"Ch. de Mouille-Galand","Adresse_No":"11","Adresse_NPA":1214,"Adresse_Localite":"Vernier","Type_Parking":"extérieur","Capacite":60,"Statut":"Ouvert","Group_Sector_ID":140,"Group_Service_ID":32,"GlobalID":"{9FEC2F30-8A51-48FD-9484-246F3632C976}","Shape__Area":3010.3549457763929,"Shape__Length":412.52937325450807}},{"type":"Feature","id":81,"geometry":{"type":"Polygon","coordinates":[[[6.1996732439709037,46.248526747749047],[6.1996077037473487,46.248451760470623],[6.1995421624080409,46.24837677314013],[6.1994766225664151,46.248301784886564],[6.1993572808061499,46.248178590839309],[6.1994566751475881,46.248136797845483],[6.1995450716683251,46.248100444062473],[6.1996548114341072,46.24805677974701],[6.199773904502325,46.248004482116428],[6.2000269229873712,46.247902034775933],[6.2000503933968503,46.247926910919332],[6.2001270640292283,46.247920752473576],[6.2001855810433426,46.24799078168413],[6.2002475722707278,46.248064967674992],[6.2003095623502302,46.248139154517254],[6.2003715539158399,46.248213340440508],[6.2004911948747718,46.248349460488079],[6.2004089721809885,46.248366029607233],[6.2002868765726973,46.24838686756717],[6.2001555397225534,46.248411295396188],[6.2000348631005906,46.248437403646484],[6.1999143230974214,46.248467184837992],[6.1997937842381239,46.248496966814599],[6.1996732439709037,46.248526747749047]]]},"properties":{"OBJECTID":81,"ID_Parking_Fondation":"E6230","Polygon_ID":54,"Code_Tarif":"403","Nom_Parking":"CO Bois-Caran","Type_Vehicule":"auto","Adresse_Rue":"Rte d'Hermance","Adresse_No":"61","Adresse_NPA":1247,"Adresse_Localite":"Collonge-Bellerive","Type_Parking":"extérieur","Capacite":88,"Statut":"Ouvert","Group_Sector_ID":68,"Group_Service_ID":32,"GlobalID":"{06542712-54CF-4A65-BE30-97D1D6CE765B}","Shape__Area":3383.2688733836071,"Shape__Length":236.57302235620696}},{"type":"Feature","id":82,"geometry":{"type":"Polygon","coordinates":[[[6.211046729646502,46.196117789570259],[6.2108828028109837,46.195484146553405],[6.2111495505294432,46.195450867568915],[6.2113134803486432,46.196084511096501],[6.211046729646502,46.196117789570259]]]},"properties":{"OBJECTID":82,"ID_Parking_Fondation":"E6250","Polygon_ID":55,"Code_Tarif":"386","Nom_Parking":"CO Foron","Type_Vehicule":"auto","Adresse_Rue":"Ch. du Foron","Adresse_No":"43","Adresse_NPA":1226,"Adresse_Localite":"Thônex","Type_Parking":"extérieur","Capacite":41,"Statut":"Ouvert","Group_Sector_ID":422,"Group_Service_ID":32,"GlobalID":"{2CFDCE7D-BF99-44FB-B0FE-A82B16724DE0}","Shape__Area":1497.3149773347202,"Shape__Length":184.97772419668507}},{"type":"Feature","id":83,"geometry":{"type":"Polygon","coordinates":[[[6.0754057241981485,46.228955275450097],[6.0751519647632843,46.22902124429114],[6.0751731788729417,46.2290643486307],[6.0752769789218082,46.229117532925414],[6.0752233148347541,46.229185166388433],[6.0749906844500758,46.229024056328988],[6.0748765044650046,46.228858425423844],[6.0747905020431467,46.228663379159997],[6.0749612196863101,46.228626164540294],[6.0750335521626084,46.228750822343727],[6.0752700167972629,46.228690596391203],[6.0754057241981485,46.228955275450097]]]},"properties":{"OBJECTID":83,"ID_Parking_Fondation":"E6260","Polygon_ID":56,"Code_Tarif":"387","Nom_Parking":"CO Golette","Type_Vehicule":"auto","Adresse_Rue":"Rue de la Golette","Adresse_No":"17","Adresse_NPA":1217,"Adresse_Localite":"Meyrin","Type_Parking":"extérieur","Capacite":50,"Statut":"Ouvert","Group_Sector_ID":424,"Group_Service_ID":32,"GlobalID":"{776FD92C-0892-4D2E-AC2F-029C29AC1526}","Shape__Area":1416.0141590648811,"Shape__Length":192.35524193701008}},{"type":"Feature","id":84,"geometry":{"type":"Polygon","coordinates":[[[6.0958907572661971,46.183931377155794],[6.0958354847815004,46.184012606298388],[6.0957802121319808,46.18409383541433],[6.0957249393175896,46.184175064503599],[6.0956696676554216,46.184256292682186],[6.0956143945113128,46.184337521718106],[6.0955591212023057,46.184418750727353],[6.0955038477284775,46.184499979709912],[6.0953873370453371,46.184462409245903],[6.095270826500724,46.184424839561096],[6.0951543161389843,46.184387268856668],[6.0950871772834088,46.184365618727284],[6.0951177877462657,46.184327492771466],[6.0951333332070963,46.184300195076936],[6.0951551529010946,46.184270912725658],[6.0951731136416596,46.184240170088167],[6.0951998737255799,46.18420138645638],[6.0952391756243864,46.184137286441732],[6.0953477726948009,46.1841029683359],[6.0954563696283328,46.184068650125674],[6.0955649664249787,46.184034331811084],[6.0956735643574183,46.184000014306925],[6.0957821608802796,46.183965695783542],[6.0958907572661971,46.183931377155794]]]},"properties":{"OBJECTID":84,"ID_Parking_Fondation":"E6270","Polygon_ID":57,"Code_Tarif":"388","Nom_Parking":"CO Marais","Type_Vehicule":"auto","Adresse_Rue":"Rte de Loëx","Adresse_No":"22","Adresse_NPA":1213,"Adresse_Localite":"Onex","Type_Parking":"extérieur","Capacite":68,"Statut":"Ouvert","Group_Sector_ID":427,"Group_Service_ID":32,"GlobalID":"{9A70B67E-62B9-4FE4-A31E-C910D043A561}","Shape__Area":1738.5107536860862,"Shape__Length":188.65259021948839}},{"type":"Feature","id":87,"geometry":{"type":"Polygon","coordinates":[[[6.0810858124164691,46.177206778590254],[6.0809075996231901,46.177776898743389],[6.0811662935859898,46.17795978450328],[6.0811286294251286,46.178109656489184],[6.0807432547363005,46.178062883235441],[6.0807044462015991,46.178011354692948],[6.0808750390498023,46.177187488743407],[6.0810858124164691,46.177206778590254]]]},"properties":{"OBJECTID":87,"ID_Parking_Fondation":"E6300","Polygon_ID":59,"Code_Tarif":"390","Nom_Parking":"CO Vuillonnex","Type_Vehicule":"auto","Adresse_Rue":"Ch. de Sous-le-Clos","Adresse_No":"3","Adresse_NPA":1232,"Adresse_Localite":"Confignon","Type_Parking":"extérieur","Capacite":56,"Statut":"Ouvert","Group_Sector_ID":96,"Group_Service_ID":32,"GlobalID":"{39D3F851-B2A6-4343-9CB6-4DB817F08CF6}","Shape__Area":1863.2719218941393,"Shape__Length":255.89045882031132}},{"type":"Feature","id":89,"geometry":{"type":"Polygon","coordinates":[[[6.105668741853016,46.193853902108522],[6.1057094782421251,46.193870094757564],[6.105478333701635,46.194154443481402],[6.1054314283045423,46.19413817784033],[6.105668741853016,46.193853902108522]]]},"properties":{"OBJECTID":89,"ID_Parking_Fondation":"E6540","Polygon_ID":61,"Code_Tarif":"392","Nom_Parking":"DGEO Echo 5 extérieur","Type_Vehicule":"auto","Adresse_Rue":"Ch. de l'Echo","Adresse_No":"5","Adresse_NPA":1213,"Adresse_Localite":"Onex","Type_Parking":"extérieur","Capacite":6,"Statut":"Ouvert","Group_Sector_ID":164,"Group_Service_ID":32,"GlobalID":"{596A4AD3-81AC-45E9-A062-490C2B69D5FE}","Shape__Area":139.5430280080829,"Shape__Length":80.497756638420213}},{"type":"Feature","id":91,"geometry":{"type":"Polygon","coordinates":[[[6.2250805060403582,46.217762636320629],[6.224798227575576,46.217319706549901],[6.2255113793764014,46.217078864544284],[6.2255573197241789,46.217140771566974],[6.2255439583772656,46.217186331980677],[6.2258639509386482,46.217506837045455],[6.2250805060403582,46.217762636320629]]]},"properties":{"OBJECTID":91,"ID_Parking_Fondation":"E6430","Polygon_ID":63,"Code_Tarif":"394","Nom_Parking":"OCD-P NORD Champ-Dollon","Type_Vehicule":"auto","Adresse_Rue":"Ch. de Champ-Dollon","Adresse_No":"","Adresse_NPA":1244,"Adresse_Localite":"Choulex","Type_Parking":"extérieur","Capacite":124,"Statut":"Ouvert","Group_Sector_ID":118,"Group_Service_ID":32,"GlobalID":"{C74DD806-1F17-4931-8EE5-5FEB078500C2}","Shape__Area":3381.1629853467771,"Shape__Length":238.10813672417072}},{"type":"Feature","id":92,"geometry":{"type":"Polygon","coordinates":[[[6.197647724032306,46.217277468878891],[6.1976102235702664,46.217288207928121],[6.1973650078972291,46.217100177300935],[6.1971300264813163,46.2172266181162],[6.1973988682560162,46.217428602158833],[6.1972879635340021,46.217481920437791],[6.197196163859604,46.21740989845771],[6.1971199893658575,46.217411916895074],[6.197075289830642,46.217387144726231],[6.19705778825631,46.217342677439369],[6.1970607248849454,46.217304147045105],[6.1969940839606812,46.217249141020595],[6.1969178125714333,46.217285435813132],[6.1968415423762035,46.217321730568464],[6.1967652707834873,46.217358025258072],[6.1967151856024794,46.217388895163417],[6.1966651003646822,46.217419765046564],[6.196632873403626,46.217389417942613],[6.1966909417652873,46.217324358371002],[6.1967490087128656,46.217259297856053],[6.1968364129245206,46.217215984977429],[6.1969238170175807,46.21717267113182],[6.1968436447528203,46.217077915193826],[6.1968853367804,46.217039419013176],[6.1970792669988297,46.217173281221186],[6.1972365570594574,46.217082562097666],[6.1973209976905741,46.21703386049434],[6.1974054381910877,46.216985157928512],[6.1974821773386637,46.217048486994031],[6.1975589166443497,46.217111816906986],[6.1976356561491306,46.217175145868531],[6.1977123958324771,46.217238474778064],[6.197647724032306,46.217277468878891]]]},"properties":{"OBJECTID":92,"ID_Parking_Fondation":"E6450","Polygon_ID":64,"Code_Tarif":"397","Nom_Parking":"OCD Le Vallon","Type_Vehicule":"auto","Adresse_Rue":"Rte de Vandoeuvres","Adresse_No":"84","Adresse_NPA":1253,"Adresse_Localite":"Vandoeuvres","Type_Parking":"extérieur","Capacite":20,"Statut":"Ouvert","Group_Sector_ID":116,"Group_Service_ID":32,"GlobalID":"{AD5CFF14-820C-4E4C-8BEC-AC5E075075DF}","Shape__Area":1394.2358708392992,"Shape__Length":317.96946630756531}},{"type":"Feature","id":93,"geometry":{"type":"Polygon","coordinates":[[[6.1397447515369228,46.232169966798118],[6.1397587083881069,46.232447207830205],[6.1391884062727788,46.23265678721922],[6.139012001873577,46.232402431650506],[6.1397447515369228,46.232169966798118]]]},"properties":{"OBJECTID":93,"ID_Parking_Fondation":"E6500","Polygon_ID":65,"Code_Tarif":"295","Nom_Parking":"Domaine de Penthes","Type_Vehicule":"auto","Adresse_Rue":"Ch. de l'Impératrice","Adresse_No":"","Adresse_NPA":1292,"Adresse_Localite":"Pregny-Chambésy","Type_Parking":"extérieur","Capacite":46,"Statut":"Ouvert","Group_Sector_ID":138,"Group_Service_ID":32,"GlobalID":"{786D0090-F62B-47E9-B375-DDE3D40E431B}","Shape__Area":1665.5243550705695,"Shape__Length":174.15696346034343}},{"type":"Feature","id":94,"geometry":{"type":"Polygon","coordinates":[[[6.1494289504111075,46.22999576470891],[6.1495867734923477,46.230080762634053],[6.1497256952751158,46.231585105520637],[6.1495765860191778,46.23154472095932],[6.1494289504111075,46.22999576470891]]]},"properties":{"OBJECTID":94,"ID_Parking_Fondation":"E6490","Polygon_ID":66,"Code_Tarif":"294","Nom_Parking":"Plage du Reposoir","Type_Vehicule":"auto","Adresse_Rue":"Rte de Lausanne","Adresse_No":"222","Adresse_NPA":1292,"Adresse_Localite":"Pregny-Chambésy","Type_Parking":"extérieur","Capacite":62,"Statut":"Ouvert","Group_Sector_ID":134,"Group_Service_ID":32,"GlobalID":"{612A1AE6-39C1-4E00-AFBF-3AE206088E5A}","Shape__Area":1932.252128763477,"Shape__Length":367.90052900267375}},{"type":"Feature","id":95,"geometry":{"type":"Polygon","coordinates":[[[6.0960982899347673,46.217708454813078],[6.0961980022244919,46.217489450162873],[6.0966469612169867,46.217709030066793],[6.0969462292198617,46.21791492567359],[6.0964032911144468,46.218203048723232],[6.0948782763278517,46.218681818268742],[6.0946007542707035,46.218636855912834],[6.0946301431594376,46.21848842815573],[6.0948445602238683,46.218485030901185],[6.0955567938803235,46.218285220566806],[6.0961351480504353,46.218125470847696],[6.0963559779956782,46.218035855695625],[6.0962865047543628,46.217898153702237],[6.0960982899347673,46.217708454813078]]]},"properties":{"OBJECTID":95,"ID_Parking_Fondation":"E6460","Polygon_ID":67,"Code_Tarif":"398","Nom_Parking":"Foyer les Tattes - chemin de Poussy","Type_Vehicule":"auto","Adresse_Rue":"Ch de Poussy","Adresse_No":"","Adresse_NPA":1214,"Adresse_Localite":"Vernier","Type_Parking":"extérieur","Capacite":105,"Statut":"Ouvert","Group_Sector_ID":941,"Group_Service_ID":32,"GlobalID":"{E39187E9-2852-41D9-B172-779EE19CDD00}","Shape__Area":5102.4542397134446,"Shape__Length":506.38593702840456}},{"type":"Feature","id":96,"geometry":{"type":"Polygon","coordinates":[[[6.1527035889773103,46.246146866449799],[6.1524302190129809,46.246169459346831],[6.1523238417275943,46.24615734155249],[6.1522716417363945,46.24603834318966],[6.1522128576310218,46.24586552002885],[6.1524726673143029,46.24575163443459],[6.1528068624672345,46.245660727593645],[6.1528439462087574,46.245766768165659],[6.1529968143384348,46.246091782913126],[6.1527035889773103,46.246146866449799]]]},"properties":{"OBJECTID":96,"ID_Parking_Fondation":"E6470","Polygon_ID":68,"Code_Tarif":"303","Nom_Parking":"Plage du Vengeron extérieur","Type_Vehicule":"auto","Adresse_Rue":"Rte de Lausanne","Adresse_No":"284","Adresse_NPA":1292,"Adresse_Localite":"Pregny-Chambésy","Type_Parking":"extérieur","Capacite":96,"Statut":"Ouvert","Group_Sector_ID":208,"Group_Service_ID":32,"GlobalID":"{C1C46E77-04D4-4CAA-9974-B600BBDBA16F}","Shape__Area":2291.2603974212711,"Shape__Length":188.06694009854903}},{"type":"Feature","id":97,"geometry":{"type":"Polygon","coordinates":[[[6.1659083675157245,46.285687087259447],[6.1659127711344492,46.284795910660392],[6.166569030211801,46.284805204587734],[6.1665482054370226,46.285694292493112],[6.1659083675157245,46.285687087259447]]]},"properties":{"OBJECTID":97,"ID_Parking_Fondation":"V1010","Polygon_ID":69,"Code_Tarif":"309","Nom_Parking":"Versoix - place Bordier","Type_Vehicule":"auto","Adresse_Rue":"Place Bordier","Adresse_No":"","Adresse_NPA":1290,"Adresse_Localite":"Versoix","Type_Parking":"NC","Capacite":151,"Statut":"Ouvert","Group_Sector_ID":222,"Group_Service_ID":32,"GlobalID":"{8D0F58A1-F673-467D-9745-8A96E9B43473}","Shape__Area":4943.0415420140071,"Shape__Length":297.82418321094377}},{"type":"Feature","id":98,"geometry":{"type":"Polygon","coordinates":[[[6.1639887297840801,46.284569141212387],[6.1639937788795178,46.284235958750521],[6.1645893762480428,46.284240295615469],[6.1645843308028265,46.284573478103617],[6.1639887297840801,46.284569141212387]]]},"properties":{"OBJECTID":98,"ID_Parking_Fondation":"V1020","Polygon_ID":70,"Code_Tarif":"308","Nom_Parking":"Versoix - Bon Séjour","Type_Vehicule":"auto","Adresse_Rue":"Rte de Sauverny","Adresse_No":"8","Adresse_NPA":1290,"Adresse_Localite":"Versoix","Type_Parking":"NC","Capacite":65,"Statut":"Ouvert","Group_Sector_ID":245,"Group_Service_ID":32,"GlobalID":"{F959E9E4-DF8E-4F44-9E9C-BD5579836886}","Shape__Area":1700.3750325171541,"Shape__Length":165.89275577502008}},{"type":"Feature","id":99,"geometry":{"type":"Polygon","coordinates":[[[6.1554336290947607,46.295688428712438],[6.1554466645901611,46.294555498112594],[6.1555608028258444,46.294521087398664],[6.1567759100030344,46.295708422656652],[6.1554336290947607,46.295688428712438]]]},"properties":{"OBJECTID":99,"ID_Parking_Fondation":"V1030","Polygon_ID":71,"Code_Tarif":"304","Nom_Parking":"Versoix - Centre Sportif","Type_Vehicule":"auto","Adresse_Rue":"Rte de l'Etraz","Adresse_No":"201","Adresse_NPA":1290,"Adresse_Localite":"Versoix","Type_Parking":"NC","Capacite":228,"Statut":"Ouvert","Group_Sector_ID":211,"Group_Service_ID":32,"GlobalID":"{7CBBD66E-5C09-49A9-A8F1-D76284AB5E80}","Shape__Area":7273.7226533029916,"Shape__Length":400.81870007808726}},{"type":"Feature","id":100,"geometry":{"type":"Polygon","coordinates":[[[6.1417317328234482,46.298522081200005],[6.1410264384809325,46.298948175341067],[6.1398989800883603,46.299563657271896],[6.1398478840255946,46.299517366036497],[6.1409401800627661,46.298878628860223],[6.1410500498495848,46.298879890318524],[6.141217577134948,46.298422867345415],[6.1417317328234482,46.298522081200005]]]},"properties":{"OBJECTID":100,"ID_Parking_Fondation":"V1040","Polygon_ID":72,"Code_Tarif":"305","Nom_Parking":"Versoix - Centre de tir","Type_Vehicule":"auto","Adresse_Rue":"Rte de Sauverny","Adresse_No":"151","Adresse_NPA":1290,"Adresse_Localite":"Versoix","Type_Parking":"NC","Capacite":75,"Statut":"Ouvert","Group_Sector_ID":213,"Group_Service_ID":32,"GlobalID":"{898B84F0-64E4-4951-A5FC-AD5CD83B5E95}","Shape__Area":2192.4600515489601,"Shape__Length":401.26991816525265}},{"type":"Feature","id":101,"geometry":{"type":"Polygon","coordinates":[[[6.1521256670765396,46.291108623532239],[6.1520332427556434,46.290951415798709],[6.152820144537376,46.290783269506832],[6.1530223849526138,46.290711301615787],[6.1531273699261755,46.290918163706891],[6.1521256670765396,46.291108623532239]]]},"properties":{"OBJECTID":101,"ID_Parking_Fondation":"V1050","Polygon_ID":73,"Code_Tarif":"307","Nom_Parking":"Versoix - Ecogia","Type_Vehicule":"auto","Adresse_Rue":"Chemin d'Ecogia","Adresse_No":"","Adresse_NPA":1290,"Adresse_Localite":"Versoix","Type_Parking":"NC","Capacite":58,"Statut":"Ouvert","Group_Sector_ID":215,"Group_Service_ID":32,"GlobalID":"{4B4F10DB-4686-4FA0-A2A5-59136B60882C}","Shape__Area":1637.4113776478414,"Shape__Length":204.26742890275676}},{"type":"Feature","id":102,"geometry":{"type":"Polygon","coordinates":[[[6.161865890646494,46.279872084192235],[6.1619979066346255,46.280060873608946],[6.1619589017524445,46.280122974258255],[6.161462333947231,46.280298562451847],[6.1614260168858452,46.280252341891419],[6.1610536616562062,46.280392147664891],[6.1607431329192917,46.280125103576758],[6.1611488486608499,46.280041140562872],[6.1616016479704108,46.27988201085806],[6.161865890646494,46.279872084192235]]]},"properties":{"OBJECTID":102,"ID_Parking_Fondation":"V1060","Polygon_ID":74,"Code_Tarif":"311","Nom_Parking":"Lachenal Versoix","Type_Vehicule":"auto","Adresse_Rue":"Rte de Saint-Loup","Adresse_No":"14","Adresse_NPA":1290,"Adresse_Localite":"Versoix","Type_Parking":"NC","Capacite":105,"Statut":"Ouvert","Group_Sector_ID":226,"Group_Service_ID":32,"GlobalID":"{C73A2FD8-107D-444D-A451-CDFB87F99EE4}","Shape__Area":2905.8491195926267,"Shape__Length":242.59861059801275}},{"type":"Feature","id":103,"geometry":{"type":"Polygon","coordinates":[[[6.1665112684438563,46.276071330140041],[6.1664734156220842,46.275599782294222],[6.1675917750811946,46.275560366320335],[6.1676273122693903,46.275802139725045],[6.1672864975423369,46.275931131892747],[6.1670098164837137,46.276047991224878],[6.1669123650166062,46.276075459128187],[6.1666939563625123,46.276078713268205],[6.1665112684438563,46.276071330140041]]]},"properties":{"OBJECTID":103,"ID_Parking_Fondation":"V1000","Polygon_ID":75,"Code_Tarif":"312","Nom_Parking":"La Scie","Type_Vehicule":"auto","Adresse_Rue":"Chemin de la Scie","Adresse_No":"4","Adresse_NPA":1290,"Adresse_Localite":"Versoix","Type_Parking":"NC","Capacite":106,"Statut":"Ouvert","Group_Sector_ID":229,"Group_Service_ID":32,"GlobalID":"{CF7D3575-CD22-4366-AEE1-27393A9F2C5A}","Shape__Area":3966.978901019218,"Shape__Length":259.79174869968705}},{"type":"Feature","id":104,"geometry":{"type":"Polygon","coordinates":[[[6.1478768174210483,46.187924751361663],[6.1479961014352389,46.187880888511728],[6.1478761376925242,46.187736691281557],[6.1479658741344716,46.187710343595569],[6.1480806416463567,46.187856861828344],[6.1481881344323988,46.188021149982625],[6.1479809395312035,46.188086620588308],[6.1478768174210483,46.187924751361663]]]},"properties":{"OBJECTID":104,"ID_Parking_Fondation":"C6200","Polygon_ID":77,"Code_Tarif":"413","Nom_Parking":"Centre Médico-Pedag. Roseraie","Type_Vehicule":"auto","Adresse_Rue":"Av. de la Roseraie","Adresse_No":"25","Adresse_NPA":1205,"Adresse_Localite":"Genève","Type_Parking":"extérieur","Capacite":6,"Statut":"privé","Group_Sector_ID":432,"Group_Service_ID":32,"GlobalID":"{8B748061-6DBA-43B0-A81C-2BBCB99CC988}","Shape__Area":485.90103644913211,"Shape__Length":112.34198354889638}},{"type":"Feature","id":105,"geometry":{"type":"Polygon","coordinates":[[[6.1475542185815151,46.180426383988895],[6.147727476545378,46.180298294218069],[6.1479385153623074,46.180575926700151],[6.1477446354947212,46.180649607354439],[6.1475542185815151,46.180426383988895]]]},"properties":{"OBJECTID":105,"ID_Parking_Fondation":"C6275","Polygon_ID":78,"Code_Tarif":"414","Nom_Parking":"CO Pinchat","Type_Vehicule":"auto","Adresse_Rue":"Rue Charles-Poluzzi","Adresse_No":null,"Adresse_NPA":1227,"Adresse_Localite":"Carouge","Type_Parking":"extérieur","Capacite":24,"Statut":"privé","Group_Sector_ID":433,"Group_Service_ID":32,"GlobalID":"{DB9E265A-6397-4CBD-8EA5-58F18FE545EE}","Shape__Area":568.44581382681929,"Shape__Length":100.34870347164053}},{"type":"Feature","id":107,"geometry":{"type":"Polygon","coordinates":[[[6.1525278136985708,46.183017028950673],[6.1525872417519292,46.183169586166798],[6.1518635568238107,46.183418672402368],[6.1517830728523775,46.183264548398526],[6.1525278136985708,46.183017028950673]]]},"properties":{"OBJECTID":107,"ID_Parking_Fondation":"C6395","Polygon_ID":39,"Code_Tarif":"376","Nom_Parking":"OCV Veyrier privé","Type_Vehicule":"auto","Adresse_Rue":"Rt de Veyrier","Adresse_No":"86","Adresse_NPA":1227,"Adresse_Localite":"Carouge","Type_Parking":"extérieur","Capacite":39,"Statut":"privé","Group_Sector_ID":437,"Group_Service_ID":32,"GlobalID":"{088E5506-3239-4747-8727-3C1E1C0A6966}","Shape__Area":1115.4822024777066,"Shape__Length":161.90680696458978}},{"type":"Feature","id":108,"geometry":{"type":"Polygon","coordinates":[[[6.1516230304158217,46.184059078783953],[6.1513376546855358,46.183675938899931],[6.1518256704845609,46.183520965633271],[6.1520925792229795,46.18390696059847],[6.1516230304158217,46.184059078783953]]]},"properties":{"OBJECTID":108,"ID_Parking_Fondation":"C6390","Polygon_ID":76,"Code_Tarif":"333","Nom_Parking":"OCV Veyrier 86 ext. public","Type_Vehicule":"auto","Adresse_Rue":"Rte de Veyrier","Adresse_No":"86","Adresse_NPA":1227,"Adresse_Localite":"Carouge","Type_Parking":"extérieur","Capacite":70,"Statut":"ouvert","Group_Sector_ID":120,"Group_Service_ID":32,"GlobalID":"{19F61B26-68E3-4A71-8747-790C2F41888E}","Shape__Area":1944.3777835200121,"Shape__Length":176.99464274923801}},{"type":"Feature","id":110,"geometry":{"type":"Polygon","coordinates":[[[6.1369141565872303,46.175541992327304],[6.1368524668173663,46.175358119134799],[6.1377349126869776,46.175235536851929],[6.1377885565351749,46.175424982011016],[6.1369141565872303,46.175541992327304]]]},"properties":{"OBJECTID":110,"ID_Parking_Fondation":"C6260","Polygon_ID":80,"Code_Tarif":"239","Nom_Parking":"CO Drize","Type_Vehicule":"auto","Adresse_Rue":"Rte de Drize","Adresse_No":"8","Adresse_NPA":1227,"Adresse_Localite":"Carouge","Type_Parking":"extérieur","Capacite":null,"Statut":"privé","Group_Sector_ID":440,"Group_Service_ID":32,"GlobalID":"{291E5E9B-9067-49F5-B21F-EBB1207BF8B3}","Shape__Area":1466.9267118556254,"Shape__Length":180.71578801179544}},{"type":"Feature","id":111,"geometry":{"type":"Polygon","coordinates":[[[6.1793910230392948,46.204604309036256],[6.1796590278501373,46.204467275327104],[6.1797997511616023,46.204635028351888],[6.1795101763449027,46.204746432813877],[6.1793910230392948,46.204604309036256]]]},"properties":{"OBJECTID":111,"ID_Parking_Fondation":"D6155","Polygon_ID":81,"Code_Tarif":"240","Nom_Parking":"EC Reymond-Uldry","Type_Vehicule":"auto","Adresse_Rue":"Chemin du Domaine-Patry","Adresse_No":"1","Adresse_NPA":1224,"Adresse_Localite":"Chêne-Bougerie","Type_Parking":"extérieur","Capacite":null,"Statut":"ouvert","Group_Sector_ID":443,"Group_Service_ID":32,"GlobalID":"{4CA187F9-6150-4E67-BE2A-2A5C1E6B0510}","Shape__Area":509.11701599257157,"Shape__Length":91.103953054730454}},{"type":"Feature","id":112,"geometry":{"type":"Polygon","coordinates":[[[6.131887110859549,46.196016518819427],[6.1311355660646338,46.196450027182863],[6.1300841410667184,46.195566281824661],[6.1303362686016545,46.195410325449458],[6.1311570245305651,46.196115839590938],[6.1316777550974448,46.195808897816335],[6.131887110859549,46.196016518819427]]]},"properties":{"OBJECTID":112,"ID_Parking_Fondation":"G2010","Polygon_ID":82,"Code_Tarif":"416","Nom_Parking":"Centre sportif de la Queue d'Arve","Type_Vehicule":null,"Adresse_Rue":"Rue françois Dussaud","Adresse_No":"12","Adresse_NPA":1227,"Adresse_Localite":"Genève","Type_Parking":null,"Capacite":null,"Statut":null,"Group_Sector_ID":359,"Group_Service_ID":32,"GlobalID":"{DBB147A2-9348-4523-B49C-0883FE8327E4}","Shape__Area":4678.9082068457537,"Shape__Length":410.64822483230722}},{"type":"Feature","id":113,"geometry":{"type":"Polygon","coordinates":[[[6.1723323078024261,46.183820990517695],[6.1725391759585344,46.183662801807479],[6.1728675113942337,46.183616596708902],[6.1729930207681267,46.183602772876533],[6.1730588697311219,46.183580662760924],[6.1731281524172461,46.183565847028241],[6.1731689185961898,46.183559155639308],[6.1732087855140794,46.183550306618095],[6.1733054417773658,46.183665622117267],[6.173162280427186,46.183692420389832],[6.1730230879951566,46.18372287882179],[6.1729025837668701,46.183735457032753],[6.1726626726834093,46.183774622555703],[6.1723323078024261,46.183820990517695]]]},"properties":{"OBJECTID":113,"ID_Parking_Fondation":"D6185","Polygon_ID":83,"Code_Tarif":"417","Nom_Parking":"OCCS Conches 4","Type_Vehicule":"auto","Adresse_Rue":"Chemin de Conches","Adresse_No":"4","Adresse_NPA":1231,"Adresse_Localite":"Chêne Bougerie","Type_Parking":"extérieur","Capacite":null,"Statut":"ouvert","Group_Sector_ID":445,"Group_Service_ID":32,"GlobalID":"{CAA81020-9047-42A5-B143-DF74D6FFBB9C}","Shape__Area":907.83019134162885,"Shape__Length":169.1596559358523}},{"type":"Feature","id":115,"geometry":{"type":"Polygon","coordinates":[[[6.0902723858440204,46.197460668300586],[6.0903272371771617,46.197299464606282],[6.0903622246530977,46.197255739327773],[6.0904624474041587,46.197315795027215],[6.0908519029734087,46.197023460879649],[6.0909892441892826,46.197003643081338],[6.0911088665487378,46.197164478732375],[6.090880724895265,46.197538567253119],[6.0907840102721487,46.197509815482036],[6.090734702495407,46.197592702567107],[6.0902723858440204,46.197460668300586]]]},"properties":{"OBJECTID":115,"ID_Parking_Fondation":"E6530","Polygon_ID":85,"Code_Tarif":"421","Nom_Parking":"STEP d'Aïre - Verseuse","Type_Vehicule":"auto","Adresse_Rue":"STEP d'Aïre - Verseuse","Adresse_No":"17","Adresse_NPA":1214,"Adresse_Localite":"Vernier","Type_Parking":"extérieur","Capacite":48,"Statut":"ouvert","Group_Sector_ID":450,"Group_Service_ID":32,"GlobalID":"{9C399255-5F31-4703-BA88-9944B2267899}","Shape__Area":2268.8425241735495,"Shape__Length":211.25658182608723}},{"type":"Feature","id":118,"geometry":{"type":"Polygon","coordinates":[[[6.1167370809017516,46.208703297599257],[6.1173468155150443,46.20850267967667],[6.1174613464706784,46.208469977487425],[6.1175758786060666,46.208437274297886],[6.117690410581953,46.20840457189167],[6.1178049411465123,46.208371868454762],[6.1179194728471442,46.208339165816383],[6.1180340044319301,46.208306462162518],[6.1181485345835958,46.208273758377338],[6.1182630658712869,46.208241055390729],[6.1183775970431187,46.208208351388592],[6.1184921267600423,46.208175648154651],[6.1186066576565921,46.208142943920336],[6.1186646862035783,46.208219048124015],[6.1187227136391265,46.208295151383496],[6.1186100614226113,46.208328873671924],[6.11849741038393,46.208362594963795],[6.1183847578882169,46.208396317027621],[6.1182721065485106,46.208430038994351],[6.1181594537954354,46.208463759934133],[6.1180468021765035,46.208497481676233],[6.1179341491224157,46.208531203290889],[6.1178214959506017,46.208564923893789],[6.1177088439128351,46.208598645298977],[6.1175961904399951,46.208632366576751],[6.1174835381448842,46.208666086857896],[6.1173665959475585,46.208587592661665],[6.1172749412738758,46.2086131303342],[6.1167960596533728,46.208760538459394],[6.1167370809017516,46.208703297599257]]]},"properties":{"OBJECTID":118,"ID_Parking_Fondation":"T1001","Polygon_ID":87,"Code_Tarif":"424","Nom_Parking":"Hippomène Autos","Type_Vehicule":"auto","Adresse_Rue":"Chemin des Sports","Adresse_No":"70","Adresse_NPA":1203,"Adresse_Localite":"Genève","Type_Parking":"intérieur","Capacite":7,"Statut":"ouvert","Group_Sector_ID":467,"Group_Service_ID":32,"GlobalID":"{161E6B55-FB7C-4ACA-AEE7-549EB5248805}","Shape__Area":2541.3212418636699,"Shape__Length":348.93404604436745}},{"type":"Feature","id":119,"geometry":{"type":"Polygon","coordinates":[[[6.1173474813135211,46.208804493291851],[6.1172169111080743,46.208645692425641],[6.1173352480324708,46.208603139261186],[6.117465944924005,46.208777112913232],[6.1173474813135211,46.208804493291851]]]},"properties":{"OBJECTID":119,"ID_Parking_Fondation":"T1001","Polygon_ID":88,"Code_Tarif":"425","Nom_Parking":"Hippomène Motos","Type_Vehicule":"moto","Adresse_Rue":"Chemin des Sports","Adresse_No":"70","Adresse_NPA":1203,"Adresse_Localite":"Genève","Type_Parking":"intérieur","Capacite":15,"Statut":"ouvert","Group_Sector_ID":471,"Group_Service_ID":32,"GlobalID":"{2082CC0E-0685-4EDF-A44A-30C8D1D508AD}","Shape__Area":208.21033494075013,"Shape__Length":62.060864117605064}},{"type":"Feature","id":122,"geometry":{"type":"Polygon","coordinates":[[[6.1173228752038895,46.210441058434128],[6.1172721111475514,46.210302706402288],[6.1175989885896973,46.210236294229084],[6.1176902229395091,46.210218083799575],[6.117730515859475,46.210337858648167],[6.1177624614976498,46.210445538425276],[6.1178887111850067,46.21070228477334],[6.1178249990691009,46.210756192376394],[6.118057907272755,46.211206804797683],[6.1178900166215371,46.211241496707039],[6.1177188566271505,46.210896913497407],[6.1175742446661845,46.210921880096642],[6.1174681883329969,46.210703360958036],[6.1173981233887949,46.210544580499338],[6.1173228752038895,46.210441058434128]]]},"properties":{"OBJECTID":122,"ID_Parking_Fondation":"C6160","Polygon_ID":91,"Code_Tarif":"427","Nom_Parking":"Châtelaine 40","Type_Vehicule":"auto","Adresse_Rue":"Avenue de Châtelaine","Adresse_No":"40","Adresse_NPA":1203,"Adresse_Localite":"Genève","Type_Parking":"extérieur","Capacite":36,"Statut":"privé","Group_Sector_ID":478,"Group_Service_ID":32,"GlobalID":"{EB89C1B0-E29F-4BF9-A67D-F023410575A6}","Shape__Area":2734.8484029936626,"Shape__Length":289.03055606794544}},{"type":"Feature","id":124,"geometry":{"type":"Polygon","coordinates":[[[6.1295268430543022,46.224010141426007],[6.1298680091630908,46.224203998476945],[6.1296894026939279,46.224329524378128],[6.1294078945836041,46.224171261271763],[6.1294612753418374,46.224118933920437],[6.1294272887030026,46.224097900879975],[6.1295268430543022,46.224010141426007]]]},"properties":{"OBJECTID":124,"ID_Parking_Fondation":"C6170","Polygon_ID":93,"Code_Tarif":"429","Nom_Parking":"CMP Budé","Type_Vehicule":"auto","Adresse_Rue":"Rue de Moillebeau","Adresse_No":"72","Adresse_NPA":1209,"Adresse_Localite":"Genève","Type_Parking":"extérieur","Capacite":14,"Statut":"privé","Group_Sector_ID":482,"Group_Service_ID":32,"GlobalID":"{F1DEAE8F-19DA-4FB3-9BD7-BCEBB4E3136F}","Shape__Area":618.97377533315978,"Shape__Length":104.6405213371421}},{"type":"Feature","id":125,"geometry":{"type":"Polygon","coordinates":[[[6.1500397380902561,46.194359014901927],[6.1499807299557592,46.194307028382028],[6.1501684833978034,46.194208625659222],[6.150321370379582,46.194095368346872],[6.1504983960594011,46.19389299057174],[6.1506110485082033,46.193683185672761],[6.1507263829650594,46.193681328499764],[6.1506271418152272,46.193883707731601],[6.1504232932370817,46.194125074758212],[6.1501631201041622,46.194312598138637],[6.1500397380902561,46.194359014901927]]]},"properties":{"OBJECTID":125,"ID_Parking_Fondation":"T1002","Polygon_ID":94,"Code_Tarif":"431","Nom_Parking":"Lombard moto","Type_Vehicule":"moto","Adresse_Rue":"Rue Lombard","Adresse_No":"17-21","Adresse_NPA":1205,"Adresse_Localite":"Genève","Type_Parking":"intérieur","Capacite":91,"Statut":"ouvert","Group_Sector_ID":455,"Group_Service_ID":32,"GlobalID":"{9D229290-769F-4EBC-B22E-CEB2C46602F3}","Shape__Area":748.63417150214855,"Shape__Length":197.54907408861698}},{"type":"Feature","id":126,"geometry":{"type":"Polygon","coordinates":[[[6.1368585852736013,46.207083485890884],[6.1367009460510271,46.207119885596093],[6.1367909006246588,46.207048911006858],[6.1366082884260589,46.206885721643104],[6.1365270814609643,46.206819404428892],[6.1366037753707525,46.206792984973745],[6.1366708304476418,46.206775350321493],[6.1367512972873142,46.206844495595767],[6.1368317630359241,46.206913640797971],[6.1369122303059989,46.206982785058585],[6.136992696463464,46.20705193014652],[6.1369256415356945,46.20706770804604],[6.1368585852736013,46.207083485890884]]]},"properties":{"OBJECTID":126,"ID_Parking_Fondation":"B6220","Polygon_ID":95,"Code_Tarif":"435","Nom_Parking":"Vuache 19","Type_Vehicule":"auto","Adresse_Rue":"Chemin Galiffe","Adresse_No":"2","Adresse_NPA":1201,"Adresse_Localite":"Genève","Type_Parking":"extérieur","Capacite":17,"Statut":"privé","Group_Sector_ID":618,"Group_Service_ID":32,"GlobalID":"{FC33445E-F2E3-472B-8F6F-761C2D539382}","Shape__Area":486.55787278024826,"Shape__Length":118.57960872768155}},{"type":"Feature","id":127,"geometry":{"type":"Polygon","coordinates":[[[6.143224562913348,46.221468684154566],[6.1433243627682597,46.221696038010514],[6.1432009806233774,46.221725729324831],[6.1430963337608082,46.221498419579021],[6.143224562913348,46.221468684154566]]]},"properties":{"OBJECTID":127,"ID_Parking_Fondation":"C6300","Polygon_ID":96,"Code_Tarif":"436","Nom_Parking":"CO Sismondi","Type_Vehicule":"auto","Adresse_Rue":"Avenue Eugène -Rigot","Adresse_No":"3","Adresse_NPA":1201,"Adresse_Localite":"Genève","Type_Parking":"extérieur","Capacite":12,"Statut":"privé","Group_Sector_ID":619,"Group_Service_ID":32,"GlobalID":"{8CE7CE89-249B-4ABE-A663-AC065B17F07C}","Shape__Area":271.3679891864,"Shape__Length":73.45657407787624}},{"type":"Feature","id":128,"geometry":{"type":"Polygon","coordinates":[[[6.1281904985896283,46.187816391869887],[6.1279383847496609,46.187802685967156],[6.1276485595286978,46.187771791733446],[6.1276370585675579,46.187383784840748],[6.1276797851487048,46.187153419533232],[6.1276938775858687,46.187154757420693],[6.1278469891299769,46.186330159005017],[6.1280178783157977,46.186349439578422],[6.1280547209562979,46.186157712949168],[6.1281213719551273,46.185811199076262],[6.1281422287875769,46.185677153527031],[6.1281634858854304,46.185525678529672],[6.1281902100654424,46.185302043936289],[6.1282089854729049,46.185110107356515],[6.1282253667697795,46.184918180747211],[6.1282400300028179,46.184732938629828],[6.1282400578201663,46.18472097314239],[6.128254592361996,46.184524935110502],[6.1282591641079085,46.184463810547989],[6.1282755343340698,46.184195146982979],[6.1282903623463358,46.183924359340764],[6.1283050086508153,46.183654710391814],[6.1283330672722975,46.183115431456883],[6.1283629778004078,46.182542201952302],[6.1283769424881589,46.182280012488484],[6.1283963984940772,46.181914562520518],[6.1284294078505974,46.181287298897757],[6.1284419875341873,46.181045648459346],[6.1285919077986621,46.181049155278316],[6.1285969627924857,46.181049273378349],[6.1288290215082259,46.181054687669558],[6.1288431392768574,46.181055016279295],[6.1290364370088346,46.181059525618394],[6.1290400376697685,46.181038970050082],[6.1290457078928844,46.181018530282145],[6.1290536250072849,46.181001440040902],[6.1290648831277528,46.18098529187921],[6.1290813999016809,46.180971454892003],[6.129102496744177,46.180961000818861],[6.129127102756434,46.180955264949873],[6.1291527576321068,46.180954491319376],[6.12917819264666,46.180957579275727],[6.1292025034377975,46.180964164742356],[6.1292249530352301,46.180972794269593],[6.1292461921985861,46.180983390843956],[6.1292662495749006,46.180994602572703],[6.129524955156131,46.181161288282055],[6.1297977908947647,46.181338033002717],[6.1299871754515287,46.181460325166277],[6.1303188509264279,46.181674585333589],[6.1307121367162791,46.18192922072474],[6.1307840264247915,46.181977129524505],[6.1307850258279331,46.181977851865028],[6.1307860331300228,46.181978568899062],[6.1307870483095659,46.181979281526012],[6.1307880700932582,46.181979988831451],[6.1307890984594513,46.181980691714756],[6.1307901347246974,46.181981389291536],[6.1307911775940571,46.181982081546842],[6.1307922270675661,46.181982768480573],[6.1307932844401005,46.181983450107786],[6.1307943483951739,46.181984127312944],[6.1307954189760121,46.181984798297115],[6.1307964961393511,46.181985464859203],[6.1307975812017519,46.181986126114772],[6.1307986715950173,46.181986781134327],[6.1307997698656838,46.181987431746855],[6.1308008734672637,46.181988076123361],[6.1308019836513568,46.181988716077754],[6.1308031017560483,46.18198934982626],[6.1308042251700687,46.181989978238171],[6.1308053551881887,46.181990601328579],[6.1308064905372257,46.181991218183001],[6.1308076337636086,46.181991830630302],[6.1308087823209192,46.181992436841654],[6.1308099375039937,46.181993036832054],[6.1308110979963306,46.181993631485867],[6.1308122650928194,46.181994220818162],[6.1308134374985084,46.181994804813911],[6.1308146165516479,46.181995381689276],[6.1308158008923765,46.181995954127459],[6.1308169918589064,46.181996520344732],[6.1308181881562724,46.181997080326035],[6.130819389784552,46.181997634071315],[6.1308205967220841,46.181998182480037],[6.1308218102637664,46.181998725567269],[6.13082302786305,46.181999261504025],[6.1308242520664704,46.181999792119257],[6.1308254816007794,46.182000316498531],[6.1308267151494658,46.182000835526232],[6.130827955345552,46.18200134743352],[6.1308292008508767,46.18200185400422],[6.1308304503921782,46.182002354323956],[6.1308317052643666,46.18200284840772],[6.1308329654674321,46.182003336255491],[6.1308342310013311,46.182003817867233],[6.1308355005712736,46.182004293227997],[6.1308367754721029,46.182004762352783],[6.1308380544088967,46.182005225226547],[6.1308393386765765,46.182005681864368],[6.130840626980234,46.182006132251139],[6.1308419206148042,46.182006576401946],[6.1308432182853378,46.18200701430176],[6.1308445200134338,46.182007445051113],[6.1308458270508321,46.182007870463927],[6.1308471381458549,46.182008288726266],[6.1308484519819428,46.182008700722655],[6.1308497711489309,46.182009106483015],[6.1308510943735062,46.182009505092935],[6.1308524216125111,46.182009898351275],[6.1308537529090517,46.18201028445921],[6.1308550882632291,46.182010663416683],[6.1308564276317856,46.182011037022605],[6.1308577697630406,46.182011403463044],[6.1308591159518722,46.182011762753071],[6.1308604661551307,46.182012116691524],[6.1308618204375884,46.18201246258009],[6.1308631774395241,46.182012803102054],[6.1308645372041974,46.182013136458608],[6.1308659010264721,46.182013462664678],[6.1308672688846837,46.182013782619755],[6.1308686382107727,46.182014095394379],[6.1308700115728501,46.182014401917989],[6.1308713889708928,46.182014702190607],[6.1308727678367978,46.182014995282714],[6.1308741507602651,46.182015281224416],[6.130875536424873,46.182015560900112],[6.1308769248521431,46.182015833410276],[6.1308783147472514,46.182016098740036],[6.1308797086783882,46.182016357818782],[6.1308811053722243,46.182016609732059],[6.130882503512237,46.182016855364296],[6.1308839044150139,46.182017093831085],[6.1308853080805044,46.182017325132421],[6.1308867144870209,46.182017550167686],[6.1308881223614788,46.182017768022568],[6.1308895329985589,46.182017978711919],[6.1308909451035047,46.182018182220837],[6.1308923599495282,46.182018379463749],[6.1308937762633517,46.182018569526143],[6.130895194045026,46.182018752408091],[6.1308966145678667,46.182018929024004],[6.130898036580029,46.182019097560008],[6.1308994600384485,46.182019259814986],[6.1309008849647038,46.182019414889467],[6.1309023113371994,46.182019563682914],[6.1309037404939453,46.182019704411488],[6.1309051698020447,46.182019838844006],[6.1309066005779815,46.182019966096078],[6.1309080328217602,46.182020086167597],[6.1309094665333248,46.182020199058741],[6.1309109003962181,46.182020305653758],[6.1309123357485493,46.182020404168888],[6.1309137725470846,46.182020496403005],[6.130915209518558,46.182020581441584],[6.130916647957859,46.182020659299717],[6.1309180878433223,46.182020730876829],[6.1309195266285013,46.182020794343998],[6.1309209668814697,46.182020850630693],[6.1309224085806777,46.182020900636317],[6.1309238491578739,46.182020943431482],[6.1309252912029368,46.182020979046122],[6.1309267334209263,46.182021007465337],[6.130928175811805,46.182021028689036],[6.1309296170591754,46.182021043601651],[6.1309310597959072,46.182021050434372],[6.1309325026839927,46.182021050971024],[6.1309339457666541,46.182021043412789],[6.1309353877056809,46.182021029543449],[6.1309368298177125,46.182021008478642],[6.1309382720810204,46.182020981117759],[6.130939714538842,46.182020945661982],[6.1309411545798671,46.182020902980682],[6.1309425960670811,46.182020854018326],[6.1311329268451553,46.182025544845139],[6.1311197894447886,46.181778395001828],[6.1311908969886293,46.181778759652303],[6.1311912270079496,46.181772463888869],[6.1312262936303012,46.181104431998961],[6.131229760895101,46.181032037716648],[6.1312356132452646,46.181032176638169],[6.131253367677779,46.18068055824569],[6.1312522079380773,46.180665000956573],[6.1312478089031694,46.180664859990351],[6.1312524917883282,46.180561383117137],[6.1312567074384789,46.180468241798224],[6.1312512024299899,46.180395860462241],[6.131248457210198,46.180370283003427],[6.1312134077735383,46.180094822513404],[6.1312022936243551,46.18001887277596],[6.1312122023073599,46.179475972466207],[6.1312161329608044,46.179259119478921],[6.1312192044157374,46.179091070696238],[6.1312207142542681,46.179007907902829],[6.1312236104343372,46.178921058082516],[6.1312075712597522,46.178829680145682],[6.131200758655357,46.178784993922733],[6.1311816831905146,46.178664259174106],[6.1311295928929193,46.178520561364714],[6.1311259462019763,46.178510623457349],[6.1311783614267785,46.178501401225567],[6.1312296058064142,46.178492340833735],[6.1312316720904505,46.17838531587509],[6.1312349363546259,46.178276944483706],[6.1312401386591855,46.178168282471816],[6.1312459563515986,46.178061067089708],[6.13125221347482,46.177951786629635],[6.1312531941130661,46.177878625792552],[6.131250842569071,46.177820280108087],[6.1312483877103823,46.177798471195636],[6.1312453014124104,46.177775937014609],[6.1312448249863056,46.177774312059775],[6.1312251465887595,46.177634048987194],[6.1312245146651652,46.177631025919773],[6.1312238736349185,46.177628004546108],[6.1312232222465308,46.177624983052375],[6.1312225604567949,46.177621963237428],[6.1312218895820676,46.177618944216796],[6.1312212096007492,46.17761592688997],[6.1312205192612526,46.177612909443042],[6.1312198198151933,46.177609893689883],[6.1312191099677706,46.177606879615524],[6.1312183897406349,46.177603866320482],[6.1312176604284963,46.17760085381979],[6.131216922031351,46.17759784211345],[6.1312161732328816,46.17759483208588],[6.1312154153278753,46.177591823752095],[6.1312146470430795,46.17758881619762],[6.1312138696733429,46.177585809437524],[6.1312130819021924,46.177582804356177],[6.1312122850461535,46.177579800069211],[6.1312114790835244,46.177576797475986],[6.1312106627411689,46.177573795662127],[6.1312098359974385,46.177570795527046],[6.1312090001687922,46.177567796186281],[6.13120815523357,46.177564798539315],[6.1312072998969978,46.177561802571091],[6.1312064354754989,46.177558807397233],[6.1312055606526501,46.177555813902117],[6.1312046767448338,46.177552821201395],[6.1312037824140972,46.177549831078835],[6.1312028790200044,46.177546840851207],[6.1312019664977866,46.177543853216747],[6.1312010435958317,46.177540866361667],[6.1312001115873223,46.177537881200365],[6.1311991691774539,46.17753489771782],[6.1311982176826811,46.177531915029611],[6.1311972570597977,46.177528934934593],[6.1311962860571354,46.177525955618933],[6.1311953059695732,46.177522977097624],[6.131194316753886,46.177520001169498],[6.1311933171368231,46.177517026920206],[6.131192307140112,46.177514053450153],[6.131191289331607,46.177511081688927],[6.1311902611218034,46.177508111606507],[6.1311892225106766,46.177505143202801],[6.1311881760877842,46.177502176507893],[6.1311871179688051,46.177499211476714],[6.1311860520381138,46.177496248154355],[6.1311849757061214,46.177493286510746],[6.131183890267593,46.177490326560907],[6.1311955347783913,46.177490544340273],[6.1312748305437035,46.17749270883963],[6.1312801732675384,46.177353936935042],[6.1312753435350071,46.177322570137676],[6.1312508486745712,46.177147912991614],[6.1312844027769628,46.177168723930897],[6.1313526582840927,46.177212566903641],[6.1313642212664172,46.176993358885937],[6.1313631258524524,46.176903207745625],[6.131357244126435,46.176813091987022],[6.1313442253193555,46.176723341531279],[6.1313249822163716,46.176634238662153],[6.1312989822884703,46.176545956239323],[6.1312664918139026,46.17645840917595],[6.1312277542606219,46.176372138299868],[6.1311824951848513,46.176287948338462],[6.1311310075579177,46.176204319515605],[6.1310736134564472,46.17612412644872],[6.131009454433836,46.176045205330382],[6.1309706800386046,46.176000756644839],[6.1309421537972808,46.17596983658116],[6.1308673743577522,46.175896722933324],[6.1307876279332101,46.175825623598861],[6.130704282631954,46.175759159020998],[6.1306133963982523,46.175693871863267],[6.1305161199423095,46.175630758810733],[6.1304175396118081,46.175573569360076],[6.1303146137282454,46.175519480996087],[6.1302065698411576,46.175468302108008],[6.1300980131538241,46.17542251526865],[6.1300048688782107,46.175387254454783],[6.1299956106452047,46.175395695810671],[6.1297794998075927,46.175343996458196],[6.129627861338065,46.175309575031108],[6.1294664187683807,46.175291647745759],[6.129634127969446,46.174827875858171],[6.1298143511850736,46.174722403397062],[6.1298167378704287,46.174721008698455],[6.129890407692252,46.174677937574685],[6.1300760856271062,46.174536557745768],[6.1301144314393055,46.174507410319592],[6.1308757188386496,46.174990583279993],[6.1314601574255265,46.175372066435607],[6.1314564633898341,46.175374727163607],[6.1315200879383518,46.175419657171204],[6.1317172713485331,46.175547135496707],[6.1317645630796251,46.175578187375116],[6.1317636468063075,46.175578807434363],[6.131914215615927,46.175676736649486],[6.1322485929864534,46.175895490539546],[6.1324355524473999,46.176017786607026],[6.1324965726190293,46.176055115940848],[6.1325930758532348,46.176114363151903],[6.1326154191191735,46.176127847280846],[6.1327014727753717,46.176179955837924],[6.1327033010021594,46.176179165495981],[6.1327409583541606,46.176202279928049],[6.1327934237186046,46.176234471797315],[6.1329006100828547,46.176290623382755],[6.1329092612918723,46.176302610177814],[6.1329949955668619,46.176361467832542],[6.1330953564754545,46.176425529390784],[6.1331029816185563,46.176419718445061],[6.1332867586883406,46.176274439102592],[6.1333290638920284,46.176231653132554],[6.1334176412304471,46.176142021807649],[6.1335524278848901,46.176005715237743],[6.1336966734867948,46.175829324617588],[6.1342547858358012,46.175297382560551],[6.1345039860814108,46.175069739947794],[6.1346787084202248,46.174835563084905],[6.1347022680590459,46.174792984508102],[6.1347177510905944,46.174730861381597],[6.1347152817093482,46.17468150049541],[6.1347238213296214,46.174594103248687],[6.134734498590527,46.174542291599941],[6.1347523112360856,46.174512171050665],[6.134748758535455,46.174470457542448],[6.1348629449396048,46.174307825884668],[6.1348769608302591,46.174176652187498],[6.1349316368579423,46.174093235947346],[6.1350202043057989,46.174013113883625],[6.1350537261414235,46.173958695425483],[6.1350687893228741,46.173906666350746],[6.1350326479127792,46.173798235271249],[6.1350756664053305,46.173761702537782],[6.1352669426834483,46.17377465404747],[6.1353643480345426,46.173772392590699],[6.1353777482425089,46.173770484495819],[6.1356063560378571,46.173742961006816],[6.1357817819875953,46.173731528805398],[6.1358547724581856,46.173712413566861],[6.1359691109016987,46.173664629838122],[6.1360579493228018,46.173610588327882],[6.1362064873265849,46.173551689783793],[6.1364096482685619,46.173445443601537],[6.1366121304501942,46.173340686298083],[6.1367658983131106,46.173308560804387],[6.137028655501048,46.173185599932303],[6.1370672453098729,46.173131974450207],[6.1370659766779339,46.173073149347097],[6.1370569702472171,46.173044538938598],[6.1369727032282526,46.172882359253606],[6.1369814271771981,46.172790015763816],[6.1369819936703962,46.172692261880897],[6.1369456971744087,46.172634695027682],[6.1368287033724886,46.172556867736944],[6.1367981924626003,46.172512597464248],[6.1368134167788924,46.172466630308456],[6.1368387257668253,46.172425084562732],[6.1369157052202112,46.172344740028237],[6.1369276814276867,46.172293253594596],[6.1370235803667557,46.172261164161135],[6.1370977784217526,46.172256107933947],[6.1371808070716565,46.172221649390444],[6.1373044420834058,46.172145101750452],[6.1374154948650075,46.172031274380537],[6.1375423831176334,46.171878689574889],[6.1376047435156984,46.171786939767451],[6.1376087571438855,46.171771320806506],[6.1376303804213554,46.171740251456271],[6.1377360688258582,46.171555087248095],[6.1378318412527273,46.171459407932332],[6.1379502202845204,46.171293870771386],[6.1379862103354927,46.171212004575217],[6.1379936894767058,46.171187541214508],[6.1379902777318209,46.171025448361931],[6.1380054694949155,46.170926434515692],[6.1380390631005275,46.170810447200211],[6.1380463044031632,46.170682516719154],[6.1380592021265787,46.170625626528214],[6.13810035728876,46.170550801419388],[6.1380921755033517,46.17049304190536],[6.1380640237081838,46.170442612973957],[6.1380318712518021,46.170327453423504],[6.1380411726523674,46.170296254467857],[6.1381194389521587,46.170222659943818],[6.1383975795749928,46.170082982917798],[6.1386492985877767,46.169892475340113],[6.1387050840943269,46.169861725004132],[6.1388516303587721,46.169810521253808],[6.1388634033825875,46.169747054839128],[6.1387266180446369,46.169700313873051],[6.1386077539016597,46.169702897524459],[6.1385195642293233,46.169662829947058],[6.1384344215954041,46.169608673324952],[6.1384157124874941,46.169588931772417],[6.1383291237427873,46.169486531823622],[6.1382136597203134,46.169422761312454],[6.1381724953226069,46.169367408608274],[6.1381479332180202,46.169316291456482],[6.1381598130600814,46.16924562078534],[6.1383320701995876,46.169168790831137],[6.1384358178375029,46.169092525528029],[6.1385344186050528,46.169070002681188],[6.1387200149319492,46.169072061645551],[6.1388256154284786,46.169054928271805],[6.1389073425141412,46.169028250174932],[6.1389481493572653,46.168973388321561],[6.1389456600392727,46.168886266798317],[6.1389149264613785,46.168788380679779],[6.1389165614213388,46.168685918536085],[6.1389360762320582,46.168654834555305],[6.1390065903352564,46.168603736620689],[6.1392648148036155,46.168597545064706],[6.1393565166353108,46.168576471467084],[6.1394212526153806,46.168528723686165],[6.1394466064300097,46.168442284694201],[6.1395081044610604,46.168405295739689],[6.1396113843210554,46.168354845777628],[6.1396687837297845,46.168304944064026],[6.139683277589481,46.168283517780225],[6.1397050550128034,46.168222496733925],[6.1397038940316397,46.168189105158731],[6.1396874380010082,46.168134209512566],[6.1397296293137194,46.16812507168715],[6.1397872218700362,46.168132934421287],[6.1398407217832975,46.168160905554586],[6.1398859078165113,46.168199483509859],[6.1399364803815413,46.168250992541779],[6.1399503706034748,46.168282372398572],[6.1399758957342341,46.168319826867595],[6.1400339060579672,46.168336512067235],[6.1401752880260139,46.168315919137626],[6.1402750403252062,46.168281620426043],[6.1403545288763608,46.168260764357449],[6.1403694270193991,46.16826048606643],[6.1403817543730366,46.168281232525423],[6.1403858612139217,46.168288207364206],[6.1404114620811612,46.16832809084449],[6.1404823206588759,46.168408893825983],[6.1404990943841655,46.168460550551437],[6.1405383131206097,46.168581206778377],[6.1405584015479917,46.168825892400505],[6.1405564665149086,46.168967397268858],[6.1403855219927168,46.169534500329682],[6.1403053719339953,46.169716109385782],[6.1402892198714696,46.169751997038745],[6.1401447595481775,46.170032264991391],[6.1401332356907776,46.170053542908654],[6.1401218387167003,46.170074821386407],[6.1399560374102302,46.170396585892782],[6.1397961960884597,46.17072345525996],[6.1397755298746528,46.170769186451857],[6.1397347414147099,46.170859664542263],[6.1396690356431032,46.171005722224159],[6.1395506597435405,46.171267399386039],[6.1393815873648583,46.171600908603281],[6.1393712864269938,46.171619863169163],[6.1393701437490478,46.171621999342946],[6.1392958149272978,46.171760912062076],[6.1392795699338807,46.171791526381028],[6.139092545369512,46.172080027760224],[6.1390174811566753,46.17219008172794],[6.1389348228891825,46.172312979250144],[6.1390494711960368,46.172392219484877],[6.1391108912624208,46.172359615735509],[6.1391840626324923,46.172354870190397],[6.1392576060211406,46.172372184595304],[6.1393150796700731,46.172405607922286],[6.1395311620040127,46.172563890253691],[6.1396384419321937,46.172642525864987],[6.1399151112990493,46.172844973548536],[6.1402817007208101,46.17311319438025],[6.1406973555885251,46.173416949416115],[6.1407040395900889,46.173413786599049],[6.1407222313460208,46.173427671164497],[6.1407225425302494,46.173428035518839],[6.1407228458391492,46.173428404281012],[6.1407231400208788,46.17342877563717],[6.1407234250540785,46.173429150486726],[6.1407237009387128,46.173429528829708],[6.1407239689909128,46.173429909781596],[6.1407242278945473,46.173430294226883],[6.1407244776710588,46.173430681266154],[6.1407247183204401,46.173431070899433],[6.1407249485265831,46.173431464011244],[6.1407251709217761,46.173431858832501],[6.1407253841898344,46.1734322562477],[6.1407255870360773,46.173432656242007],[6.1407257807552131,46.173433058830334],[6.1407259653686994,46.173433463113213],[6.1407261408765015,46.173433869090637],[6.1407263059624588,46.173434277647125],[6.1407264619642534,46.173434686998746],[6.1407266088389285,46.173435098944353],[6.1407267453132821,46.173435512569576],[6.1407268714086864,46.173435926975067],[6.1407269883770228,46.173436343974522],[6.1407270962825367,46.173436760869663],[6.1407271937877717,46.173437179444441],[6.1407272808925706,46.173437599698886],[6.1407273589347042,46.17343801984903],[6.1407274265763769,46.173438441678798],[6.14072748513391,46.173438864303712],[6.1407275333340019,46.173439286809362],[6.1407275711551454,46.173439710095266],[6.1407275986188861,46.173440133261934],[6.1407276169983716,46.173440557223721],[6.1407276262936437,46.173440981980626],[6.1407276239582478,46.173441405703954],[6.1407276125386527,46.173441830222458],[6.1407275907830474,46.173442253722264],[6.140727559964648,46.173442677117762],[6.1407275187888199,46.173443100394046],[6.1407274672769718,46.173443522651645],[6.1407274054077208,46.173443944790037],[6.1407273344971207,46.173444365924688],[6.140727253229068,46.173444786940124],[6.1407271629411495,46.173445206052406],[6.1407270623172492,46.173445624145955],[6.1407269513573013,46.17344604122092],[6.1407268313560817,46.173446457292052],[6.1407267010402871,46.173446871445201],[6.1407265616832198,46.173447284594516],[6.1407264120115652,46.173447695825757],[6.1407262531698725,46.173448111449865],[6.1407260840350917,46.173448524256465],[6.1407259058589974,46.173448936059302],[6.1407257186844717,46.173449345059488],[6.1407255211739624,46.173449753041034],[6.1407253133918216,46.173450157305645],[6.1407250978629904,46.173450560581401],[6.1407248720625249,46.173450960140187],[6.1407246359474996,46.17345135778087],[6.1407243921287886,46.173451752633817],[6.1407241380169078,46.17345214466927],[6.1407238749281321,46.173452533002639],[6.1407236041140836,46.173452919447776],[6.1407233230284799,46.173453302175893],[6.1407230329443676,46.173453682101417],[6.1407227338833303,46.173454058324872],[6.1407224271400169,46.17345443086117],[6.1407221101035745,46.173454800579968],[6.1407217854063108,46.173455165712141],[6.1407214530052725,46.173455528056607],[6.1407211116487703,46.173455885799576],[6.1407207612938208,46.173456240739931],[6.1407204032780527,46.173456591093682],[6.1407200363067576,46.173456936845945],[6.1407196616531312,46.173457278911044],[6.1407192793386862,46.173457616389527],[6.1407188893420139,46.173457950180882],[6.1407184903897747,46.173458279370763],[6.140718085092792,46.173458603089479],[6.1407176721135599,46.173458923121068],[6.1407172514734913,46.173459238566039],[6.1407168231940394,46.17345954852501],[6.1407163885484497,46.173459853912263],[6.1407159462634739,46.173460153813494],[6.1407154963176014,46.173460449128122],[6.1407150400056416,46.173460739871111],[6.1407145773489429,46.173461025142942],[6.1407141083689982,46.173461304044224],[6.1407136317067748,46.173461579258344],[6.140713150015964,46.173461848116766],[6.1407126606857538,46.173462111489201],[6.1407121663055602,46.173462369405414],[6.1407116655806284,46.173462621850483],[6.1407111598056474,46.173462868839344],[6.1407106464128169,46.173463109442743],[6.1407101292645834,46.173463344604805],[6.140709605793119,46.173463573396305],[6.1407090772715964,46.173463796731589],[6.1407085437215745,46.173464013711218],[6.1407080051214828,46.173464225234625],[6.1407706200164913,46.173521628622879],[6.1409191790019682,46.17345852446492],[6.1409204874960457,46.173457960128893],[6.1409217997453958,46.173457401234188],[6.1409231183179918,46.173456848710011],[6.1409244419406201,46.173456301642013],[6.1409257705918368,46.173455760929677],[6.1409271042930227,46.173455225673528],[6.1409284430227942,46.173454696773014],[6.1409297855078897,46.173454173313786],[6.1409311330215752,46.173453656210171],[6.1409324855637948,46.173453145462219],[6.140933843155997,46.173452640170424],[6.1409352057768007,46.173452141234321],[6.1409365721529667,46.173451647739448],[6.1409379435576668,46.173451160600237],[6.1409393186962964,46.173450679801753],[6.1409406988634254,46.173450205358861],[6.1409420827859567,46.17344973635732],[6.1409434717155493,46.173449274610832],[6.1409448644005069,46.173448818305609],[6.1409462608193426,46.173448368341155],[6.1409476622667647,46.173447924732272],[6.140949067469526,46.173447486564726],[6.1409504763847069,46.173447055637347],[6.1409518903498936,46.17344663016614],[6.1409533067328823,46.173446211920222],[6.1409547281658785,46.173445799130462],[6.1409561520165976,46.173445393565949],[6.1409575809173633,46.173444993457693],[6.1409590122573379,46.173444599675214],[6.1409604486045035,46.173444213147853],[6.1409618874122351,46.1734438320468],[6.1409633299324495,46.173443458185979],[6.1409647735971502,46.173443090636049],[6.1409662209958444,46.173442729426874],[6.1409676708122261,46.173442375442932],[6.1409691243839797,46.173442026900283],[6.1409705816681432,46.173441685597815],[6.1409720413915521,46.173441350621168],[6.1409735035541937,46.173441021970319],[6.1409749694506885,46.17344069966024],[6.1409764390811024,46.17344038369086],[6.1409779111292897,46.173440074946733],[6.1409793856166734,46.173439772528504],[6.1409808625432767,46.173439476436037],[6.1409823419091385,46.173439186669391],[6.14098382498742,46.173438904142913],[6.140985310504937,46.173438627942261],[6.1409867984616486,46.173438358067429],[6.1409882875629354,46.173438094503545],[6.1409897803766311,46.173437838179801],[6.1409912756295952,46.173437588181905],[6.1409927720056157,46.173437345394326],[6.1409942721155399,46.17343710894751],[6.1409957733700002,46.1734368788116],[6.1409972770422874,46.173436655900993],[6.1409987818590359,46.173436439301241],[6.1410002904097514,46.173436229042267],[6.141001800083572,46.173436025993645],[6.1410033109018665,46.173435829255915],[6.1410048241379993,46.173435639743488],[6.1410063385186699,46.173435456541959],[6.141007855317091,46.173435280565712],[6.1410093732600854,46.173435110900328],[6.1410108923476452,46.173434947545964],[6.1410124138529527,46.173434791416788],[6.141013936481353,46.173434642497995],[6.1410154602543408,46.173434499890128],[6.1410169851718663,46.173434363593202],[6.1410185112124465,46.173434234506601],[6.1410200383761433,46.173434112630382],[6.1410208110591675,46.173434240280358],[6.1410215797080063,46.17343437418171],[6.1410223482067643,46.173434514379089],[6.1410231126498793,46.173434661727235],[6.14102387433209,46.173434816241056],[6.1410246332962206,46.173434976121698],[6.1410253894994451,46.173435143168007],[6.141026142941735,46.173435317380005],[6.1410268923713378,46.173435496943902],[6.1410276390399847,46.173435683673468],[6.1410283829477388,46.173435877568743],[6.1410291228427267,46.173436076815882],[6.1410298586821401,46.173436283213839],[6.1410305905088665,46.17343649496371],[6.1410313195746218,46.173436713879234],[6.1410320433115384,46.173436939031241],[6.1410327643090294,46.173437170449439],[6.1410334799776045,46.173437408104114],[6.1410341916120856,46.173437652010129],[6.1410348992337926,46.173437901268045],[6.1410356015052754,46.173438157661877],[6.1410362997640222,46.173438419407589],[6.1410369939671527,46.173438688304074],[6.1410376815681804,46.173438962522667],[6.1410383651565477,46.173439242093217],[6.141039043416062,46.173439527900179],[6.1410397163467216,46.173439819943596],[6.14104038524325,46.173440118238325],[6.1410410475376747,46.173440421855219],[6.1410417045247181,46.173440730809098],[6.1410423548882243,46.173441045984497],[6.1410430012390709,46.173441366511852],[6.1410436409877738,46.173441692361315],[6.1410442741129794,46.173442024432312],[6.1410449032469705,46.173442360955796],[6.1410455244627178,46.173442703685964],[6.1410461403710555,46.173443051753082],[6.1410467496773409,46.173443405142329],[6.1410473523815741,46.173443763853705],[6.1410479485051876,46.173444126987754],[6.1410485380052275,46.173444496343372],[6.1410491209246603,46.1734448701216],[6.1410496972420514,46.173445249222027],[6.1410502669787359,46.1734456327451],[6.1410508287973027,46.173446022474799],[6.1410513840566692,46.173446415727796],[6.1410519327139195,46.173446814302871],[6.1410524734959298,46.173447217285691],[6.1410530076758256,46.173447625590683],[6.1410720366960403,46.173464310546983],[6.1411410571918879,46.173524757287183],[6.141395402395923,46.173754416140653],[6.1416269145645437,46.173985523860786],[6.1419256356606704,46.174217007230631],[6.1426668141838086,46.174793584471082],[6.1428359554651228,46.174956741352489],[6.1428412983457346,46.17498254624207],[6.142955362900631,46.17508786285152],[6.1430701109781403,46.17520811471266],[6.1431348251970102,46.175276531373683],[6.1432636779639509,46.175412759678267],[6.1433255964214997,46.175474871528216],[6.143569360274693,46.175719409536228],[6.1435869150554216,46.175733184644756],[6.1436496547646771,46.175698774406293],[6.1436793558786649,46.175724917461523],[6.1437560062829712,46.175787650785068],[6.1438465147903081,46.175861687534479],[6.1439450210665285,46.175937071990525],[6.1440390900777428,46.176008450415424],[6.1441400576677392,46.176083177395704],[6.1443839429772762,46.176263738624016],[6.1445873328666236,46.176414631844402],[6.1449455236797048,46.176679414534412],[6.1451324461600532,46.176819758887014],[6.1454066688586746,46.177021773246963],[6.1455724828254334,46.177132863643884],[6.1458529384044738,46.177318027151848],[6.1459300465412827,46.177353349110817],[6.145972891084404,46.177364890138655],[6.14601400787953,46.177361930976012],[6.1460501997698502,46.177348319801382],[6.1460851785680681,46.1773313631912],[6.1461192582529627,46.177314036392453],[6.1461794404812906,46.177282616557761],[6.1462392569073909,46.177250291018922],[6.1462798064334612,46.177227641135374],[6.1463457196434588,46.177189448417828],[6.146409300446507,46.177151138067273],[6.1465342847112749,46.177073861637062],[6.1467122234133722,46.176963910767284],[6.1467454344886328,46.176945129845294],[6.1470101927654772,46.176783461717498],[6.1473271106018821,46.176590277986179],[6.1473283792710562,46.176591283062798],[6.1473323160629612,46.176589168910056],[6.1474316186137559,46.176535349901798],[6.147525815218823,46.176489300470884],[6.1476141919145046,46.176448581517782],[6.1476742806560196,46.176422062199279],[6.1477309150534047,46.176399374631515],[6.1478048090053523,46.176461160411264],[6.1478910872630257,46.176428363204074],[6.1479887625478558,46.176438640840438],[6.1480354391553336,46.176420523786419],[6.1480857054126341,46.176361027393305],[6.1482456844792344,46.176306899845741],[6.1482663426286166,46.176314875294111],[6.1484451362612944,46.176448944745665],[6.1485396389557438,46.176519793493313],[6.1485847377290792,46.17655287698274],[6.1487289973808235,46.176658703072832],[6.1488733029211122,46.176764419736521],[6.149157900109504,46.176580235037619],[6.1494983763603166,46.176832428036086],[6.1497050936022557,46.176985030491579],[6.1499443827085374,46.17716247430225],[6.1496037073478433,46.177304948663249],[6.1497543997858042,46.177406079527358],[6.1500325390477073,46.177513052555682],[6.1502104591683988,46.177553301264524],[6.1504359370702648,46.177614328591176],[6.1506332030446638,46.177646541257147],[6.1508357260004534,46.177609807231804],[6.1509744676248985,46.177559212823965],[6.1511524074859585,46.177575999302142],[6.1513289932142765,46.177535281374873],[6.1518441210422061,46.177817729596455],[6.1521887893710918,46.178106773409034],[6.1523461602805281,46.178374785701415],[6.1523480482610644,46.178514077708975],[6.1523583010378546,46.178557019426933],[6.1524496129719211,46.178600706658735],[6.1524332658543148,46.17865499313794],[6.1525721757457053,46.178903329953307],[6.1526303209063142,46.179052990856157],[6.1526728024061308,46.179287113206627],[6.1527945972763494,46.179368637415095],[6.1533122577276487,46.179599967049086],[6.1538282145871914,46.179843511397749],[6.1538711855990815,46.180191101942434],[6.1540260399514644,46.181397582336835],[6.154172508452465,46.182505223542407],[6.1543890730130828,46.183839829722267],[6.1545292825834323,46.184708935411678],[6.1544084453720869,46.185238891627272],[6.1541831216287513,46.185667256247292],[6.1537511210254472,46.186111810318486],[6.1534394870522657,46.186291231196385],[6.1530866457998856,46.186443913591333],[6.1525848325640391,46.186562126373076],[6.1522497142591632,46.186620343908068],[6.1517756803001973,46.186654429548781],[6.1510926586771513,46.186656740459448],[6.1499166879963232,46.186742404988678],[6.1488655739158808,46.186806638679883],[6.1481935225232078,46.18686810720336],[6.1474741529162715,46.186840161331737],[6.1467113228807984,46.186798660472562],[6.145966760345261,46.186755494276419],[6.1454027046420352,46.186766882272131],[6.1452615583429804,46.18677514587187],[6.1448374886596673,46.186803844694644],[6.1439149924199246,46.186937971712766],[6.1435703692263299,46.187039846536244],[6.1427611605649961,46.187347737666769],[6.1419479959604519,46.188003137579095],[6.1418878322098696,46.188098073142079],[6.1416917920667542,46.188526679768742],[6.1414384055039939,46.189084630725787],[6.1409617837093515,46.188963881697191],[6.1407850070405496,46.188919425878815],[6.1407099224119541,46.18890038288702],[6.1403398514829757,46.188806627784814],[6.139703784301954,46.18864527061092],[6.1395580080979952,46.188758758332739],[6.1395060336987113,46.188760941520236],[6.1392528531628834,46.188772150111276],[6.1389051683432188,46.188788756781541],[6.1387635964747815,46.18879531602186],[6.1385169949262846,46.188806741836103],[6.138486661891247,46.188808146571027],[6.1382512299837693,46.188817966869266],[6.13821464584358,46.188819620647955],[6.1380219609108959,46.188827974701411],[6.1379845250681599,46.188829599691175],[6.1378466235451654,46.188835858229055],[6.1377956466791197,46.188837977461333],[6.1376592771225029,46.188844146377001],[6.1374281656418468,46.188854591492898],[6.1373940103615805,46.18885635219879],[6.1371747402178372,46.188831753983521],[6.1370075896294392,46.188813323163572],[6.1366704846794695,46.18915861040157],[6.1362874877756033,46.189550924090483],[6.1361396257382212,46.189702001906788],[6.1358698422805977,46.189977292455652],[6.1358483079457606,46.189999812929052],[6.1356297832204385,46.190223453035365],[6.1355862172169182,46.190268471952123],[6.1355428164543175,46.190313403693324],[6.1353455186685704,46.190514127048324],[6.1352168006713725,46.190645847800731],[6.1351023105065554,46.190763327101706],[6.1350204840471054,46.190846827571022],[6.1348702379130549,46.190769888234314],[6.1346486924469072,46.190657043065727],[6.1344116623797138,46.190536190256346],[6.1343044252375369,46.190480977291664],[6.134066032869403,46.19035768153833],[6.1338713919870038,46.190257467156457],[6.1337418747697603,46.190191383239458],[6.1335481498312374,46.190090998946808],[6.1334144477224077,46.190021356555498],[6.1332957301423985,46.189959437567119],[6.1332815209939406,46.189952346456771],[6.1331564949725239,46.189888915715834],[6.1329865355010789,46.189803105080159],[6.1327625625210755,46.189690578001489],[6.132596116338533,46.189606163264351],[6.1320035525869363,46.189303875444864],[6.1318786166039123,46.189239892792486],[6.1318460916465449,46.189224401268362],[6.1315851192128648,46.189381184757529],[6.1310100071006568,46.189088125798172],[6.1303947154861058,46.188774632009768],[6.1303228281444202,46.188736823834255],[6.1302959384468894,46.18872382996873],[6.1299225199854002,46.188532510012017],[6.1291495473436104,46.188138135076095],[6.1290748093242469,46.188100000593209],[6.1290653087589932,46.188029130958554],[6.1289515449676291,46.187971081280445],[6.1289486156261086,46.187969594274307],[6.1289456809963854,46.187968111705075],[6.1289427410568518,46.187966634472254],[6.1289397958074696,46.187965162575793],[6.128936845248198,46.187963696015714],[6.1289338880841164,46.187962234776968],[6.1289309269051735,46.187960778889625],[6.1289279604164166,46.187959328338657],[6.1289249886394108,46.187957882224623],[6.1289220102359421,46.187956442331412],[6.1289190278392756,46.187955006890128],[6.1289160401328102,46.187953576785191],[6.1289130470947706,46.187952152916104],[6.1289100487685797,46.18795073348393],[6.1289070451325536,46.187949319388146],[6.1289040361866522,46.187947910628736],[6.128901021930913,46.18794650720568],[6.1288980023653128,46.187945109118978],[6.1288949787632783,46.187943717283147],[6.1288919498730179,46.187942329884216],[6.1288889143778587,46.187940947806645],[6.1288858748678852,46.187939571080449],[6.1288828313431045,46.18793819970567],[6.1288797811918094,46.187936834551699],[6.1288767270473299,46.187935473849635],[6.1288736715862999,46.187934114031918],[6.1288706121104601,46.187932759565591],[6.1288675460297464,46.187931410420603],[6.1288644772075207,46.18793006754148],[6.1288614018021459,46.187928729084241],[6.1288583223602497,46.187927396877861],[6.1288552376301242,46.187926069108379],[6.1288521475685274,46.187924747574684],[6.1288490534921074,46.187923431392434],[6.128845954105814,46.187922120546531],[6.1288428494096445,46.187920815036989],[6.1288397406770168,46.187919515778283],[6.1288366279511894,46.187918220971547],[6.1288335098938367,46.187916932400597],[6.1288303865266478,46.18791564916598],[6.1288272591446376,46.187914371282801],[6.128824126431037,46.187913099635402],[6.1288209897243027,46.187911832439973],[6.1288178476860571,46.187910571480323],[6.1288147016329511,46.187909315872083],[6.1288115502699947,46.187908065600205],[6.1288083948705525,46.187906821579148],[6.1288052354562383,46.18790558290948],[6.1288020707320872,46.187904349576165],[6.1287989019930738,46.187903121594282],[6.1287959680345034,46.187901988106688],[6.1287930300393834,46.187900860869931],[6.1287900867343881,46.187899738969541],[6.1287871393928466,46.187898623320024],[6.1287841867630632,46.187897512107391],[6.1287812313701622,46.187896408060148],[6.1287782706890104,46.187895308449761],[6.1287753059713221,46.187894215090246],[6.1287723359437587,46.187893127067085],[6.128769363174686,46.187892045309823],[6.1287663850957399,46.187890968888894],[6.1287634030018916,46.187889897819396],[6.1287604155765107,46.187888832985699],[6.1287574254312922,46.187887773518405],[6.1287544299544745,46.187886720286969],[6.1287514317578351,46.18788567242192],[6.1287484282296214,46.187884630792688],[6.1287454206865828,46.187883594514844],[6.1287424091069473,46.187882564487886],[6.1287393935125136,46.187881539812281],[6.1287363739031555,46.1878805204881],[6.1287333502572476,46.187879507414756],[6.1287303225747811,46.187878500592213],[6.12872729217254,46.187877499136128],[6.1287242564603135,46.187876503016412],[6.1287212167116012,46.187875513147496],[6.1287181729263391,46.187874529529452],[6.1287151186943571,46.187873549388719],[6.1287120604475263,46.187872574599375],[6.1287089981641731,46.187871606060909],[6.1287059331392735,46.18787064378828],[6.1287028628044729,46.187869686852018],[6.128699789728163,46.187868736181628],[6.1286967126369793,46.18786779086264],[6.1286936315091838,46.187866851794467],[6.1286905476399287,46.187865918992124],[6.1286874584607123,46.18786499152619],[6.1286843665400488,46.1878640703261],[6.1286812705827876,46.18786315537686],[6.1286781719056274,46.187862245794044],[6.1286750691919565,46.187861342462043],[6.1286719624417367,46.187860445380899],[6.1286688516549201,46.187859554550577],[6.1286657381482792,46.187858669086687],[6.1286626219217792,46.18785778898922],[6.1286595003419793,46.187856916026981],[6.1286563760423451,46.187856048431165],[6.1286532490011503,46.187855187101214],[6.1286501179234332,46.18785433202212],[6.1286469841258056,46.18785348230945],[6.1286438462916424,46.187852638847559],[6.128640704420917,46.18785180163654],[6.1286375598086709,46.18785097069135],[6.1286344124765266,46.187850145112606],[6.1286314632738188,46.187849429797183],[6.1286285113296008,46.187848720747652],[6.1286255566221124,46.187848018863399],[6.128622599194725,46.187847322345633],[6.1286196377308011,46.18784663207866],[6.1286166735036431,46.187845948977028],[6.1286137065565498,46.187845271241827],[6.12861073557292,46.187844599757398],[6.1286077631210327,46.187843935453373],[6.1286047866542814,46.187843276500757],[6.1286018074242081,46.187842624713419],[6.1285988267476537,46.187841979207022],[6.1285958420561855,46.187841339052],[6.1285928546014468,46.187840706062303],[6.128589864405134,46.187840079338486],[6.1285868714672613,46.187839458880511],[6.1285838757878288,46.1878388446884],[6.1285808773451613,46.187838237661623],[6.1285778761825833,46.187837636001305],[6.1285748722784197,46.18783704060683],[6.1285718669060234,46.187836452392673],[6.1285688574970667,46.18783587042936],[6.1285658466415365,46.187835294747003],[6.1285628330444224,46.187834725330482],[6.1285598167057387,46.18783416217984],[6.1285567976254134,46.187833605295076],[6.1285537757819073,46.187833055575616],[6.128550752513477,46.187832511237623],[6.1285477264818145,46.187831974064906],[6.1285465897103899,46.187831735039943],[6.1285454502189802,46.187831501381503],[6.1285443079425956,46.187831275787808],[6.128543162946265,46.187831055560679],[6.128542015186607,46.187830842498848],[6.1285408659587066,46.187830636617498],[6.1285397127157779,46.187830436087587],[6.1285385579829414,46.187830243637542],[6.1285374005300941,46.187830056553963],[6.1285362415873879,46.187829877550271],[6.1285350799245926,46.187829703913081],[6.128533916793578,46.187829537456274],[6.1285327508992644,46.187829378164878],[6.1285315835583285,46.187829225154402],[6.1285304147490951,46.187829079324409],[6.1285292444932784,46.187828939775351],[6.1285280714958255,46.187828806492249],[6.1285268983033889,46.187828681304026],[6.1285257223910294,46.187828561482327],[6.1285245462837112,46.187828449755486],[6.1285233674347825,46.18782834429463],[6.1285221884342214,46.187828245129765],[6.1285210079653876,46.187828153145297],[6.1285198260282714,46.187828068341268],[6.1285186439395432,46.187827989833259],[6.1285174603825334,46.187827918505675],[6.1285162766522898,46.187827854373538],[6.1285150914753865,46.187827796522392],[6.1285139061468747,46.187827744967223],[6.1285127193284561,46.187827701491948],[6.1285115323584147,46.187827664312671],[6.1285103465317672,46.187827633444435],[6.1285091579418092,46.187827609741632],[6.1285079704736312,46.187827593249288],[6.1285067828321944,46.187827583952391],[6.1285055950390745,46.187827580951542],[6.1285044070944092,46.187827584246683],[6.1285032202498142,46.187827595651818],[6.1285020319802719,46.187827612438447],[6.1285008448107865,46.187827637335033],[6.1284996574897024,46.187827668527603],[6.1284984712903761,46.187827706930719],[6.1284972849394412,46.187827751629818],[6.1284960997102242,46.187827803539435],[6.1281904985896283,46.187816391869887]]]},"properties":{"OBJECTID":128,"ID_Parking_Fondation":null,"Polygon_ID":97,"Code_Tarif":"2500","Nom_Parking":"Voie publique","Type_Vehicule":"auto","Adresse_Rue":null,"Adresse_No":null,"Adresse_NPA":1227,"Adresse_Localite":"Carouge","Type_Parking":null,"Capacite":null,"Statut":"ouvert","Group_Sector_ID":null,"Group_Service_ID":null,"GlobalID":"{4D3DBEE3-D465-40B8-9C70-BF1ECA45F70A}","Shape__Area":2696639.3040918056,"Shape__Length":8992.9241468646414}},{"type":"Feature","id":129,"geometry":{"type":"Polygon","coordinates":[[[6.1278118667258266,46.189434563705319],[6.1278132992378929,46.18944801445452],[6.1278147408377386,46.189461464409696],[6.1278161915036851,46.189474914470175],[6.1278176512574474,46.189488363736594],[6.1278191213940891,46.189501812223952],[6.127820600596845,46.189515260816663],[6.1278220901825318,46.189528708630348],[6.1278235875609433,46.189542155634868],[6.1278250953006346,46.189555602759825],[6.1278266134232089,46.189569049105671],[6.1278281393385559,46.189582494642437],[6.1278296756151205,46.189595940299547],[6.1278312222963418,46.189609384278199],[6.1278327767486775,46.189622828347147],[6.1278343415623056,46.189636272536482],[6.127835915463776,46.189649715931751],[6.1278374997699014,46.189663157648503],[6.1278390931205422,46.189676600370035],[6.1278406955808267,46.189690041398059],[6.1278423071073149,46.189703482531428],[6.1278433477003889,46.189712446493388],[6.1278443779116403,46.18972141123443],[6.1278453990360688,46.189730376769504],[6.1278464098003589,46.189739342184183],[6.1278474114561137,46.189748309292369],[6.1278484027734192,46.189757275380742],[6.1278493849822393,46.189766243162602],[6.1278503581258743,46.189775210839137],[6.1278513208876833,46.189784179294655],[6.12785227326758,46.189793148529255],[6.127853217877405,46.189802117673501],[6.1278541508102666,46.189811087581752],[6.1278550759730432,46.189820057399707],[6.1278559894371432,46.189829028881057],[6.1278568951311971,46.189838000272104],[6.1278577904649474,46.189846971542742],[6.1278586754168236,46.189855943592434],[6.1278595512818388,46.189864916436207],[6.1278604180816556,46.189873889174578],[6.1278612744994936,46.189882862692038],[6.1278621218305096,46.189891837003572],[6.1278629588012885,46.189900811194669],[6.1278637866851531,46.189909786179889],[6.1278646041870539,46.189918761944107],[6.1278654126237688,46.189927737603007],[6.1278662119735596,46.189936714055968],[6.1278670009630858,46.189945690388534],[6.1278677795706358,46.189954667500118],[6.127868549112935,46.189963644506378],[6.1278693095682959,46.189972622306705],[6.1278701431963922,46.189982273022324],[6.127870966464223,46.189991923617477],[6.1278717806451812,46.190001575006782],[6.1278725857392145,46.190011227190155],[6.1278733804730079,46.190020879253133],[6.1278741661198772,46.190030532110171],[6.1278749427015367,46.190040184861886],[6.1278757089228524,46.19004983749322],[6.1278764660356213,46.19005949181804],[6.1278772141048155,46.190069145138089],[6.1278779517703699,46.190078800136604],[6.1278786803923238,46.190088454130304],[6.1278793999056909,46.19009810981759],[6.1278801090803672,46.190107764485013],[6.1278808091464558,46.190117420845944],[6.1278814988738919,46.190127076187061],[6.127882180787755,46.190136733236727],[6.1278828523629407,46.19014638926658],[6.127883513534397,46.190156046974884],[6.1278841656622793,46.19016570367841],[6.127884808703123,46.19017536117601],[6.1278854426570533,46.190185019467734],[6.1278860662506052,46.19019467763907],[6.1278866794620797,46.19020433658941],[6.1278872849033155,46.190213995449461],[6.127887879984188,46.190223654189097],[6.1278884659780459,46.190233313722857],[6.1278890416114615,46.190242973136222],[6.1278895717350901,46.190252962205228],[6.1278900927716915,46.190262952068323],[6.1278906047429409,46.19027294182608],[6.1278911076488152,46.190282931478528],[6.127891600172596,46.190292921909965],[6.1278920849260512,46.190302912251106],[6.1278925592974156,46.190312903371321],[6.1278930246034298,46.190322894386192],[6.1278934808440004,46.190332885295682],[6.1278939280192342,46.190342876099876],[6.1278943661073626,46.190352867698124],[6.1278947938133399,46.19036286007546],[6.1278952137707412,46.19037285146301],[6.1278956233459239,46.190382843629607],[6.127896023855703,46.190392835690872],[6.1278964152783795,46.190402828546247],[6.1278967976356151,46.190412821296256],[6.1278971696323721,46.190422813925892],[6.1278975338587918,46.190432806465211],[6.1278978877030141,46.190442799783582],[6.1278982324817619,46.190452792996624],[6.1278985681950919,46.190462786104312],[6.1278988948212687,46.190472780006075],[6.1278992123820064,46.190482773802493],[6.1278995195822104,46.190492767478567],[6.1278998190119873,46.190502761064309],[6.1279001080596105,46.190512755429097],[6.1279003534096921,46.190523541908938],[6.1279005883992541,46.190534328268321],[6.1279008155967158,46.19054511543689],[6.1279010324552683,46.190555901585633],[6.1279012402266435,46.190566688528449],[6.1279014376373864,46.190577475350892],[6.1279016272561142,46.190588262982502],[6.1279018065358475,46.190599049594248],[6.1279019767283636,46.190609837000096],[6.1279021378553606,46.190620624300585],[6.1279022886217254,46.190631411480723],[6.1279024315960013,46.190642199469956],[6.127902564231257,46.190652986439432],[6.1279026877793443,46.190663774202953],[6.1279028022618025,46.190674561861144],[6.1279029063836639,46.190685349398933],[6.1279030027350094,46.190696136846441],[6.1279030887256587,46.190706924173583],[6.1279031656291174,46.190717712294784],[6.1279032334886168,46.19072849941125],[6.1279032909657847,46.190739287306705],[6.1279033393773332,46.190750075096837],[6.1279033787233015,46.190760862781687],[6.1279034089819637,46.190771651260548],[6.1279034301966675,46.190782438734686],[6.1279037729942774,46.190919410819539],[6.1279041632877549,46.191075758182045],[6.1279045535836296,46.191232105545815],[6.1279049323601367,46.191381994835254],[6.1279053111604407,46.191531883226396],[6.1279056899413549,46.19168177251823],[6.1279060648390677,46.191831661766017],[6.1279064384655637,46.191981550100571],[6.1279068133676322,46.192131439350767],[6.1279071922439954,46.192281325049571],[6.1279075711008426,46.19243121164898],[6.1279079499816254,46.192581097350164],[6.1279083248924957,46.192730986605106],[6.1279086985320452,46.192880874946745],[6.127909073447297,46.193030764204075],[6.1279094522501181,46.193180653507696],[6.1279098310768454,46.193330541913056],[6.1279102098840879,46.193480431219044],[6.1279105848080881,46.193630320481049],[6.1279109584607436,46.193780208829764],[6.1279113333891004,46.193930098094114],[6.1279115965064159,46.194038009432894],[6.1279120267086498,46.194208887205562],[6.1279124569137329,46.194379764979729],[6.1279127721247706,46.194505086741302],[6.1279130860421791,46.194630408488578],[6.1279131370428219,46.194631410431207],[6.1279131789771721,46.194632412268497],[6.1279132105500995,46.194633413985379],[6.1279132330351098,46.194634416496342],[6.1279132451585978,46.194635418886897],[6.1279132482158314,46.19463642117212],[6.1279132409116324,46.194637423336985],[6.1279132245411754,46.194638425396434],[6.1279131978092742,46.194639427335552],[6.1279131620110778,46.194640429169269],[6.1279131158513733,46.194641430882648],[6.1279130606254508,46.194642432490639],[6.1279129950380957,46.194643433978264],[6.1279129190892538,46.194644435345481],[6.1279128353909735,46.194645435722968],[6.1279127400360807,46.194646435964984],[6.127912636931776,46.194647435217313],[6.1279125221707655,46.194648434334191],[6.127912399638733,46.194649433360752],[6.1279122654716947,46.194650431352443],[6.1279121235552472,46.194651428354391],[6.1279119712773129,46.194652425235979],[6.1279118086596185,46.194653421097719],[6.1279116369755942,46.194654416854121],[6.127911454973523,46.194655410691254],[6.1279112639050703,46.194656404423029],[6.1279110637920891,46.194657397150003],[6.1279108533609836,46.194658387957752],[6.1279106325683941,46.194659378645113],[6.1279104040263395,46.194660368342724],[6.1279101651445647,46.1946613570205],[6.1279099159229418,46.194662344678449],[6.1279096576783871,46.194663330432178],[6.1279093890940466,46.194664315166101],[6.1279091127602694,46.194665298910294],[6.1279088261083681,46.194666280735198],[6.1279085290949817,46.194667262439722],[6.1279082230803397,46.194668241340565],[6.1279079079993926,46.194669220136127],[6.1279075826220089,46.194670196112924],[6.1279072481999961,46.19467117108497],[6.1279069047333516,46.194672145052266],[6.1279065509702582,46.194673116200839],[6.1279061894577644,46.194674086359633],[6.1279058163102178,46.194675055483636],[6.1279054354566584,46.194676021818964],[6.1279050494006171,46.194676988993571],[6.1279046530264791,46.194677954248895],[6.127904247607697,46.19467891849942],[6.1279038331876601,46.194679879946314],[6.1279034084494617,46.194680839473939],[6.127902974688344,46.194681797097367],[6.1279025331994372,46.194682752831632],[6.1279020800972299,46.194683706631565],[6.1279016192888944,46.194684657642902],[6.1279011494576254,46.194685606750021],[6.1279006693082367,46.194686553937871],[6.1279001801575266,46.194687498322061],[6.1278996832790522,46.194688440817103],[6.1278991760824564,46.194689381392863],[6.1278986598845524,46.194690319165019],[6.1278981346854309,46.194691254133453],[6.1278976004632906,46.194692187197724],[6.1278970559446755,46.194693117443272],[6.1278965037199953,46.194694044900231],[6.1278959424940238,46.194694969553545],[6.1278953722451313,46.194695892302619],[6.127894792994895,46.194696812248033],[6.1278942047650142,46.194697728490375],[6.1278936075122399,46.194698642828527],[6.1278930012581601,46.194699554363012],[6.1278923860027712,46.194700463093817],[6.1278917630413199,46.194701369036046],[6.1278911311002204,46.19470227127519],[6.127890488862664,46.194703170695625],[6.1278898389189651,46.194704067327457],[6.1278891812692038,46.194704961170707],[6.1278885133229659,46.194705852195227],[6.127887837692291,46.194706739531725],[6.1278871530819705,46.194707623165087],[6.1278864594703801,46.194708503994846],[6.1278857581526998,46.194709382036031],[6.1278850478553499,46.194710256374073],[6.127884329851935,46.194711127923533],[6.1278836028905257,46.194711994870481],[6.127882866906198,46.194712859913182],[6.127882123259103,46.194713720368405],[6.1278813719275309,46.194714577135613],[6.1278806115947297,46.194715431099191],[6.1278798422822316,46.194716281359646],[6.1278790652853541,46.194717127932051],[6.127878276696789,46.194717971670755],[6.1278774804454432,46.194718810821911],[6.1278766751928444,46.194719647169464],[6.1278758622557765,46.19472047982898],[6.1278750403607649,46.19472130788597],[6.1278742120764553,46.194722132269924],[6.1278733748125891,46.194722952950819],[6.1278725298642698,46.194723769943671],[6.1278716759579659,46.19472458233399],[6.1278708156624155,46.194725391051378],[6.1278699463872464,46.194726196065645],[6.1278690694493347,46.194726996492406],[6.1278681861437994,46.194727792346725],[6.1278672938586443,46.194728584498009],[6.1278663938890494,46.194729372961227],[6.1278654862567148,46.194730156836947],[6.127864570961612,46.194730936125204],[6.127863649277189,46.194731711740502],[6.1278627186565311,46.194732481853826],[6.1278617816466001,46.194733248294163],[6.1278608356570876,46.194734011031358],[6.1278598833215989,46.19473476829674],[6.127858924618538,46.19473552098971],[6.1278579569358689,46.194736269979565],[6.1278569828856275,46.194737014396978],[6.12785600119427,46.194737753327466],[6.1278550131136251,46.194738488585017],[6.1278540173919263,46.194739218355608],[6.1278530139857779,46.19473994443819],[6.1278520042336888,46.194740665048876],[6.1278509868188475,46.194741381072092],[6.1278499630580949,46.194742091623468],[6.1278489329080568,46.194742798501835],[6.1278478951169273,46.194743499893299],[6.1278468509582611,46.194744196712321],[6.1278457991584538,46.194744888044433],[6.1278447409693886,46.19474557570355],[6.1278436764561084,46.194746256991387],[6.1278426055752293,46.194746933706767],[6.1278415283267256,46.19474760584972],[6.1278404434371705,46.19474827250577],[6.1278393534968441,46.194748933704993],[6.1278382558938018,46.194749590316718],[6.1278371532399918,46.194750241471695],[6.127836042923402,46.194750888039138],[6.1278353118615501,46.194751279904182],[6.1278345731586086,46.194751666282258],[6.1278338306784246,46.194752048118026],[6.1278330805788768,46.194752423567479],[6.1278323254286224,46.194752793560099],[6.1278315652276074,46.194753158095914],[6.1278307987024094,46.194753516260448],[6.1278300271048165,46.19475386986759],[6.1278292504781771,46.194754217118508],[6.1278284675056529,46.194754558897529],[6.1278276807992622,46.194754894335375],[6.127826887746961,46.194755224301375],[6.1278260896440022,46.194755548810576],[6.1278252878071262,46.194755866978568],[6.1278244796460655,46.194756178775258],[6.12782366772944,46.194756485130206],[6.1278228507838062,46.194756785128916],[6.1278220300826183,46.194757079685836],[6.1278212043524514,46.194757367886524],[6.1278203735932131,46.194757649730974],[6.127819539100094,46.194757925234235],[6.1278187008514893,46.194758195295726],[6.127817857595474,46.194758458101546],[6.1278170118791868,46.19475871548066],[6.1278161611337776,46.194758966503514],[6.1278153066546048,46.194759211185172],[6.1278144484415291,46.194759449525655],[6.1278135865162486,46.194759680625495],[6.1278127208355047,46.194759906283579],[6.1278118527160341,46.194760125615517],[6.1278110421048737,46.19476032402325],[6.1278102290333285,46.194760517004305],[6.1278094135015087,46.194760704558661],[6.1278085955092774,46.194760886686268],[6.1278077750567883,46.19476106338719],[6.1278069508703661,46.194761233746888],[6.1278061255188288,46.194761398694965],[6.127805297728643,46.194761557316909],[6.1278044674564454,46.194761711411516],[6.1278036347455762,46.194761859180041],[6.1278028008695493,46.194762001536866],[6.1278019645548598,46.194762137567544],[6.1278011257798726,46.194762268171537],[6.1278002769034092,46.1947623878619],[6.127799425588349,46.194762501226137],[6.1277985731514564,46.194762607379836],[6.127797718275902,46.194762707207396],[6.1277968622785259,46.19476279982441],[6.1277960051593823,46.194762885230908],[6.1277951468967844,46.194762964326323],[6.1277942862171466,46.194763036196122],[6.1277934244157279,46.19476310085544],[6.1277925627659693,46.194763159218688],[6.1277916999945043,46.194763210371399],[6.1277908360794822,46.19476325521304],[6.1277899710426897,46.194763292844165],[6.1277891061792973,46.194763323279808],[6.1277882401940964,46.194763346504907],[6.1277873743605911,46.194763363433957],[6.1277865074052942,46.194763373152512],[6.1277856419185737,46.194763375690613],[6.1277847752883954,46.194763371917617],[6.1277839088532504,46.194763360049755],[6.1277830425481685,46.194763342785215],[6.1277821777333381,46.194763317440888],[6.1277813117750135,46.194763285785413],[6.1277804472852377,46.194763246949563],[6.1277795842640534,46.194763200933238],[6.1277787213945665,46.194763148620865],[6.1277778586985034,46.19476308911306],[6.1277769974710043,46.194763022424816],[6.1277761376904172,46.194762949455544],[6.1277752794000717,46.194762868406436],[6.1277744225349258,46.194762781975804],[6.127773565864854,46.194762687450272],[6.1277727119369025,46.194762586658747],[6.1277718594558523,46.194762479586231],[6.1277710097601812,46.19476236444892],[6.1277701614897495,46.19476224393005],[6.1277693147095853,46.194762115331322],[6.1277684706714997,46.194761980466652],[6.1277676280803437,46.194761839320982],[6.1277667882529538,46.194761691009958],[6.1277659511893106,46.194761535533559],[6.1277651168677325,46.194761373791231],[6.1277642852882765,46.194761205782967],[6.1277634564725503,46.194761030609271],[6.1277626303989319,46.194760849169676],[6.12776182770369,46.194760665302681],[6.1277610290239846,46.194760476084248],[6.12776023308641,46.194760280599859],[6.1277594399126167,46.1947600779501],[6.1277586507544104,46.194759869948918],[6.1277578643382613,46.194759655681757],[6.1277570819594072,46.194759435163739],[6.1277563023226636,46.194759208379757],[6.1277555267231785,46.194758975344897],[6.1277547564344719,46.194758736973633],[6.127753988909534,46.194758491436986],[6.1277532240833921,46.194758241433284],[6.1277524659065064,46.194757984309327],[6.1277517104500774,46.194757721818917],[6.1277509590309087,46.194757453077614],[6.1277502129225319,46.194757178999886],[6.1277494708513753,46.194756898671265],[6.1277487327959088,46.194756612991206],[6.1277480000728541,46.194756321075289],[6.1277472726606179,46.194756023822997],[6.1277465492639678,46.194755721219266],[6.1277458311998068,46.194755412379642],[6.1277451171512327,46.194755098188622],[6.1277444097085789,46.194754778676227],[6.1277437063032849,46.194754452912939],[6.1277430095039245,46.194754121828325],[6.1277423166985114,46.194753786291677],[6.1277416305207062,46.194753444534257],[6.1277409496537434,46.194753097440412],[6.1277402740975448,46.194752745010177],[6.1277396038304621,46.194752388142966],[6.1277389401910378,46.19475202505501],[6.1277382831359191,46.194751657545069],[6.1277376313915415,46.194751284698796],[6.1277369849580037,46.19475090651607],[6.1277363808970913,46.194750544120467],[6.1277357821252831,46.194750177287837],[6.1277351886426397,46.194749806018301],[6.1277346004490374,46.194749430311781],[6.1277340188180798,46.194749051082752],[6.1277334424979371,46.194748666517356],[6.1277328727404186,46.194748278429437],[6.1277323082719759,46.194747885904583],[6.1277317503878779,46.19474748895783],[6.1277311990880516,46.194747087589136],[6.1277306530556785,46.194746682682897],[6.1277301135859634,46.194746274254207],[6.1277291296231029,46.194745494487968],[6.1277281522229528,46.194744711199235],[6.1277271840191316,46.194743922619267],[6.1277262211044512,46.19474312960233],[6.1277252673644886,46.194742332193563],[6.127724320187145,46.194741531262295],[6.1277233808892886,46.194740725924156],[6.1277224494925964,46.194739915279733],[6.1277215259537785,46.194739101127894],[6.1277206089992937,46.194738282554113],[6.1277197011977629,46.194737460487978],[6.1277187999805918,46.194736633999923],[6.1277179079380986,46.194735803120011],[6.1277170224582633,46.194734968717661],[6.1277161448579038,46.19473412990844],[6.1277152764322098,46.194733286707375],[6.1277144145692013,46.194732439983838],[6.1277135605639783,46.19473158975287],[6.127712715733499,46.194730735130101],[6.1277118787608194,46.194729876999915],[6.1277110837706443,46.194729050846568],[6.1277102966165922,46.194728222085253],[6.1277095160468766,46.194727388902017],[6.1277087433349582,46.19472655221135],[6.127707978459167,46.194725712912685],[6.1277072214412618,46.194724870106604],[6.1277064709859275,46.194724023778043],[6.127705729661975,46.194723174856499],[6.1277049949006432,46.194722322412488],[6.1277042679971334,46.194721466461061],[6.1277035489514642,46.194720607002218],[6.1277028377419569,46.194719744935355],[6.1277021343685636,46.194718880260517],[6.1277014388529816,46.194718012078219],[6.1277007511952259,46.194717140388562],[6.1277000726688353,46.194716266105893],[6.1276994006833787,46.194715389200198],[6.1276987365557245,46.194714508787079],[6.1276980802425953,46.194713626665411],[6.1276974318089392,46.194712740136886],[6.1276967924849268,46.194711851914803],[6.1274719342711075,46.194703332083591],[6.1273575831262876,46.194681071688379],[6.1272374890947328,46.194652999919484],[6.1271229789763515,46.19462654040241],[6.1269560836300974,46.194599813525109],[6.1269731139915216,46.194676631489102],[6.1270007146005714,46.194801386155554],[6.1270283166096489,46.194926141730519],[6.1270559174717834,46.195050896385048],[6.1270898154070128,46.195203249231902],[6.1271237122368936,46.195355602054711],[6.1271230641732881,46.19537178886339],[6.1268848831542453,46.19540170411932],[6.1268487502260838,46.195406150343644],[6.1268940820908364,46.195551212010848],[6.1269394141972873,46.195696273660872],[6.126984746545415,46.195841335293778],[6.1270392901563824,46.196015865251731],[6.1270938328219424,46.196190395169822],[6.127148377132583,46.196364925078136],[6.1272029204977914,46.196539454946546],[6.1272454336862543,46.196678660924434],[6.127287945818658,46.196817865972797],[6.1273304594420361,46.196957071920572],[6.1273729720094083,46.197096276938815],[6.1272145685555035,46.197119404562095],[6.1270580525623792,46.197137270054569],[6.1269818419983846,46.19714411676253],[6.1268838559478844,46.197104713774067],[6.126793117690795,46.197086368460468],[6.1266418757701802,46.197032209173734],[6.1264556415900069,46.196932006989435],[6.1263329864750755,46.196931285560375],[6.1261655006546079,46.196879512459525],[6.1261353470999218,46.196861623154582],[6.1261233577397638,46.19682225914999],[6.1260673266272132,46.196797148355742],[6.1260428117074772,46.196776622875795],[6.1260035712601058,46.196775096555186],[6.1258992305193178,46.196690321360798],[6.1258636846576113,46.196632606706871],[6.1257653966529357,46.196625004016461],[6.1256972565000236,46.196607763811819],[6.1255723415317753,46.196548849640038],[6.1255108957356503,46.196491735781009],[6.1254156979671679,46.196483544372036],[6.1253935798373664,46.196460890100902],[6.1253582301723704,46.196443751609607],[6.1253054798444362,46.196432984532429],[6.125280662318036,46.196414708173194],[6.1251816278227169,46.196409709866394],[6.1250825041023527,46.19639778374966],[6.1250570262942965,46.196395426796371],[6.1248989880872973,46.196349984926002],[6.1248069725992327,46.196313041000344],[6.1247618453171011,46.196267101946184],[6.124746870680652,46.19621277541944],[6.124684364058238,46.196203440074875],[6.1246576356435698,46.196188927197369],[6.124650451330643,46.196175530856536],[6.1246377023721426,46.196167020670693],[6.1245075245075551,46.196083534739628],[6.124381364448368,46.1960466569289],[6.1242552032865785,46.196009778062759],[6.1240845650345808,46.196016705612294],[6.1239492369714741,46.195964480689554],[6.123810541043623,46.195948475508992],[6.1236207726813126,46.195864763593029],[6.1234468895785827,46.195841941101961],[6.1232882206123431,46.195872107340833],[6.1232515152506828,46.195879144041164],[6.1231088896267147,46.19594416832404],[6.1229840769745474,46.195983033968353],[6.1228394637173889,46.195991051286256],[6.1226948504175107,46.195999068418914],[6.1224839783768319,46.195975233548033],[6.1223370903717136,46.195998709990029],[6.122158690833106,46.196054321483764],[6.121930619584445,46.196069362755019],[6.1217025482314371,46.196084402666159],[6.1216644233881787,46.196081343991466],[6.1216155817563926,46.196077525906603],[6.1215500170484702,46.19612083967769],[6.121497187267666,46.196194996723179],[6.1215707746171732,46.196325049140697],[6.1216443636352658,46.196455100626793],[6.1217179516879403,46.196585152950036],[6.1216974265020667,46.196710077772877],[6.1216769012220924,46.196835002592813],[6.1216486096451614,46.196995101770113],[6.1216203166067524,46.197155200926495],[6.1216069758679348,46.197244937392782],[6.1215936350851718,46.19733467385791],[6.1215745219027431,46.197463222899408],[6.121566100499769,46.197608235082377],[6.1213821655454952,46.197590423922563],[6.1211982307114594,46.197572612463127],[6.121025981812342,46.197555468908888],[6.1208537317481406,46.197538324177295],[6.1207189548516165,46.19752412080215],[6.1205841780471699,46.197509916366698],[6.120417892814535,46.197493591897583],[6.1203205209119531,46.197484183211422],[6.1202825013283455,46.197480592695797],[6.120122723502786,46.197464187292987],[6.1199629444781838,46.197447781648918],[6.1197447773414462,46.197425716091068],[6.1194985685647163,46.197400534078106],[6.1192910797079536,46.197379557869411],[6.1190529510667959,46.197355110856456],[6.1188148239346072,46.197330663356375],[6.1185766957208889,46.197306215339005],[6.1183385690160765,46.197281766834578],[6.1181004412298226,46.197257317812721],[6.1178990574088807,46.1972356313685],[6.1178094869196604,46.197225861099007],[6.1175911756567185,46.197201582737939],[6.1175470213268044,46.197197101640178],[6.1175270702028897,46.197195076716547],[6.1174848267884148,46.197189426786487],[6.117380915149365,46.197177691543651],[6.1173734645768763,46.19717681885286],[6.1172190748602651,46.197160601982752],[6.1171057120578576,46.197148485870379],[6.116965225829083,46.19713343467788],[6.1169511367164571,46.197131916478966],[6.1169065645521821,46.197127839591985],[6.1167133733820078,46.197110166950672],[6.1166159013672061,46.19710125050873],[6.1165926461184235,46.19709854881922],[6.1163401606198482,46.197075699288924],[6.1162714956073083,46.197069484586308],[6.1162436828529971,46.197216315117302],[6.1159881485145382,46.197190422307571],[6.1157326157142888,46.197164528934728],[6.1154770818616004,46.197138634968354],[6.1152252814381729,46.19711341040211],[6.1149734812697485,46.197088184374941],[6.1147216813126573,46.197062958685656],[6.1144698815887288,46.197037732434858],[6.1142180821198151,46.19701250472302],[6.1139662828622594,46.196987277349088],[6.1137144838378159,46.196962049413699],[6.1134626850685141,46.196936820017264],[6.1132108865104584,46.196911590958784],[6.112959088185665,46.196886361338706],[6.1127072901159751,46.196861130257673],[6.1124554922575323,46.196835899514589],[6.1124532960870646,46.196835532714402],[6.1124510971289006,46.196835173978599],[6.1124488967219932,46.196834821523552],[6.1124466935711315,46.196834475334022],[6.1124444889496745,46.196834136324682],[6.1124422802671674,46.196833804465022],[6.1124400714092175,46.196833479800816],[6.112437859807379,46.196833161402132],[6.1124356454396738,46.196832850168384],[6.1124334296013316,46.196832546114784],[6.112431212292365,46.196832249241403],[6.1124289922394723,46.196831958633538],[6.1124267707159792,46.196831675205836],[6.1124245477218135,46.196831398958281],[6.1124223232570349,46.196831129890946],[6.1124200960483037,46.196830867089083],[6.1124178673689746,46.196830611467433],[6.1124156372190228,46.196830363025967],[6.1124134055983923,46.196830121764663],[6.1124111725291339,46.19682988678408],[6.1124089379891329,46.196829658983702],[6.1124067019785464,46.196829438363487],[6.1124044644973603,46.196829224923455],[6.112402225545515,46.196829018663621],[6.1123999851449211,46.196828818684494],[6.1123977432517984,46.196828626784978],[6.1123955012051843,46.196828441181431],[6.1123932563927053,46.196828262742834],[6.1123910114267597,46.196828090600249],[6.1123887649681965,46.196827926537217],[6.1123865183561561,46.196827768770206],[6.1123842702515745,46.19682761908274],[6.1123820206982602,46.196827475676074],[6.112379770969576,46.196827339464761],[6.1123775197920933,46.196827209534248],[6.1123752684173143,46.196827087698516],[6.1123730155938025,46.196826972143562],[6.1123707625729287,46.196826864683452],[6.1123685081033718,46.196826763504014],[6.1123662534583429,46.19682666952005],[6.1123639986379326,46.196826582731468],[6.1123617423687771,46.196826502223608],[6.1123594871974651,46.196826429825826],[6.112357229282253,46.196826363693567],[6.1123549724649218,46.196826305671358],[6.1123527154940485,46.196826253945133],[6.112350458347767,46.196826209414283],[6.1123481997308113,46.196826172063652],[6.11234594096039,46.196826141008948],[6.1123436832878273,46.196826118064301],[6.1123414241664999,46.196826101400411],[6.1123391661430704,46.196826092846614],[6.1123369079661254,46.19682609058875],[6.1123346483185417,46.196826095511064],[6.1123323898126722,46.196826106744588],[6.1123301311094282,46.196826126072956],[6.1123278735260067,46.196826152611919],[6.1123256157890058,46.196826185446866],[6.1123233578766358,46.196826225477217],[6.1123210997668407,46.196826273602404],[6.1123188427987856,46.196826328038782],[6.1123165856772399,46.196826388771143],[6.112314329653536,46.196826457613568],[6.112312073476355,46.196826532751984],[6.1123098171017238,46.196826615985167],[6.1123075631640988,46.196826705544844],[6.1123053077557614,46.19682680228469],[6.1123030547625028,46.196826906250351],[6.1123008015937215,46.196827017411437],[6.1122985495666926,46.196827134883677],[6.1122962986594116,46.196827259566632],[6.1122940475548058,46.196827392344368],[6.1122917975918369,46.196827531433314],[6.1122895487706215,46.196827676833443],[6.1122873010472381,46.196827830343658],[6.112285054465592,46.19682799016509],[6.1122828089817496,46.196828158096537],[6.1122805633444051,46.196828332323989],[6.1122783201439796,46.196828512877858],[6.1122760780414103,46.196828701541797],[6.1122738370805294,46.196828896516948],[6.1122715972394319,46.196829098702715],[6.1122693585180956,46.196829308099105],[6.1122671222117591,46.196829524721359],[6.1122648857518831,46.19682974763959],[6.1122626516850929,46.196829978683098],[6.1122604187599903,46.19683021603781],[6.1122581882718059,46.196830459718967],[6.1122559588814793,46.196830711510174],[6.1122537306328004,46.196830969612591],[6.112251504799203,46.196831234940873],[6.1122492801071777,46.196831506580324],[6.1122470578082906,46.196831786345086],[6.1122448366510778,46.196832072421081],[6.1122426179308098,46.196832364823464],[6.1122404016035512,46.196832665351188],[6.1122381864180317,46.196832972190045],[6.1122359444712746,46.196833260720489],[6.1122337049175526,46.196833557376216],[6.1122314678007612,46.196833860358311],[6.1122292318256317,46.196834169651673],[6.1122269982435782,46.196834487070298],[6.1122247670984526,46.196834810815368],[6.1122225370730652,46.196835141771047],[6.1122203094845675,46.196835479053213],[6.1122180856063171,46.196835823576414],[6.1122158628478243,46.196836175310246],[6.1122136412090544,46.196836534254771],[6.1122114233024449,46.19683689954087],[6.1122092078108121,46.196837272052896],[6.1122069947341311,46.196837651790759],[6.1122047840943559,46.196838037855059],[6.1122025745743782,46.196838431130004],[6.1122003687864987,46.196838830746579],[6.1121981667088408,46.196839237604294],[6.1121959657509004,46.196839651672583],[6.1121937672299174,46.196840072067339],[6.1121915724191052,46.196840499703207],[6.1121893800451721,46.196840933665491],[6.1121871913814729,46.196841374868846],[6.1121850038375447,46.19684182328286],[6.112182821320892,46.196842278053765],[6.1121806399240262,46.196842740035329],[6.1121784622592967,46.196843208358501],[6.1121762883047346,46.196843683922779],[6.1121741167871182,46.196844165813545],[6.1121719477063303,46.19684465403067],[6.112169782335827,46.196845149488929],[6.1121676206754518,46.196845652188301],[6.1121654614519452,46.196846161214069],[6.1121633072558819,46.196846676596792],[6.1121611541794634,46.196847199190088],[6.1121590061085183,46.196847729039696],[6.1121568604963858,46.196848264316337],[6.1121547185725307,46.196848807733517],[6.1121525804026886,46.196849356592928],[6.1121504459430529,46.196849912693459],[6.112148315215518,46.196850475135626],[6.1121461881981851,46.196851044818892],[6.1121440649349212,46.196851619944411],[6.1121419453598707,46.196852203210419],[6.1121398282436923,46.196852791903453],[6.112137716132926,46.19685338785284],[6.1121356077542197,46.196853990143858],[6.1121335044028795,46.196854598791802],[6.1121314034665035,46.196855214665604],[6.1121293075794103,46.196855835996899],[6.112127214107268,46.196856464554024],[6.112125125640512,46.196857100367474],[6.1121230422230388,46.196857741638439],[6.1121209625376878,46.196858389251005],[6.1121188865624818,46.196859044104713],[6.1121168143194229,46.196859705300113],[6.1121147471037194,46.196860372852406],[6.1121126849153171,46.196861046761555],[6.1121106264590122,46.196861727012404],[6.1121085717348569,46.196862413604904],[6.1121065220161004,46.196863107453815],[6.1121044773466,46.196863806760078],[6.1121024364092102,46.196864512408084],[6.1121004004991626,46.196865224412974],[6.1120983695945137,46.196865943674219],[6.1120963424438903,46.196866668377673],[6.1120943203206206,46.196867399438027],[6.1120923032027257,46.196868137754741],[6.1120902911340993,46.196868881528914],[6.1120882840928399,46.19686963166],[6.1120862807836653,46.196870388132737],[6.1120842837970359,46.196871150977614],[6.1120822905644472,46.196871919264744],[6.1120803023372812,46.196872694808221],[6.1120783204545788,46.196873475824397],[6.1120763423039843,46.196874263182238],[6.1120743691807453,46.196875056896992],[6.1120724023800639,46.19687585698388],[6.1120704393333574,46.19687666251302],[6.1120684825873326,46.196877475313727],[6.1120665308905515,46.196878293571864],[6.1120645842430266,46.196879117287551],[6.1120626439180477,46.196879947375351],[6.1120607086204357,46.196880783820014],[6.1120587783501383,46.196881626621625],[6.1120568531290846,46.196882474880717],[6.1120549342305646,46.196883329511948],[6.1120530203813255,46.196884189600617],[6.1120511115594178,46.196885056046241],[6.1120492090820076,46.196885927964544],[6.1120473129271176,46.196886806255044],[6.1120454217995928,46.1968876909024],[6.1120435357213001,46.196888581007244],[6.1120416572827247,46.196889476600006],[6.11203978257626,46.196890378534505],[6.1120379155094895,46.196891285956887],[6.1120360534700557,46.196892199736226],[6.1120341964798941,46.196893118973009],[6.1120323471293849,46.196894043697768],[6.1120305028062685,46.196894974779433],[6.1120286648276139,46.196895911333776],[6.1120268331934193,46.196896853360911],[6.1120250066085351,46.196897800845434],[6.1120231876413982,46.196898754717395],[6.1120213737235201,46.196899714046772],[6.112019566150102,46.196900678848927],[6.1120177648992575,46.19690165002325],[6.1120159700148271,46.196902625770825],[6.1120141814529418,46.196903607890498],[6.1120124005307748,46.196904595498182],[6.1120106246578514,46.196905588563297],[6.1120088551513456,46.196906586201749],[6.112007091967409,46.196907590212305],[6.1120053364231799,46.196908599710838],[6.1120035872234348,46.196909614682085],[6.1120018430729353,46.196910635110811],[6.1120001078573951,46.196911661042733],[6.1119983776910747,46.196912692432122],[6.1119966538692667,46.196913729294252],[6.1119949377091043,46.19691477074489],[6.1119932278714497,46.196915818567639],[6.1119915256954549,46.196916870978981],[6.1119900210484035,46.196917686395977],[6.1119885227458655,46.196918507285723],[6.1119870307658459,46.196919334547651],[6.1119855451522946,46.196920166382839],[6.1119840658831794,46.196921003690768],[6.1119825916633967,46.196921846456192],[6.1119811251052614,46.196922693810137],[6.1119796648696978,46.196923547536258],[6.1119782110006122,46.196924405835631],[6.1119767634540336,46.196925270507215],[6.1119753222958524,46.196926138852639],[6.1119738874602421,46.19692701357021],[6.1119724602862773,46.196927892876339],[6.1119710394568001,46.196928777655138],[6.1119696249718745,46.19692966790673],[6.111968216853338,46.196930562731616],[6.1119668163745837,46.19693146304445],[6.1119654222402895,46.196932368829977],[6.1119640344943802,46.196933278289464],[6.11196265436626,46.196934194136247],[6.1119612806045778,46.196935114556375],[6.1119599132093541,46.19693603954979],[6.1119585547490498,46.196936970046401],[6.1119572013599841,46.196937905101066],[6.1119558569058512,46.196938845658934],[6.1119545175448859,46.196939789875444],[6.1119531870969244,46.19694074049459],[6.1119518630373868,46.196941694787583],[6.1119505453223084,46.196942654553347],[6.1119492365860255,46.196943618023425],[6.1119479341943306,46.196944586966211],[6.1119466394423148,46.196945561397023],[6.1119453510786572,46.19694653950166],[6.1119440716719264,46.196947522210053],[6.111942798609669,46.196948510391181],[6.1119415332310769,46.196949502261454],[6.1119402754921399,46.196950499619703],[6.1119390254368655,46.196951500667005],[6.1119377817260929,46.196952507187063],[6.1119365469941123,46.196953517411444],[6.1119353199238535,46.196954532224353],[6.1119340992199733,46.196955551610614],[6.1119328874730456,46.196956575600616],[6.1119316833877511,46.196957604179154],[6.1119304869860702,46.196958636446801],[6.1119292982460625,46.196959673302985],[6.1119281171677251,46.196960714747689],[6.11192694377299,46.196961759881546],[6.1119257780399385,46.196962809603917],[6.1119246212637508,46.196963863930051],[6.1119234721711901,46.196964921945323],[6.1119223307403505,46.196965984549081],[6.1119211969930367,46.196967050841991],[6.1119200722026497,46.196968121738642],[6.1119189550959137,46.196969196324424],[6.1119178456727665,46.196970274599352],[6.1119167452065088,46.196971357477992],[6.1119156524238649,46.196972444045777],[6.1119145673028674,46.196973535202055],[6.1119134911826807,46.196974629163329],[6.111912422724127,46.196975727713067],[6.1119113632444426,46.196976829967177],[6.1119103127216734,46.196977936825057],[6.1119092686092031,46.196979046457393],[6.1119082347488769,46.196980160708762],[6.1119072085940696,46.196981277749771],[6.1119061901009974,46.196982399379351],[6.1119051806086979,46.196983523813827],[6.1119041800732612,46.196984652852073],[6.1119031872433549,46.196985784680002],[6.1119022046875857,46.196986920227516],[6.1119012284982324,46.196988060348346],[6.1119002626048973,46.19698920328932],[6.1118993044171024,46.196990349019991],[6.1118983551862227,46.196991499354418],[6.1118974136608735,46.196992652478528],[6.1118964824096604,46.196993809322223],[6.1118955588639396,46.196994968955629],[6.1118946442971005,46.196996132293357],[6.111893738709119,46.196997299335429],[6.1118928421218817,46.196998469182397],[6.1118916313003844,46.196999773885807],[6.111890428162412,46.197001082278284],[6.1118892352986016,46.197002394390331],[6.1118880501183144,46.197003710191524],[6.1118868726216533,46.197005029681769],[6.1118857053990414,46.197006352891648],[6.1118845458600299,46.197007679790609],[6.1118833952998513,46.197009010393913],[6.1118822537185151,46.19701034470156],[6.1118811211160224,46.197011682713566],[6.1118799961971053,46.197013024414687],[6.1118788815741789,46.197014368935946],[6.1118777746129469,46.197015718045733],[6.1118766779477083,46.197017069975708],[6.1118755889660576,46.197018425594742],[6.1118745089852302,46.197019784018721],[6.1118734379831814,46.197021146147065],[6.111872375959952,46.197022511979711],[6.1118713242108855,46.197023881532012],[6.1118702801672864,46.197025253873896],[6.1118692451244572,46.197026629020776],[6.1118682190385574,46.197028008771412],[6.1118672019753575,46.197029390427517],[6.1118661951862334,46.197030775803213],[6.1118651960807355,46.197032164868041],[6.1118642072931566,46.197033555853565],[6.1118632274625178,46.197034951442866],[6.1118622553593349,46.197036348922445],[6.1118612935302163,46.197037750121581],[6.11186034199714,46.197039154140903],[6.1118593981695781,46.197040560949887],[6.1118584646161027,46.197041971478463],[6.1118575387901393,46.197043383897281],[6.1118566232382223,46.197044800035691],[6.1118557179823103,46.197046218994267],[6.1118548204539316,46.197047639843099],[6.1118539331996145,46.197049064411488],[6.1118530549460086,46.197050491784829],[6.1118521856932739,46.197051921963094],[6.1118513267365433,46.197053354961504],[6.1118504768025401,46.197054789865383],[6.1118496358473422,46.197056228473606],[6.1118488052101521,46.197057669002604],[6.1118479835737096,46.197059112336504],[6.1118471709381179,46.197060558475314],[6.1118463686204558,46.197062006534864],[6.111845575281639,46.197063458298729],[6.1118447922607668,46.197064911983354],[6.1118440182626452,46.197066367573456],[6.1118432532653113,46.19706782596851],[6.1118424985639797,46.19706928718373],[6.1118417541806691,46.197070750319625],[6.1118410187981054,46.197072216260459],[6.1118402924382691,46.197073684106805],[6.1118395763964406,46.197075153873861],[6.1118388693553607,46.197076626445863],[6.1118381726322877,46.197078100938576],[6.1118374849099899,46.197079578236206],[6.1118368075275882,46.197081056555149],[6.1118361404412784,46.197082537694243],[6.1118354823557306,46.197084021638268],[6.1118348333148385,46.197085506588344],[6.1118341945699743,46.197086994358614],[6.1118335661650862,46.197088483150146],[6.111832946760944,46.197089974746611],[6.1118323376747865,46.197091468263807],[6.1118317389065977,46.197092963701756],[6.1118311491830921,46.197094460145721],[6.111830569755651,46.197095959409907],[6.1117939728295534,46.197198153774998],[6.1117593720735774,46.197298392294094],[6.1117247699169841,46.197398629888411],[6.1116716373184898,46.197573507218074],[6.1116185031055172,46.197748383609664],[6.1115991845764404,46.197839021339114],[6.1115662653714642,46.197990910039003],[6.1115333460048751,46.198142797831089],[6.1115004264327766,46.198294686514195],[6.1114675066990394,46.198446574289456],[6.1114416353458711,46.198607797381186],[6.1114157638615749,46.1987690195689],[6.1113898922022649,46.198930242651471],[6.1113702631095803,46.199074409997166],[6.1113552858817917,46.199219085515267],[6.1113398640395662,46.199368014030426],[6.1113244433864855,46.199516943459329],[6.1113090213757513,46.199665871972563],[6.1112974938307874,46.199823677654187],[6.1112859662410521,46.199981482436478],[6.1113118081940074,46.200127886985413],[6.1113376489907951,46.200274291514248],[6.1113347415941561,46.200435495982063],[6.1113236781623481,46.200578579223802],[6.1113126146506014,46.200721663364931],[6.1113015511027218,46.200864746606591],[6.1112844607128123,46.201042468945815],[6.111267371506802,46.201220191299335],[6.111250280894061,46.201397913636583],[6.1112339106505225,46.201566182419263],[6.1112590802104982,46.201565213592964],[6.1112789684948492,46.201724276906546],[6.1111336965762693,46.201670918284236],[6.1110397989741472,46.201635546924336],[6.1110108408861006,46.201798102980248],[6.1109818839206174,46.201960659045305],[6.1109529255089452,46.202123214189584],[6.1109239669025337,46.202285770227249],[6.1109061458368146,46.20238581287181],[6.1108883234322873,46.202485854599409],[6.1108508025309032,46.202473976173614],[6.1107695543298322,46.202417678250811],[6.1107452631575807,46.202415663145572],[6.1107225897731015,46.202549171976848],[6.1106999162995077,46.202682679905067],[6.1106772426927893,46.202816188729024],[6.1104911638688373,46.202798503897455],[6.1103050838482948,46.202780819643387],[6.1101190052659256,46.202763134198534],[6.1101146049212192,46.202762709911283],[6.1101102060696268,46.202762277544188],[6.1101058086672637,46.202761838896208],[6.1101014127141058,46.202761393967236],[6.110097018254149,46.202760940958512],[6.1100926252434107,46.202760481668875],[6.1100882337038422,46.20276001519882],[6.1100838449308537,46.20275954156368],[6.1100794563336676,46.202759060732937],[6.1100750691857479,46.202758573621274],[6.1100706848043442,46.202758079344484],[6.1100663005988185,46.202757577872092],[6.1100619191378929,46.202757070133977],[6.1100575391701684,46.202756554316117],[6.1100531606516482,46.202756032217302],[6.1100487836043005,46.20275550293816],[6.1100444093016408,46.202754967393297],[6.1100400364921059,46.202754423768674],[6.1100356651318171,46.202753873863067],[6.1100312952427851,46.202753316777184],[6.1100269268029468,46.202752753410316],[6.1100225611297132,46.202752182878378],[6.1100181982231208,46.202751605181298],[6.1100138354923317,46.202751020288616],[6.1100094755281349,46.202750428230843],[6.1100051170132437,46.202749829892106],[6.110000761264919,46.202749224388306],[6.1099964069658359,46.202748612603571],[6.1099920554333345,46.20274799365373],[6.109987705372105,46.202747367523507],[6.1099833567820854,46.20274673421293],[6.1099790109367156,46.202746094636716],[6.1099746678799569,46.202745446995962],[6.1099703262504352,46.202744793973714],[6.1099659861141031,46.202744132871658],[6.1099616500178682,46.202743465519163],[6.1099573140974472,46.20274279097108],[6.1099529822170453,46.202742110172601],[6.1099486505125347,46.202741422178498],[6.1099443228700245,46.202740727034524],[6.1099399966987376,46.202740024710231],[6.1099356732721004,46.202739316120251],[6.1099313513167237,46.20273860034991],[6.1099270334013545,46.202737878329181],[6.1099227169572599,46.202737149128104],[6.1099184019844239,46.20273641274661],[6.1099140910516097,46.202735670114734],[6.1099097815900549,46.202734920302525],[6.1099054748950934,46.202734163325204],[6.1099011696494756,46.202733400066975],[6.1098968684658592,46.202732629658911],[6.1098925687534509,46.202731852070464],[6.1098882730811281,46.202731068231607],[6.1098839788800765,46.202730277212403],[6.1098796874237031,46.202729479927534],[6.1098753987339585,46.202728675477573],[6.1098711128108576,46.202727863862535],[6.1098668283370117,46.20272704596654],[6.1098625479252302,46.202726220920731],[6.1098582702581625,46.202725389609256],[6.1098539953576756,46.202724551132711],[6.1098497219065315,46.202723706375195],[6.1098454525173747,46.202722854467872],[6.1098411858949131,46.202721995395414],[6.1098369220171405,46.202721130057341],[6.1098326609059574,46.202720257554162],[6.1098284025395042,46.202719378785346],[6.1098241469397188,46.202718492851396],[6.1098198941065904,46.202717599752383],[6.1098156453135308,46.202716700402966],[6.1098113979697661,46.202715794772594],[6.109807154688065,46.202714881992449],[6.1098029141730077,46.202713962047149],[6.1097986764026766,46.202713035836226],[6.1097944426723911,46.202712103374864],[6.1097902117087761,46.202711163748489],[6.1097859835118422,46.20271021695698],[6.1097817580596194,46.202709263899777],[6.1097775353740422,46.202708303677532],[6.109773316728524,46.20270733720487],[6.1097691008277426,46.202706364466515],[6.1097648889890168,46.202705384578422],[6.1097606799169561,46.202704397525181],[6.109756473589611,46.202703404206282],[6.1097522713023373,46.202702404637002],[6.1097480717817456,46.202701397902608],[6.1097438763012493,46.202700384917868],[6.1097396835874349,46.202699364768002],[6.1097354949137053,46.202698338367767],[6.109731309006694,46.202697304802427],[6.1097271258443584,46.202696264971429],[6.1097229467221084,46.202695218890078],[6.1097187716619201,46.202694165658841],[6.1097145993465256,46.202693106161966],[6.1097104310931556,46.202692039515298],[6.1097062655845127,46.202690966602972],[6.1097021041378818,46.202689886540796],[6.1096979467314005,46.202688800228259],[6.1096937920696694,46.202687707650057],[6.1096896414699913,46.202686607922026],[6.1096854936150145,46.202685501928343],[6.1096813510955288,46.202684389699535],[6.109677211342726,46.202683270305613],[6.109673074334725,46.202682144646076],[6.1096689426621786,46.202681012751405],[6.1096648137562868,46.202679873691643],[6.1096606888905702,46.202678728381535],[6.1096565680649242,46.202677576821017],[6.1096524500059983,46.202676418095393],[6.1096483372825512,46.202675253134679],[6.1096442273038312,46.202674081908285],[6.1096401213872378,46.202672903532104],[6.109424743674519,46.202610960651718],[6.1094209840449434,46.202609875416535],[6.1094172284774819,46.202608783031522],[6.1094134756546978,46.202607684380922],[6.1094097281674449,46.202606579495253],[6.1094059847202482,46.202605468359188],[6.1094022440397717,46.202604350058081],[6.1093985086948281,46.202603225521898],[6.1093947774119455,46.202602093835907],[6.1093910501472166,46.202600956799024],[6.1093873256492239,46.202599812597086],[6.1093836065086498,46.202598661260616],[6.1093798913862463,46.202597504573262],[6.1093761803259303,46.2025963407361],[6.1093724746011073,46.202595170663876],[6.1093687716210612,46.20259399432598],[6.1093650739984113,46.202592810853631],[6.1093613790985977,46.202591622015049],[6.1093576895562425,46.202590426041972],[6.1093540053493944,46.202589223833847],[6.1093503239092648,46.202588014460673],[6.1093466477826599,46.202586799751785],[6.1093429757181568,46.202585577893224],[6.1093393076937899,46.202584349784203],[6.1093356450048892,46.20258311544017],[6.1093319863561755,46.202581874845741],[6.1093283317475189,46.202580628000995],[6.1093246824963723,46.202579374021759],[6.1093210372853628,46.202578113792164],[6.1093173960925204,46.202576848211628],[6.1093137602571499,46.202575575496624],[6.1093101284619395,46.202574296531246],[6.1093065020022346,46.202573011330763],[6.1093028795826143,46.202571719880012],[6.1092992625205396,46.202570421294695],[6.1092956494765724,46.202569117358486],[6.1092920417681098,46.202567807187236],[6.1092884394171811,46.202566489881434],[6.1092848397890016,46.202565167209436],[6.109281246813727,46.202563837418239],[6.1092776578565955,46.202562502276123],[6.1092740742569349,46.202561159999505],[6.109270494675469,46.202559812371966],[6.1092669204514873,46.202558457609939],[6.1092633515410295,46.202557097512269],[6.1092597866927134,46.202555730264812],[6.1092562271579354,46.202554357681727],[6.1092526729806282,46.202552977964139],[6.1092491241169107,46.202551592910964],[6.1092455793152833,46.202550200707925],[6.1092420398271923,46.202548803169279],[6.1092385056746714,46.202547399395577],[6.1092349768575902,46.202545989386834],[6.1092314533760801,46.202544573142966],[6.1092279339346893,46.202543150648772],[6.1092244198288821,46.202541721919538],[6.109220911058566,46.202540286955234],[6.109217407601788,46.202538846655258],[6.1092139095025209,46.202537399220844],[6.1092104167167651,46.202535946450759],[6.1092069292665787,46.202534487445604],[6.1092034471518843,46.202533022205387],[6.1091999703727469,46.2025315507301],[6.1091964989071332,46.202530073919206],[6.1091930314817313,46.202528590857924],[6.1091895707091455,46.202527100677472],[6.1091861152501616,46.20252560516137],[6.1091826651046919,46.202524104309653],[6.1091792203167552,46.202522596323412],[6.1091757808423583,46.202521083001571],[6.10917234799886,46.202519563459902],[6.1091689191735057,46.202518038567334],[6.1091654970011202,46.202516506555561],[6.1091620801422213,46.20251496920816],[6.1091586685968986,46.20251342652513],[6.109155262409061,46.20251187670759],[6.1091518615348255,46.202510321554449],[6.1091484672914884,46.202508760181487],[6.1091450783617045,46.202507193472961],[6.1091416947674233,46.202505620529301],[6.109138316508699,46.202504041350643],[6.1091349448589085,46.202502456851583],[6.1091315785447105,46.202500866117461],[6.109128217565968,46.202499269148348],[6.1091248631961719,46.202497666858804],[6.1091215141399378,46.202496059233681],[6.1091181717365979,46.202494444489353],[6.1091148346248394,46.202492825308802],[6.1091115028706318,46.202491198993762],[6.1091081777033374,46.202489568257839],[6.1091048578935681,46.202487930387399],[6.1091015446927317,46.202486287196606],[6.1090982368054298,46.2024846386702],[6.1090949355490833,46.202482983924007],[6.1090916396062722,46.202481323842214],[6.109088350294388,46.202479657540628],[6.1090850662960667,46.202477985903386],[6.1090817889286848,46.2024763080464],[6.1090785181701719,46.202474624869083],[6.109075252747278,46.202472935456683],[6.1090719926379107,46.202471240708661],[6.1090687404328321,46.202469540655599],[6.109065493563298,46.202467834367447],[6.1090622520073268,46.202466122743687],[6.1090590183556728,46.202464405814887],[6.1090557900395854,46.202462682651003],[6.1090525670370353,46.202460954151526],[6.1090493519607696,46.202459219447526],[6.1090461421761129,46.202457480307359],[6.1090429390443486,46.202455734047959],[6.1090397424995269,46.202453983367661],[6.1090365512902478,46.202452226452351],[6.1090333679633151,46.202450465131342],[6.1090301899939448,46.202448696675916],[6.109027018611453,46.202446923799549],[6.1088693644880072,46.202358493979418],[6.1087117108986373,46.202270063040061],[6.1085540577994717,46.202181632780373],[6.1085480542972244,46.202178257442405],[6.1085420574044962,46.202174876783921],[6.1085360658479217,46.202171489890183],[6.1085300821961335,46.202168097691171],[6.1085241038365385,46.202164701055779],[6.1085181334257541,46.202161297316273],[6.1085121683071,46.202157889140395],[6.1085062097979259,46.202154475643937],[6.1085002579202241,46.202151055927558],[6.1084943139474248,46.202147630905912],[6.1084883752887347,46.202144200548446],[6.1084824432395353,46.202140764870435],[6.1084765178218623,46.202137322972483],[6.1084705989916257,46.20213387665342],[6.1084646867929244,46.202130424114401],[6.1084587799083208,46.202126966239554],[6.1084528809285681,46.202123503059475],[6.1084469885583328,46.202120034558895],[6.1084411027975793,46.20211656073775],[6.1084352236463557,46.202113081596082],[6.1084293511265919,46.202109596234514],[6.1084234851943409,46.202106106451772],[6.108417625893602,46.202102610449131],[6.1084117744756936,46.20209911004067],[6.1084059283939265,46.202095603396977],[6.1084000889216536,46.20209209143276],[6.1083942573543055,46.202088574163326],[6.1083884311010186,46.202085051558107],[6.1083826127526173,46.202081523647593],[6.1083767997183793,46.202077990401342],[6.1083709945889639,46.202074451849789],[6.1083651960690686,46.202070907977784],[6.1083594041586275,46.202067358785264],[6.1083536188577687,46.202063804272193],[6.1083478414616961,46.202060244453932],[6.1083420693798214,46.202056679299851],[6.1083363052247659,46.202053107941154],[6.1083305476572614,46.20204953216134],[6.1083247966992102,46.202045951061059],[6.1083190523507049,46.202042364640228],[6.1083133146116895,46.202038772898931],[6.1083075847775277,46.20203517585238],[6.108301860257499,46.202031573470066],[6.1082961436423719,46.20202796578252],[6.1082904349320817,46.20202435278977],[6.1082847315139217,46.202020735360676],[6.1082790360226955,46.202017111726917],[6.1082733471409103,46.202013482772657],[6.1082676648466618,46.202009849397335],[6.108261990479245,46.202006209817398],[6.1082563214039824,46.202002565801074],[6.1082506602556155,46.201998915580099],[6.1082450069900922,46.201995260953382],[6.1082393590387314,46.201991600990908],[6.1082337189921923,46.201987935723189],[6.1082280855332058,46.201984266034437],[6.1082224600011132,46.201980590141012],[6.1082168410564703,46.20197690982652],[6.1082112287433636,46.20197322329215],[6.1082056230177191,46.201969532336733],[6.1082000251969877,46.201965836076099],[6.1081944352811064,46.201962134510261],[6.1081888506573687,46.201958428508128],[6.1081832739605373,46.20195471630128],[6.1081777051465505,46.201950999688719],[6.1081721416466976,46.201947277740381],[6.1081665860517234,46.201943550486867],[6.1081610383396185,46.201939818827569],[6.10815549725901,46.201936080948386],[6.1081499627659159,46.201932338648128],[6.1081444361556656,46.201928591942107],[6.1081389161769533,46.201924839016215],[6.1081334040810713,46.20192108168456],[6.1081278986167273,46.201917318132992],[6.1081224010132855,46.201913551075094],[6.1081169100413168,46.201909777797304],[6.1081114269522043,46.201906000113709],[6.1081059504725985,46.201902217109698],[6.1081004806025367,46.201898428785256],[6.1080950186153187,46.201894636054973],[6.1080895645329409,46.201890838019573],[6.1080841170600904,46.201887034663685],[6.1080786761747676,46.2018832268868],[6.1080732431942923,46.201879413804647],[6.1080678181186823,46.201875595417405],[6.1080623996305734,46.201871772609088],[6.1080569890473262,46.201867944495611],[6.1080515850736097,46.201864111061667],[6.108046188982752,46.201860273221989],[6.1080407995014117,46.201856430061845],[6.1080354179249081,46.201852581596569],[6.1080300429359298,46.201848728710239],[6.1080246771251678,46.201844871433451],[6.1080193166505721,46.201841007921473],[6.1080139653321712,46.201837140918528],[6.1080086206452568,46.201833267695676],[6.1080032825459201,46.20182939005182],[6.1079979523293764,46.201825508002244],[6.1079926300177325,46.201821620647422],[6.107987315610929,46.20181772798751],[6.1079820077916605,46.201813830906545],[6.1079767078772331,46.201809928520461],[6.1079714145503159,46.201806021713331],[6.1079661291282363,46.201802109601054],[6.107960851589028,46.201798193083036],[6.1079555806593886,46.20179427124463],[6.1079503189079247,46.201790345015723],[6.1079450624705967,46.201786413451146],[6.1079398152114717,46.201782477496067],[6.1079345745618383,46.201778536220615],[6.1079293417950895,46.201774590539394],[6.1079241169111844,46.201770640452473],[6.1079188999541856,46.201766684160965],[6.1079136895626442,46.201762724347901],[6.1079084870759788,46.201758759229683],[6.1079032924721304,46.201754789705767],[6.1078981044778393,46.20175081486142],[6.1078929256617256,46.201746835626643],[6.1078877534551168,46.20174285107138],[6.1078825891314059,46.201738862110474],[6.1078774313951563,46.201734868728543],[6.1078722828591117,46.201730870056743],[6.1078671409105558,46.201726866963995],[6.1078620068448579,46.201722859465526],[6.107856880684035,46.201718846661905],[6.1078517624060815,46.201714829452577],[6.1077078371223186,46.201601803141727],[6.1075639137095052,46.201488777562737],[6.1074199896210102,46.2013757508861],[6.1072760674034141,46.201262724941301],[6.1071321445100866,46.201149697898913],[6.1071282954512531,46.201146714084189],[6.1071244542968754,46.201143724964503],[6.1071206210250768,46.201140731439232],[6.1071167943403433,46.201137733493148],[6.1071129768555155,46.201134730257358],[6.107109165957791,46.201131722600756],[6.1071053629426206,46.201128710538555],[6.1071015678099103,46.201125694070853],[6.1070977805816833,46.201122672298155],[6.1070939999406013,46.201119646104615],[6.1070902271820824,46.201116615505548],[6.1070864636233662,46.201113579616745],[6.1070827066517532,46.201110539307145],[6.1070789575626918,46.201107494591994],[6.1070752163560842,46.201104445471266],[6.1070714830320023,46.201101391945038],[6.1070677576124135,46.201098333113848],[6.1070640387799333,46.201095269861803],[6.1070603291252841,46.201092202219499],[6.1070566260578163,46.201089130156348],[6.1070529321681715,46.201086053703008],[6.1070492448656806,46.201082972828786],[6.1070455667629799,46.201079886664942],[6.1070418952254277,46.201076796979656],[6.1070382328877297,46.201073702004699],[6.1070345771372141,46.201070602608944],[6.1070309305644273,46.201067498822866],[6.1070272905788636,46.201064390616068],[6.1070236597711061,46.201061278018969],[6.1070200355504287,46.20105816100105],[6.1070164205076241,46.201055039592909],[6.1070128120519502,46.201051913763933],[6.1070092127740709,46.201048783544714],[6.1070056214007362,46.20104564802056],[6.1070020378878613,46.201042508990291],[6.1069984622574491,46.201039365554479],[6.1069948945094747,46.201036217713146],[6.106991334643987,46.201033065466255],[6.1069877826609895,46.201029908813929],[6.1069842385604804,46.201026747755996],[6.1069807036377535,46.201023582307869],[6.106977175302208,46.201020412438908],[6.1069736561444223,46.201017238179716],[6.1069701448691474,46.201014059515003],[6.1069666414543065,46.201010877344252],[6.1069631472392532,46.201007689883767],[6.1069596595893776,46.201004498901902],[6.1069561811172441,46.201001303529893],[6.1069527105276382,46.200998103752283],[6.1069492478204959,46.200994899569189],[6.1069457929957913,46.200991690980565],[6.1069423473268909,46.200988478901145],[6.1069389082671606,46.200985261501494],[6.1069354783631606,46.200982040611066],[6.1069320576369561,46.200978815330416],[6.1069286434758743,46.200975586528351],[6.1069252385146333,46.200972352436672],[6.1069218414138113,46.200969114838905],[6.1069184521955151,46.200965872835596],[6.1069150721329217,46.200962627341532],[6.1069116999748729,46.200959376542535],[6.1069083356771801,46.200956122237471],[6.1069049805353268,46.200952864441575],[6.1069016332979169,46.200949601340739],[6.1068982939209517,46.200946334733878],[6.1068949637217838,46.200943063736766],[6.1068916400877526,46.200939789218303],[6.1068883269267982,46.200936510324915],[6.1068850203529754,46.200933227010701],[6.1068817242302353,46.200929940221052],[6.1068784346946376,46.200926649010547],[6.1068751543147686,46.20092335430931],[6.1068718818173737,46.20092005520258],[6.1068686184977885,46.20091675170562],[6.1068653630385956,46.200913444702564],[6.1068621154619054,46.200910133294023],[6.1068588770409296,46.200906818394742],[6.1068556477977474,46.200903499105245],[6.1068524251196532,46.200900176294383],[6.106849212914673,46.200896849108602],[6.106846007274755,46.20089351840145],[6.1068428121079901,46.200890183319402],[6.1068396235062989,46.200886844716017],[6.1068364440823535,46.200883501722402],[6.1068332738141979,46.200880155238018],[6.1068301114284917,46.200876804348169],[6.1068269581984742,46.200873449967517],[6.1068238128289147,46.200870092080798],[6.1068206766371231,46.200866729803941],[6.1068175483057523,46.200863364020968],[6.1068144291301465,46.200859994747269],[6.1068113178369527,46.200856621068077],[6.106808215721502,46.20085324299864],[6.1068051227397468,46.200849862337904],[6.1068020376404828,46.200846477271718],[6.106799058806188,46.20084303857881],[6.1067960878322101,46.200839596379815],[6.106793126014014,46.200836150690108],[6.1067901720562343,46.200832701494342],[6.1067872285494857,46.200829248823126],[6.1067842916078421,46.200825792630553],[6.1067813638218702,46.200822332947233],[6.1067784451916367,46.200818869773144],[6.1067755357392004,46.20081540220891],[6.1067726341250763,46.20081193203805],[6.1067697403713845,46.200808458361145],[6.1067668570687239,46.200804981208776],[6.1067639816264325,46.200801500550384],[6.1067611140445237,46.200798016385896],[6.1067582556404227,46.200794527831292],[6.106755406347947,46.200791037584771],[6.1067525662331912,46.200787542948092],[6.1067497339788419,46.200784044805339],[6.1067469108802435,46.200780543171881],[6.1067440956199581,46.200777038931811],[6.1067412908327494,46.200773530316845],[6.1067384925885451,46.200770019079975],[6.1067357047953985,46.200766504367657],[6.106732924862599,46.200762986149329],[6.106730154085561,46.200759464440246],[6.1067273924641983,46.20075593924043],[6.1067246399765178,46.200752411449265],[6.1067218953491684,46.200748880152091],[6.1067191598775832,46.20074534536419],[6.1067164335616866,46.200741807085542],[6.1067137151061202,46.200738265300863],[6.1067110057842751,46.20073472092492],[6.1067083056180778,46.200731173058223],[6.1067056146076197,46.200727621700722],[6.1067029327307951,46.200724067751977],[6.1067002587143406,46.200720510297224],[6.1066975938535579,46.200716949351708],[6.1066949381484905,46.200713384915446],[6.1066922915770805,46.200709817887912],[6.1066896541613183,46.200706247369602],[6.1066870245839588,46.200702674244717],[6.1066844041622623,46.200699097629119],[6.1066817928962402,46.200695517522789],[6.1066791907638507,46.200691934825166],[6.106676597787148,46.200688348636803],[6.1066740126487842,46.20068475984187],[6.1066714379614142,46.200681167571446],[6.1066688711343877,46.200677571795026],[6.1066663134410311,46.200673973427357],[6.1066637649033622,46.200670371568933],[6.1066612254993009,46.200666767119181],[6.106658695250939,46.200663159178752],[6.1066561741361829,46.200659548647003],[6.1066536608817845,46.20065593460923],[6.1066511580563594,46.200652317995491],[6.1066486630692376,46.200648698775169],[6.1066461772377769,46.200645076064063],[6.1066437018572977,46.200641449877601],[6.1066412343151812,46.200637821084527],[6.1066387759066343,46.20063418970016],[6.1065343470322402,46.200483556868875],[6.1064299200091234,46.200332924856809],[6.1063254922906403,46.200182291834501],[6.1063225274018631,46.200178021979447],[6.1063195533803318,46.200173754715486],[6.106316570203977,46.200169490942116],[6.1063135778728244,46.200165230659323],[6.106310576408907,46.20016097296763],[6.1063075657901509,46.200156718766522],[6.1063045460386682,46.200152467156506],[6.1063015158370799,46.200148219021798],[6.1062984777759874,46.200143974392923],[6.1062954305601123,46.20013973325463],[6.1062923729161733,46.200135494692113],[6.10628930743475,46.200131258736057],[6.1062862314812323,46.200127027154672],[6.1062831476902648,46.200122798179748],[6.1062800534492307,46.200118572680026],[6.1062769513707096,46.200114349786773],[6.1062738388200826,46.200110131268175],[6.10627071843198,46.200105915355977],[6.1062675876158305,46.200101702019637],[6.1062644489181972,46.200097493088563],[6.106261299792541,46.200093286733285],[6.1062581428073806,46.200089083883888],[6.1062549753721411,46.200084884509728],[6.1062518000774642,46.200080688641435],[6.1062486143326806,46.200076496248343],[6.1062454207504882,46.200072306461699],[6.1062422180134845,46.200068120165582],[6.1062390061217329,46.200063937360049],[6.10623578507525,46.200059758044958],[6.1062325548739942,46.200055582220507],[6.10622931554001,46.200051408987129],[6.1062260670292217,46.200047240143746],[6.1062228093856916,46.200043073891415],[6.1062195425653716,46.200038912029108],[6.1062162679076302,46.200034752773192],[6.1062129827998852,46.200030596992512],[6.1062096898326761,46.200026444717679],[6.1062063864153737,46.200022295918096],[6.1062030751386454,46.200018150624295],[6.1061997547071813,46.200014008821071],[6.1061964251209453,46.200009870508346],[6.1061930876752708,46.20000573570146],[6.106189739779567,46.200001604369845],[6.1061863840243973,46.199997476544041],[6.1061830178192116,46.199993352193438],[6.1061796437545874,46.199989231348695],[6.106176260535217,46.199985113994437],[6.1061728694563913,46.19998100014606],[6.1061694679055458,46.199976890672311],[6.1061660585172781,46.199972783804959],[6.1061626399742766,46.199968680428135],[6.1061592122544859,46.199964581441264],[6.1061557754019899,46.199960485045494],[6.1061523293727813,46.199956393039642],[6.1061488754841582,46.199952304539678],[6.1061454124407488,46.199948219530171],[6.1061419402426305,46.199944138011219],[6.1061384588898173,46.199940059982801],[6.1061349696555451,46.199935986359563],[6.1061314712886077,46.199931915327475],[6.1061279637448669,46.19992784868532],[6.1061244470464198,46.199923785533677],[6.1061209224885671,46.199919725887838],[6.1061173887539653,46.199915670631931],[6.1061138458866582,46.19991161796716],[6.1061102951379169,46.199907569707563],[6.1061067352344702,46.199903524938534],[6.106103166176351,46.199899483659983],[6.1060995879414293,46.199895446771386],[6.1060960018471562,46.199891413388592],[6.1060924065981252,46.199887383496318],[6.1060888034676841,46.199883358009288],[6.1060851898872297,46.199879335997409],[6.1060815684473964,46.199875317491369],[6.1060779391481237,46.199871302491175],[6.1060743006721765,46.199867291880878],[6.106070653041443,46.199863284761093],[6.1060669962340217,46.199859282031191],[6.1060633315892803,46.199855281907723],[6.1060596590410094,46.199851287088919],[6.1060559760648072,46.199847294845867],[6.1060522852071841,46.199843307008031],[6.1060485864681144,46.199839323575432],[6.1060448785743864,46.199835343633325],[6.1060411615258881,46.199831367181723],[6.1060374365960586,46.199827395135337],[6.1060337025115059,46.199823426579449],[6.1060299605675645,46.19981946152933],[6.1060262094469095,46.199815500869185],[6.1060224491494886,46.199811544598916],[6.1060186809927544,46.199807591834478],[6.1060149036592577,46.199803643459965],[6.1060111184664079,46.199799698591171],[6.1060073254141694,46.199795757228223],[6.1060035218899351,46.199791820239895],[6.1059997117795497,46.199787887672073],[6.1059958925145059,46.199783958594715],[6.1059920640727219,46.199780033907309],[6.1059882277715865,46.199776112725665],[6.1059843822937765,46.199772195933903],[6.1059805289345208,46.1997682835474],[6.105976666420581,46.199764374651387],[6.1059727960473147,46.199760469261143],[6.1059689177705359,46.19975656917552],[6.1059650303611788,46.199752671680955],[6.105961133753067,46.199748779475762],[6.1059572305809322,46.199744890791578],[6.1059533169367031,46.199741006482057],[6.1059493967285041,46.199737125693574],[6.1059454673214972,46.199733250194456],[6.1059415287819272,46.19972937728636],[6.1059375823388669,46.199725509682914],[6.1059336280364702,46.199721645585242],[6.1059296645573458,46.199717785877425],[6.1059256931968626,46.199713930574859],[6.1059217139770174,46.199710078778089],[6.1059177255804435,46.199706231371152],[6.1059137293025154,46.199702388369431],[6.1059097238478977,46.19969854975762],[6.1059057105338779,46.199694714651557],[6.1059016893164451,46.199690884850121],[6.1058976602396617,46.199687058554495],[6.1058936220082458,46.199683235749262],[6.1058895758734018,46.199679418248692],[6.1058855205838887,46.199675604238564],[6.1058814586862589,46.19967179554839],[6.1058773876339947,46.199667990348658],[6.1058733074270588,46.19966418863936],[6.1058692206120035,46.199660392250003],[6.1058651246202631,46.199656600250556],[6.1058610207692068,46.199652811756842],[6.1058569077193932,46.199649028552436],[6.1058527881055342,46.199645248869111],[6.1058486593150265,46.199641473575646],[6.1058445226431219,46.199637702687369],[6.105840376794518,46.199633936188945],[6.1058362243598747,46.199630174111029],[6.1058320627485196,46.199626416423001],[6.1056787528452459,46.199488091524792],[6.1055254437210795,46.199349766419317],[6.1053721353759229,46.199211441106527],[6.1052188278098622,46.199073115586458],[6.105065521022861,46.198934789859074],[6.1049122150148669,46.198796463924417],[6.1047589098079866,46.198658136883026],[6.10460560535806,46.198519810533796],[6.104452301687191,46.198381483977307],[6.1042989987953549,46.19824315721354],[6.1041456966824885,46.198104830242478],[6.1039923953486808,46.197966503064137],[6.1038390947938286,46.197828175678538],[6.1038286537160156,46.197818708853148],[6.1038182218409673,46.197809236737484],[6.1038077978293259,46.197799761115085],[6.1037973817031883,46.197790281086576],[6.1037869734625154,46.19778079665187],[6.1037765731073197,46.197771307811053],[6.103766181910788,46.197761815478856],[6.1037557973265475,46.197752317825739],[6.1037454219009835,46.19774281668127],[6.1037350543608833,46.197733311130676],[6.1037246947062362,46.197723801173915],[6.1037143429370291,46.197714286811014],[6.1037040003486034,46.197704768057342],[6.1036936643282953,46.197695245781652],[6.1036833374886417,46.197685719115121],[6.1036730185565728,46.197676187143074],[6.1036627087831441,46.197666651679661],[6.1036524055778658,46.197657112694216],[6.1036421115753159,46.197647568418581],[6.1036318241409555,46.1976380206209],[6.1036215459093475,46.197628467533043],[6.1036112768362996,46.1976189109538],[6.1036010143535266,46.197609349953133],[6.1035907610293512,46.197599785461122],[6.1035805156126992,46.197590215663574],[6.1035702780594168,46.19758064235937],[6.1035600483915493,46.197571064649061],[6.1035498279043896,46.197561482547997],[6.1035396152805825,46.197551896940261],[6.103529410564315,46.197542306026996],[6.1035192137113894,46.197532711607082],[6.1035090247438779,46.197523112781063],[6.1034988449349923,46.197513510463757],[6.1034886730335902,46.197503902840914],[6.1034785089955585,46.197494291711401],[6.1034683541381698,46.197484676191173],[6.1034582071441008,46.197475057164269],[6.103448068057566,46.197465432831898],[6.1034379368343883,46.19745580499287],[6.1034278134966131,46.19744617274776],[6.1034176993174087,46.197436537011328],[6.103407593045679,46.197426895969414],[6.1033974946373055,46.197417251420902],[6.1033874053875463,46.197407603381087],[6.1033773240452289,46.197397950035764],[6.1033672505662189,46.197388293183813],[6.1033571849726229,46.197378631925773],[6.1033471285596601,46.197368966277068],[6.1033370800100535,46.197359297121714],[6.103327039345797,46.197349623560328],[6.1033170078622216,46.197339945608206],[6.103306984241943,46.1973302641495],[6.1032969685070375,46.197320578284732],[6.1032869606575071,46.197310888013924],[6.1032769619886746,46.19730119335243],[6.1032669711830962,46.197291495184309],[6.1032569882629053,46.197281792610163],[6.1032470145012274,46.197272086544764],[6.1032370486249619,46.197262376073354],[6.1032270906340598,46.19725266119589],[6.1032171418237757,46.197242941927712],[6.1032072008768257,46.197233219152963],[6.1031972678151991,46.197223491972231],[6.1031873426168657,46.197213761284843],[6.1031774265991023,46.197204026206819],[6.1031675197620068,46.197194286738082],[6.103157619492924,46.19718454374749],[6.1031477284044211,46.197174796366156],[6.1031378452012826,46.197165044578867],[6.1031279711566677,46.197155289300326],[6.1031181049974412,46.197145529615725],[6.1031082467014057,46.197135766424609],[6.1030983975860282,46.197125998842843],[6.1030885563559227,46.19711622685503],[6.1030787229891024,46.197106451360696],[6.1030688988028974,46.197096671475677],[6.1030590825020061,46.197086887184689],[6.1030492740643565,46.197077099387158],[6.1030394748073382,46.197067307198957],[6.1030296834135012,46.197057511504205],[6.1030199012002555,46.197047711418776],[6.1030101268502657,46.197037907826832],[6.1030003603855754,46.197028099828927],[6.10299060310148,46.197018287440358],[6.1029808536806129,46.197008471545224],[6.102971112145033,46.196998651244165],[6.1029613797679767,46.196988827451868],[6.1029516552761818,46.196978999253652],[6.1029419399428484,46.196969167564227],[6.1029322324949025,46.196959331468776],[6.1029225329321672,46.196949490967427],[6.1029128425279673,46.196939646974876],[6.1029031599869237,46.196929799475797],[6.1028934866264466,46.196919947586089],[6.1028838211512824,46.196910091290455],[6.1028741635393109,46.196900231488257],[6.1028645151078793,46.196890367295495],[6.1028548758348311,46.196880499611559],[6.102845243151906,46.1968706275063],[6.1028356196273768,46.196860751909895],[6.10282600528339,46.196850871922891],[6.1028163988026209,46.196840988429372],[6.1029630344742856,46.196776749495193],[6.103109668504711,46.196712510355518],[6.1032563034843159,46.196648271040957],[6.1034079024051433,46.196669876678698],[6.1034368127693126,46.196640619047493],[6.1034228135300328,46.196573858265893],[6.1035089641406461,46.196456937499519],[6.1035951143813021,46.196340016668145],[6.1036853532443027,46.196273985663439],[6.1037511619473799,46.196283257488673],[6.1038886832726007,46.196260251203455],[6.103937465551291,46.196115429431856],[6.104019222034677,46.195956800650208],[6.1041632982972116,46.195820762532776],[6.1041598694123929,46.195713370928246],[6.1041337690669391,46.195605513191573],[6.1041657630905659,46.195540928641371],[6.1043001070610661,46.195593711984635],[6.1044168172786479,46.195474075103277],[6.1045335269833956,46.195354438102072],[6.1045985777823333,46.195273328404639],[6.1046902509117951,46.195159092006243],[6.1047819223614681,46.195044855518788],[6.1048735947217496,46.194930618972982],[6.1049762797322238,46.194802661829229],[6.1050789655332798,46.194674705507758],[6.1051816495786317,46.1945467481791],[6.1052843344145362,46.194418791672717],[6.10538701749479,46.194290834159119],[6.1054980769003731,46.194152414991919],[6.1056091344682208,46.194013994801814],[6.1056892076906699,46.193914165856675],[6.1057692793464131,46.193814335940587],[6.1058868489322879,46.193667792668428],[6.1060044165902703,46.193521249259774],[6.1061219849326633,46.19337470484578],[6.1062395513251602,46.193228161194668],[6.1063106132728393,46.193122934325068],[6.1063816736507697,46.193017707395995],[6.1063283151417789,46.192997457652403],[6.1063263396757748,46.192996762251781],[6.1063243682273631,46.192996061500381],[6.1063224007965982,46.192995355398274],[6.1063204373613713,46.192994644844873],[6.1063184766707064,46.19299392802602],[6.1063165212707853,46.192993206771206],[6.1063145685933833,46.192992480150323],[6.1063126212286667,46.192991748194068],[6.1063106765864665,46.192991010871765],[6.1063087372350235,46.192990269113487],[6.1063066389387535,46.192989458001087],[6.1063045446600652,46.192988641537973],[6.1063024557162464,46.192987818839995],[6.1063003721071816,46.19298698990719],[6.1062982925158025,46.192986155623601],[6.106296218259164,46.192985315105204],[6.1062941493373835,46.192984468351952],[6.1062920857283762,46.19298361626327],[6.1062900274541363,46.192982757939724],[6.1062879732195743,46.192981893366031],[6.106285924297798,46.192981023456916],[6.1062838807108042,46.19298014731293],[6.1062818424366352,46.192979265833522],[6.1062798094971953,46.192978378119278],[6.1062777818926222,46.1929774841702],[6.106275759600801,46.192976584885635],[6.1062737426218181,46.192975680265732],[6.1062717309775625,46.192974769410903],[6.1062697246461459,46.192973853220693],[6.1062677236494567,46.19297293079557],[6.1062657279656101,46.192972003035095],[6.1062637376165396,46.192971069039757],[6.1062617538754118,46.192970129724308],[6.1062597754470458,46.19296918507338],[6.1062578023535634,46.192968234187632],[6.1062558345727629,46.192967277966481],[6.1062538734219496,46.192966315525751],[6.1062519175838981,46.192965347749627],[6.106249967058659,46.192964374638088],[6.1062480231413367,46.192963396206416],[6.106246084558844,46.192962411539881],[6.1062441512670302,46.192961422437349],[6.1062422246052286,46.192960427115295],[6.1062403032782075,46.192959425558385],[6.106238388537081,46.192958419580805],[6.1062370831479775,46.192957659218564],[6.1062357843446939,46.192956894435639],[6.1062344921713327,46.19295612343322],[6.1062332065838021,46.192955348010102],[6.1062319276042034,46.192954567266895],[6.1062306552324808,46.192953781203549],[6.1062293881734835,46.192952989804851],[6.1062281290175031,46.192952193101327],[6.106226876469413,46.192951391077727],[6.106225630507196,46.192950584633451],[6.1062243924480235,46.192949772884333],[6.1062231596795424,46.192948956699283],[6.1062219348140934,46.192948135209448],[6.1062207165565212,46.192947308399475],[6.1062195049068286,46.19294647626942],[6.1062183011161437,46.19294564063344],[6.1062171039553395,46.192944798777887],[6.1062159133804226,46.192943952501693],[6.1062147306864407,46.192943101820134],[6.1062135546004015,46.192942245818472],[6.1062123851001582,46.192941385396146],[6.1062112247761071,46.192940520583754],[6.1062100697647654,46.192939650435932],[6.1062089239296062,46.192938775898085],[6.1062077847022991,46.192937896040135],[6.1062066520388054,46.192937012660927],[6.1062055272783446,46.192936123976907],[6.1062044103988589,46.192935230887578],[6.1062033014003871,46.192934333392799],[6.1062021989877602,46.192933431477378],[6.1062011057513148,46.192932525171919],[6.1062000191006769,46.192931614445797],[6.1061989403530594,46.192930698414841],[6.1061978681692688,46.192929778862677],[6.1061968051616207,46.192928854920432],[6.1061957500349493,46.192927926572835],[6.1061947014720763,46.192926994703981],[6.1061936621074189,46.192926057545684],[6.10619262930655,46.192925116866107],[6.1061916056818486,46.19292417179647],[6.1061905899380715,46.19292322232144],[6.106189580780204,46.192922268425789],[6.1061885807764096,46.192921311039505],[6.1061875886536026,46.1929203492478],[6.1061866056848828,46.192919383965503],[6.1061856293020584,46.192918414262536],[6.1061846620733338,46.19291744106895],[6.1061837027255566,46.192916463469984],[6.1061827512367506,46.19291548236508],[6.1061818089020559,46.192914497769522],[6.106180873153221,46.192913508753314],[6.106179947853601,46.192912516261799],[6.1061790291397742,46.1929115193496],[6.1061781208752768,46.192910518962073],[6.1061772191745556,46.19290951505328],[6.1061763266278968,46.192908507653911],[6.106175441940219,46.192907496748568],[6.1061745664066533,46.192906482352591],[6.1061737000271714,46.192905464465994],[6.1061728415286911,46.19290444217404],[6.1061719921622153,46.1929034172909],[6.1061711506547329,46.192902388901764],[6.1061703708116601,46.192901328852287],[6.1061696001006309,46.192900266211545],[6.1061688385437494,46.192899200080191],[6.1061680861188723,46.192898131357637],[6.1061673428480931,46.192897059144471],[6.1061666087313622,46.192895983440636],[6.1061658824515934,46.192894905130338],[6.1061651665990473,46.192893824244102],[6.1061644599005227,46.192892739867254],[6.1061637623340905,46.192891652899213],[6.106163072604561,46.192890563324674],[6.1061623933022622,46.19288947117419],[6.1061617231540009,46.192888375533144],[6.1061610634329453,46.19288727731616],[6.1061604115267736,46.19288617739209],[6.1061597687746882,46.192885073977436],[6.1061591364498344,46.192883967986845],[6.1061585132569878,46.192882859405067],[6.1061578991961794,46.192881748232082],[6.1061572942674029,46.192880634467905],[6.1061566997438277,46.192879519027244],[6.1061561130791979,46.192878400080708],[6.1061555368197205,46.19287727945764],[6.1061549709874257,46.192876156258698],[6.1061544129699747,46.192875031352671],[6.1061538654017884,46.192873902971328],[6.1061533269215325,46.192872773797667],[6.1061527988905393,46.192871641148628],[6.106152279947529,46.192870507707305],[6.1061517701586032,46.192869370775327],[6.1061512707527728,46.192868233066335],[6.1061507804789716,46.192867092766079],[6.106150300632355,46.192865949889985],[6.1061498298957604,46.19286480532211],[6.1061493682471708,46.192863659961894],[6.1061489170477694,46.192862511126371],[6.1061484749363375,46.192861361498487],[6.1061480432301076,46.192860210194119],[6.106147621950984,46.1928590563139],[6.1061472097598939,46.19285790164129],[6.1061468067008047,46.192856744377536],[6.1061464140248507,46.192855586336712],[6.1061460317540357,46.192854426619419],[6.106145658593233,46.192853265210367],[6.1061452945423769,46.192852102109548],[6.1061449408967228,46.19285093733226],[6.1061445976342039,46.192849771777944],[6.1061442647767867,46.192848604547144],[6.1061439410293676,46.192847435624586],[6.1061436263699536,46.192846265909694],[6.1061433234107554,46.192845094533624],[6.1061430282444125,46.192843922349944],[6.1061427447783725,46.192842748505043],[6.1061424704002896,46.192841573867874],[6.1061422064273438,46.192840397554193],[6.1061419515203612,46.192839221347633],[6.1061417083136087,46.192838043479881],[6.1061414742168543,46.192836863920405],[6.106141249186062,46.192835684467966],[6.1061410345604221,46.192834503339085],[6.1061408302957956,46.192833322332625],[6.1061406364363489,46.192832139649653],[6.1061404164318906,46.192830966554432],[6.1061402068105695,46.192829792682183],[6.1061400062772009,46.192828618017614],[6.1061398161048874,46.19282744347543],[6.1061396363377112,46.19282626725677],[6.1061394656584902,46.192825090245783],[6.1061393053623663,46.192823912457747],[6.1061391554273312,46.192822734792109],[6.1061390146022561,46.192821555434712],[6.1061388841382849,46.192820376199727],[6.1061387627402253,46.192819197071778],[6.1061386517473064,46.19281801626741],[6.1061385511154507,46.192816835585425],[6.106138460844611,46.192815655025818],[6.1061383796838049,46.192814472774472],[6.1061383075668809,46.192813291529625],[6.1061382471282082,46.192812109523082],[6.1061381957554444,46.192810927623604],[6.106138154765727,46.192809744947084],[6.1061381228420215,46.192808562377671],[6.1061381012793312,46.192807379930635],[6.1061380900997237,46.192806196706577],[6.1061380892811687,46.192805013604918],[6.1061380975064949,46.192803831509764],[6.1061381161149546,46.192802648637581],[6.1061381437892743,46.192801465872506],[6.1061381831198389,46.192800283245127],[6.1061382314942581,46.192799101624274],[6.1061382889566582,46.192797919211067],[6.1061383580752242,46.192796736935549],[6.106138434942558,46.192795555651266],[6.1061385234660586,46.192794374504679],[6.1061386210554822,46.192793193465164],[6.1061387289839155,46.192792013447509],[6.106138847273427,46.192790833552188],[6.1061389746288626,46.192789653764009],[6.1061391123232687,46.192788474997656],[6.1061392603567342,46.192787297253126],[6.1061394174781416,46.192786118716228],[6.1061395849164892,46.192784942100609],[6.1061397627159275,46.192783765607366],[6.1061399495591946,46.192782590120679],[6.1061401467415095,46.192781415655794],[6.1061403542848769,46.192780241313301],[6.1061405231945738,46.192779057517534],[6.1061407024653738,46.192777873844179],[6.1061408907579739,46.192776692076741],[6.1061410894115999,46.192775510431723],[6.1061412984042587,46.192774329808501],[6.1061415177579601,46.192773149307691],[6.1061417461335097,46.19277197071284],[6.1061419848701242,46.192770792240381],[6.1061422339236548,46.192769615689187],[6.1061424933383126,46.192768439260348],[6.1061427617747555,46.192767264737483],[6.1061430405722401,46.192766090336995],[6.1061433283915845,46.192764917842489],[6.1061436278450696,46.192763746385069],[6.1061439363424066,46.192762575934175],[6.1061442538615704,46.192761407389291],[6.1061445830149204,46.192760239881451],[6.1061449212120991,46.192759073380159],[6.1061452684311694,46.192757908784863],[6.1061456259891944,46.192756745211334],[6.1061459938862539,46.192755582659643],[6.1061463720782747,46.192754422928665],[6.1061467593141243,46.19275326420415],[6.1061471568889587,46.192752106501459],[6.1061475634856528,46.19275095070477],[6.1061479803993137,46.192749796829318],[6.1061484063348628,46.192748644859769],[6.1061488426093566,46.192747493912066],[6.1061492891787861,46.192746345785089],[6.1061497447920825,46.192745198664575],[6.106150209427228,46.192744053450028],[6.1061506843573081,46.192742911056186],[6.1061511696263349,46.192741769684112],[6.1061516638952424,46.192740631117452],[6.1061521685031099,46.192739493572624],[6.1061526821107428,46.192738358833154],[6.1061532047402904,46.192737225999615],[6.1061537376867152,46.192736095087355],[6.1061542796329835,46.192734966980453],[6.106154831896216,46.192733840794816],[6.1061553931812851,46.192732716515131],[6.1061559647612658,46.192731595056109],[6.1061565453630822,46.192730475503055],[6.1061571349647039,46.192729358755379],[6.106158300917385,46.192727031535725],[6.1061594771869405,46.192724706237357],[6.1061606611610983,46.192722383728999],[6.1061618554521182,46.192720063141905],[6.106163057469761,46.19271774444546],[6.1061642697822593,46.192715428569684],[6.1061654910944636,46.192713115499274],[6.1061667214504824,46.192710803435354],[6.1061679607841519,46.192708495076239],[6.1061692091395683,46.192706188623042],[6.1061704665167458,46.192703884075833],[6.1061717341887443,46.192701582349251],[6.106173009587347,46.192699282513317],[6.1061742939856432,46.192696985482776],[6.1061755886788358,46.192694691272848],[6.1061768910986194,46.192692398953589],[6.1061782038132275,46.192690109454986],[6.1061795242324353,46.192687822746464],[6.1061808549684562,46.192685537959157],[6.1061821934091149,46.192683255961903],[6.1061835421445565,46.192680976785304],[6.1061848985845995,46.192678700398794],[6.1061862653414813,46.192676425933527],[6.1061876398029256,46.192674154258306],[6.1061890245592547,46.192671885403769],[6.1061904170421384,46.192669618439837],[6.1061918185027109,46.192667355180731],[6.1061932302801054,46.19266509384282],[6.106194649762128,46.192662835294968],[6.1061960782437916,46.192660579552481],[6.1061975157031299,46.192658327514792],[6.106198962206232,46.19265607648363],[6.1062004176869964,46.192653829157209],[6.1062018808723248,46.192651584620904],[6.1062033543524974,46.192649342905213],[6.1062048368323243,46.192647103994886],[6.1062063270166878,46.192644867874627],[6.1063083930017461,46.19249554277873],[6.10641045972221,46.192346217607131],[6.1065125245878109,46.1921968923292],[6.1066145901888156,46.192047566975532],[6.1067166539350231,46.191898241515567],[6.1067498891738996,46.191848782150444],[6.1068334443436623,46.191726893607743],[6.1069169991174155,46.191605005903511],[6.1070005535391676,46.191483117238839],[6.1070841075869042,46.191361228513173],[6.1070854493395785,46.191359231746887],[6.1070868014088733,46.191357236901766],[6.1070881611605996,46.191355245746031],[6.1070895286167728,46.191353257380371],[6.1070909063896064,46.191351270935776],[6.1070922931399885,46.191349288195958],[6.1070936875727355,46.19134730914557],[6.1070950910270918,46.191345332001035],[6.1070965034589957,46.191343358561198],[6.1070979248903878,46.19134138792667],[6.1070993540262517,46.191339420082123],[6.1071007921616181,46.19133745504287],[6.1071022392745293,46.19133549370833],[6.1071036953869955,46.191333535179098],[6.1071051592038943,46.191331579439876],[6.1071066319982901,46.191329627405324],[6.1071074792015336,46.191328517292817],[6.1071083340873082,46.191327410869725],[6.107109199267752,46.191326307267268],[6.107110070857618,46.191325206439501],[6.1071109527201708,46.191324109331731],[6.1071118422651924,46.191323015913433],[6.1071127408098418,46.1913219253004],[6.1071136470370115,46.191320838376818],[6.1071145622637202,46.191319754258544],[6.1071154851729741,46.191318673829691],[6.1071164170597871,46.191317597105602],[6.1071173566291073,46.19131652407092],[6.1071183051980169,46.191315453841582],[6.1071192614494212,46.191314387301617],[6.1071202253613022,46.191313325350556],[6.1071211982727851,46.191312266204768],[6.1071221801618281,46.191311210763729],[6.1071231697333888,46.191310159012104],[6.1071241669874343,46.191309110949931],[6.1071251719239825,46.191308066577207],[6.1071261858381201,46.191307025909168],[6.1071272074347496,46.191305988930623],[6.1071282366918416,46.191304956540911],[6.1071292736534346,46.191303926941202],[6.1071303195705946,46.191302901945647],[6.1071313731702377,46.191301880639536],[6.107132434452347,46.191300863022825],[6.1071335033949703,46.191299849995012],[6.1071343401703935,46.191299060048699],[6.1071351833332344,46.191298273776447],[6.1071360354736717,46.191297491209014],[6.1071368939795336,46.191296713215102],[6.1071377614409359,46.191295939825352],[6.1071386352897434,46.191295170109782],[6.1071395181161723,46.191294404098933],[6.107140407308,46.191293642661627],[6.1071413041823099,46.191292884913764],[6.107142208717109,46.191292131754814],[6.1071431196173069,46.191291383169421],[6.1071440394730949,46.191290639188182],[6.1071449657162642,46.19128989888106],[6.1071458996199475,46.191289163162885],[6.1071468398890048,46.191288432018204],[6.1071477878185609,46.191287705462429],[6.1071487421134796,46.191286983480197],[6.1071497053860568,46.191286265202734],[6.1071506737068635,46.191285552382993],[6.1071516496881983,46.191284844152051],[6.1071526333519985,46.191284139610595],[6.1071536233592196,46.191283440542186],[6.1071546197317756,46.1912827460473],[6.1071556224697554,46.191282056125978],[6.1071566328462321,46.19128137169298],[6.1071576496100866,46.191280690934121],[6.1071586740124406,46.191280015663516],[6.1071597034850482,46.191279344951276],[6.1071607405961421,46.19127867972729],[6.1071617840726464,46.191278019076904],[6.1071628339145372,46.19127736300004],[6.1071638900997955,46.191276712396203],[6.1071649526504777,46.191276066365958],[6.1071660202494122,46.191275425793428],[6.1071670955088235,46.191274789809732],[6.1071681771116291,46.191274159299063],[6.1071691086081215,46.191273627781754],[6.1071700451528681,46.19127310172216],[6.107170989336149,46.191272581150862],[6.1071719385897003,46.191272065137809],[6.1071728941646128,46.191271555497231],[6.1071738561049251,46.191271050430231],[6.1071748230935414,46.19127055082096],[6.1071757964035323,46.191270057584084],[6.1071767747838432,46.191269568905554],[6.1071777595075236,46.191269085699993],[6.1071787492574892,46.19126860885158],[6.10717974407775,46.191268136561447],[6.1071807452193996,46.191267670643754],[6.1071817527044034,46.191267210199094],[6.1071827639426726,46.191266755196857],[6.1071837802291666,46.191266305652306],[6.1071848028370743,46.191265862480222],[6.1071858304932478,46.191265424765817],[6.1071868631757456,46.191264993408581],[6.1071878996334217,46.191264566594363],[6.107188942390481,46.191264147051974],[6.1071899902178366,46.191263732067895],[6.10719104175433,46.191263324325092],[6.1071920983611845,46.191262921140599],[6.107193159972292,46.191262525212629],[6.1071942253586178,46.191262133827713],[6.1071952957492242,46.191261749699372],[6.1071963711881185,46.191261371028709],[6.1071974503582096,46.191260998699931],[6.1071985345765416,46.191260631828889],[6.1071996212310022,46.191260271284357],[6.1072007142068641,46.191259917112262],[6.107201809618803,46.191259569266805],[6.1072029100570546,46.191259227778467],[6.1072040142484569,46.191258891732502],[6.1072051221710506,46.191258562028445],[6.1072062338248667,46.191258238666258],[6.1072073492098902,46.191257921645906],[6.1072084683260961,46.191257610967384],[6.1072095911734827,46.191257306630774],[6.1072107177520403,46.191257008635986],[6.1072118467667407,46.191256716967757],[6.1072129179387273,46.191256459704661],[6.107213992841908,46.191256208783457],[6.1072150701812085,46.191255964188805],[6.1072161512296965,46.191255726835422],[6.1072172347362823,46.191255494909157],[6.1072183206569788,46.191255270208934],[6.1072194102868416,46.191255052750009],[6.1072205023748394,46.191254840718187],[6.1072215968769097,46.191254635912387],[6.1072226937930418,46.191254438332592],[6.1072237931453053,46.191254247079371],[6.1072248962287867,46.191254062167992],[6.1072260004312264,46.191253884467315],[6.1072271057747098,46.191253713077941],[6.1072282148494228,46.19125354803041],[6.107229325043031,46.191253390193609],[6.1072304376507898,46.191253239582778],[6.1072315526946914,46.191253095298535],[6.1072326688795435,46.191252957325588],[6.1072337861834693,46.191252826563336],[6.1072349059014028,46.191252703027097],[6.1072360267603925,46.191252585802147],[6.107237150033467,46.191252475803154],[6.1072382731524897,46.191252372100195],[6.1072393986855493,46.191252275623228],[6.1072405240645722,46.191252185442252],[6.1072416518576667,46.191252102487269],[6.107242896143311,46.191252023606374],[6.1072441415479775,46.191251951936167],[6.1072453867765617,46.191251887461377],[6.107246633146123,46.191251829297883],[6.1072478806347075,46.191251778345091],[6.1072491279471954,46.191251734587738],[6.1072503764006996,46.191251697141645],[6.1072516259732126,46.191251666906282],[6.1072528740745282,46.191251643851047],[6.1072541232948652,46.191251628006498],[6.1072553723391216,46.191251619357388],[6.1072566225243925,46.191251617019574],[6.1072578712384917,46.191251621861895],[6.1072591210715501,46.191251633914902],[6.107260369455493,46.191251652248624],[6.1072616189584314,46.191251677793055],[6.1072628669901992,46.191251710517676],[6.1072641148458722,46.191251750437644],[6.1072653625474445,46.191251796653617],[6.1072666100509565,46.19125185096447],[6.1072678561052625,46.191251911556044],[6.1072691020055077,46.191251978443582],[6.1072703464125739,46.191252053410693],[6.1072715893705158,46.191252134658519],[6.1072728334473751,46.19125222311704],[6.1072740747580232,46.19125231874041],[6.1072753159146353,46.191252420659787],[6.1072765543049341,46.191252529744041],[6.1072777925191142,46.191252646023663],[6.1072790292841654,46.19125276858405],[6.1072802645780842,46.191252898324564],[6.1072814984007806,46.191253035245168],[6.1072827307523445,46.191253179345921],[6.1072839616547148,46.191253329727409],[6.1072851897907885,46.191253487273769],[6.1072864164777698,46.191253651100773],[6.107287641693544,46.191253822107946],[6.1072888641430287,46.191254000279969],[6.1072904143362017,46.191254231803285],[6.1072919630582305,46.191254470506649],[6.1072935090360376,46.191254715475509],[6.1072950522695528,46.191254966709728],[6.1072965940319088,46.19125522512411],[6.1072981330500342,46.191255489803893],[6.1072996706190192,46.191255760764385],[6.1073012054437221,46.191256037990286],[6.107302737502188,46.191256322381022],[6.1073042668164002,46.191256613037204],[6.1073057933643611,46.191256910858179],[6.1073073184851996,46.191257214060457],[6.1073088395446247,46.191257524412315],[6.1073103591549964,46.191257841044859],[6.1073118747259469,46.191258163927529],[6.1073133875306986,46.191258493975006],[6.1073148976131737,46.191258829388516],[6.1073164049294517,46.191259171966834],[6.1073179095014485,46.19125952081059],[6.107319410034072,46.191259875904514],[6.1073209078225288,46.191260237263798],[6.1073224028666795,46.191260604888548],[6.1073238951446545,46.191260979678091],[6.107325382110151,46.191261359803086],[6.1073268676045398,46.191261747108214],[6.1073283490815848,46.191262139764049],[6.1073298264972538,46.191262539569429],[6.1073313011686929,46.19126294564019],[6.1073327718228541,46.191263357061686],[6.1073342384156373,46.19126377563277],[6.1073367471029556,46.19126448990535],[6.1073392517509655,46.191265210428035],[6.1073417536768133,46.191265936316661],[6.1073442515413854,46.191266669354839],[6.1073467453886572,46.191267407743652],[6.1073492351966303,46.191268152382598],[6.1073517222824423,46.191268902387485],[6.1073542040118385,46.19126965952659],[6.1073566830190993,46.19127042203165],[6.1073591579870365,46.191271190786821],[6.1073616289377357,46.191271964892664],[6.1073640971222511,46.191272746163321],[6.1073665599943343,46.191273532769344],[6.107369020144267,46.191274324741329],[6.107371474937823,46.191275123847575],[6.1073739257361686,46.19127592740508],[6.1073763737682434,46.191276738127335],[6.1073788164879845,46.191277554184985],[6.1073812564635359,46.19127837650808],[6.1073836911047383,46.191279205065939],[6.1073861217286876,46.191280038974483],[6.1073885483133052,46.19128087913311],[6.1073909708806839,46.191281724642408],[6.1073933881137004,46.191282576386591],[6.1073958026245698,46.191283433496665],[6.1073982118010006,46.19128429684153],[6.1073898850502601,46.191167432378961],[6.1073815583353372,46.191050567916484],[6.107489187159346,46.190894311509091],[6.1073577688661231,46.190850646067489],[6.1074528037090561,46.190712465167231],[6.1075478380698005,46.190574284188067],[6.1076428719482561,46.190436103129954],[6.1077379053444556,46.190297921992972],[6.1078329382584284,46.190159740777041],[6.1079923023289338,46.190212603595214],[6.1081516654357237,46.190265465273839],[6.108311030124967,46.190318327642274],[6.108379294148051,46.190256586345065],[6.1082716076128216,46.190187558896774],[6.1081639213725696,46.190118530446497],[6.1082044873605019,46.190083917456874],[6.1081943398522052,46.190039008538129],[6.1082817044071245,46.189893318577901],[6.1083690684945928,46.18974762855126],[6.1084682639396295,46.189581618160027],[6.1085181634758188,46.189498445553163],[6.1085680628595735,46.189415272924656],[6.108617993697643,46.189332132136293],[6.1086679243832158,46.189248991326238],[6.1087178563455069,46.189165792031545],[6.1087677881551876,46.189082592715145],[6.1088198238381546,46.188995990368184],[6.1088718593556628,46.188909387997668],[6.1089621953068072,46.188759638109573],[6.1089672041024627,46.188751339046036],[6.1087723675308814,46.188691102044153],[6.1085775300952045,46.188630864690886],[6.1083826943855923,46.188570627016787],[6.1081878578118598,46.188510388991254],[6.1080224442553082,46.188455284080639],[6.1078570297384855,46.188400178912538],[6.1076916168513673,46.188345073517404],[6.1078197778002492,46.188209212208371],[6.1078319060949671,46.188196363797054],[6.1079069775066097,46.188116790325736],[6.1080284499960049,46.187987943930963],[6.1081499219105737,46.187859097406502],[6.1082448841817474,46.187758287276239],[6.1083398461014324,46.187657477066715],[6.1083901167149417,46.187604097624451],[6.1084663900190126,46.187523512332845],[6.1085559412436661,46.187428863989908],[6.1086454921570059,46.187334215576485],[6.1087201238349103,46.18719971939754],[6.1087947538712664,46.187065222255555],[6.108825815436564,46.1870078284553],[6.1088812211925649,46.186859467117394],[6.1088898410495904,46.186836390958206],[6.1089039723271519,46.186798594288938],[6.1087490062353904,46.186746308134474],[6.1085940391461282,46.186694021752132],[6.1085587029682227,46.186682630641968],[6.1084215562522299,46.186640314894035],[6.1082844097493014,46.186597998979536],[6.1083511802783992,46.186478158928743],[6.1086350678524362,46.186576403404594],[6.108692515757701,46.186515987443308],[6.1089175824328867,46.186150913976448],[6.1087356882135158,46.186089500552946],[6.1087743679178113,46.186043260077554],[6.1087927638189106,46.186019329331728],[6.1088445031807934,46.186037744210935],[6.1090328761631367,46.186103842941449],[6.1091448501979286,46.185966102507464],[6.1092568236663602,46.185828361963537],[6.1092727056026241,46.185808702024019],[6.1093132180643757,46.185824843101997],[6.1093280234144602,46.18580471162484],[6.1091446981519271,46.185732712442828],[6.1089613733740968,46.185660712963355],[6.1089291112962272,46.185622356743082],[6.109052706797077,46.185473624275367],[6.1091763016229033,46.185324891673609],[6.1093791475430663,46.185410089898674],[6.1095819940978604,46.185495287759551],[6.1097081150784938,46.185342774178594],[6.1097774017738189,46.185258992827031],[6.1098611791188775,46.185156803588448],[6.1099449561495076,46.185054614288269],[6.1100723894235029,46.185099723387538],[6.1101125867193993,46.18506456922325],[6.1101261533470828,46.185052709188646],[6.1101547817264006,46.185027171361099],[6.1102617875025693,46.184931697213663],[6.1103687929035431,46.184836222965323],[6.1104757979293627,46.1847407486161],[6.1104828257941355,46.184732491264896],[6.1104861608469854,46.184728526925063],[6.1105815360199953,46.184615173669862],[6.1106769107960188,46.18450182033488],[6.1107541493577511,46.184410291262267],[6.1108313876598572,46.184318762137288],[6.1109030038883105,46.184246191587739],[6.1110341363882057,46.184114959260462],[6.1111426833532869,46.184006295939554],[6.1110982200648891,46.183980480541287],[6.1109227358551426,46.183882072584879],[6.11084682819099,46.183838000200872],[6.1107293775643088,46.183757963927029],[6.1106789515490414,46.183723322385617],[6.1106199709674538,46.183683396085726],[6.1104740197969338,46.183582228539258],[6.1103959123933596,46.183524193764391],[6.1103567920609176,46.183494592123296],[6.1102716718388885,46.183429729701601],[6.110212977221356,46.183385808334961],[6.1100948951623444,46.183310066253078],[6.1100061184440779,46.183253022929399],[6.1100558389551169,46.183216368752205],[6.1101806445311571,46.183124199344334],[6.1101946316372402,46.183113930412354],[6.110219564936143,46.183095604146864],[6.1102044250623946,46.183072024019935],[6.1101690134288118,46.183016112319443],[6.1101526306539462,46.182990548126696],[6.1101521814063764,46.182989319258525],[6.1100944518597977,46.182895126503524],[6.1100422521166671,46.182800611094997],[6.1099900512818532,46.182706094748113],[6.1099669541764179,46.18266429302038],[6.1099120146275565,46.18256482307374],[6.1098713050948215,46.182479829403484],[6.1098197586601479,46.182347190984295],[6.1098058652890703,46.182173828252758],[6.1097919720066711,46.182000465521121],[6.1097749902495684,46.181968686360989],[6.1097472703862099,46.18194170196508],[6.1097288087487405,46.181911650755431],[6.109747820117466,46.181798536515416],[6.1097668314073657,46.181685422272906],[6.1097834705285532,46.181586436675644],[6.1098027621849473,46.181471647814774],[6.1098220537600341,46.181356858951361],[6.1098370721638098,46.181267480920233],[6.1098391327646455,46.181255233449136],[6.10986826401348,46.181127874910644],[6.1098973951261808,46.181000516365586],[6.1099065927187084,46.180978177506354],[6.1099476503391212,46.18087976929138],[6.1100305290985224,46.180718343863198],[6.11008872485134,46.180593294404737],[6.1101469190641815,46.180468244002547],[6.1102051142826816,46.180343194485893],[6.1102702038926182,46.180224129007343],[6.1103352932400439,46.180105062592624],[6.110400382280905,46.17998599704066],[6.1104301474573068,46.179989969752008],[6.1106686208383412,46.180023416127256],[6.1107395924278363,46.180033352175819],[6.110865234671814,46.179889296166877],[6.1109732282607796,46.179765929310101],[6.1110812200876925,46.17964256143626],[6.1110930932573293,46.179629017849102],[6.1111559088552143,46.179557234327127],[6.1111821707979583,46.179527156495276],[6.111297008399319,46.179395330970138],[6.1114118454667583,46.179263504429805],[6.1114450188635674,46.179226231205114],[6.1115131212455109,46.179148467411423],[6.1115812234329754,46.17907070357694],[6.111680277761149,46.178957770738208],[6.1117793252230932,46.178844624511378],[6.1117997078272461,46.178821658678402],[6.1119333781715364,46.178668739620463],[6.1120670477653052,46.17851582040565],[6.1121416164738136,46.178430509267933],[6.1122161836540263,46.178345198066211],[6.1122389863932671,46.178355182001518],[6.1123658872053381,46.178210072202724],[6.1124927886360876,46.178064962277794],[6.1126196880959727,46.177919852196254],[6.1126668984379826,46.177865923128273],[6.1126908915611873,46.177838742275583],[6.1124460890365944,46.177821627853405],[6.1122012853929046,46.177804511985613],[6.1119946632177706,46.177825046858743],[6.1118821087295814,46.177787579527454],[6.1117841682908853,46.177704453933003],[6.1117754634581498,46.177610072318814],[6.1117667586774926,46.17751568980497],[6.1117536444106886,46.1774859312685],[6.111621157119167,46.177376134437985],[6.1114858909707683,46.177320133969779],[6.1112910557780777,46.177340309626224],[6.1111527952245197,46.177408297295344],[6.1109810215771398,46.177427487030364],[6.110886557370752,46.177337008824743],[6.1109023323105047,46.177166822438181],[6.1109181071518339,46.176996636051101],[6.1109583161124554,46.176915933312522],[6.1108954952431196,46.17682774129441],[6.1108326745772343,46.176739549241724],[6.110770242066347,46.176701750549753],[6.1106139509806727,46.176748117151227],[6.1104833872251394,46.176833753844932],[6.1104533575506519,46.176817022234793],[6.1102832335593122,46.176722961382545],[6.1101131088826683,46.176628899359592],[6.1100070215396265,46.176570181897475],[6.1101080147235161,46.176457566612157],[6.1102090074898676,46.176344951237198],[6.1103092366346647,46.176233253461277],[6.1104094653904033,46.176121554697716],[6.1104207247728368,46.176108990919353],[6.1104378225253413,46.176089474741076],[6.1104532072773114,46.1760711079787],[6.1104685962534591,46.17605283303228],[6.1104792334905795,46.176041349643612],[6.1105527049189963,46.175967160294],[6.1106261761692044,46.175892969997463],[6.1107337140727926,46.175784048008104],[6.1108412515682575,46.175675125017577],[6.1108661760480087,46.175651119726034],[6.1109067771652956,46.175611103729651],[6.1110421000037265,46.175477715908308],[6.1111774222013908,46.175344327026437],[6.1112018232752972,46.17532095428156],[6.1113632506925892,46.175210040798177],[6.1115246774524552,46.175099127084692],[6.1115617084333369,46.175073024804597],[6.1116982612952837,46.174979150602375],[6.1118348123918897,46.174885276220287],[6.1119713643125229,46.174791401688815],[6.1120262989374741,46.174753360515922],[6.112205570008248,46.174630241004238],[6.1123848389738491,46.174507121193599],[6.1125321480312014,46.174405874531686],[6.1126794565628932,46.174304626778728],[6.1128267645249643,46.174203379733648],[6.1128449353453389,46.174191267659346],[6.1129870876484702,46.174316797993534],[6.1130557564759673,46.174377438069854],[6.1130781255967648,46.174362946155014],[6.1132048421491412,46.174277941533745],[6.1133315583060526,46.174192936770702],[6.1135033839027981,46.174076752509215],[6.1136752087884112,46.173960567087626],[6.113847032919109,46.173844382304758],[6.113951576360571,46.173773824456376],[6.1139898903573835,46.173747918215568],[6.1139989742938692,46.173741728017006],[6.1141659658554275,46.173629188209262],[6.1143329554541825,46.173516647240639],[6.1144999456356288,46.173404106940396],[6.1146669351489331,46.173291565494466],[6.1148339226556159,46.173179024686505],[6.1150009107888348,46.173066482748126],[6.1150447420490393,46.173036950410932],[6.1150675093829454,46.173022014745953],[6.1150901325194376,46.173034839924838],[6.1152585844014409,46.173128929705911],[6.1154270368872403,46.173223018336571],[6.1156207756214043,46.173331223487502],[6.1157779731566722,46.173419544786533],[6.1159351699069857,46.173507865851768],[6.1160923684617767,46.173596186713645],[6.1162436198060455,46.173680598641944],[6.1163948716190655,46.173765010367916],[6.1165461239008616,46.173849421891482],[6.1167054716000067,46.173922388730851],[6.1168707303932939,46.173965387689861],[6.1169654856072251,46.173983523125798],[6.1171621166932564,46.17400890372803],[6.1173887017494701,46.174016557564578],[6.1175046666979034,46.17401494102991],[6.1177287304687757,46.17400482192523],[6.1179527928397883,46.173994703260014],[6.1181768564439061,46.173984583265707],[6.1184009186699386,46.173974462811394],[6.1186305644871926,46.173971948447161],[6.1188602103048986,46.173969432716191],[6.1190208818269438,46.173973417499866],[6.1191815520777535,46.173977402039689],[6.1194233787324084,46.173996059658329],[6.1196386485200387,46.174028367446127],[6.1198539172682462,46.174060674808182],[6.1199086333882846,46.174016531945625],[6.1199509385673476,46.173965936219098],[6.1200846162254718,46.173889574930179],[6.1201662842904527,46.173870194271927],[6.1202353903917377,46.173839957718386],[6.1202821901529507,46.173778781035345],[6.120306972899944,46.173739300164051],[6.1203212881494027,46.173650939326947],[6.1202902957080028,46.173519136455447],[6.1202530505093486,46.173474167435359],[6.1202619059793468,46.173397349620096],[6.1202414767697197,46.173342499822326],[6.120419736215891,46.173281879395816],[6.1205771143628098,46.173147511170484],[6.1205729136966189,46.173037611318115],[6.1206004764165858,46.173001228116107],[6.1206358509758827,46.172952428785052],[6.1206723118058104,46.172880162138412],[6.1206598988405938,46.172831344943781],[6.1206096908905554,46.172802779645316],[6.1206065006203012,46.172784838605189],[6.1206760140274756,46.172743544926121],[6.1206672186359938,46.172716362476848],[6.1207334712140939,46.172595861893484],[6.1207632979149524,46.172594321160645],[6.120808351497093,46.172552295280319],[6.1208455509977755,46.1725403143693],[6.120876602283329,46.172546975959243],[6.1209449886571514,46.172562798998712],[6.1210115624319004,46.172557370929518],[6.1211154753411314,46.172544729089104],[6.1211713853396157,46.172519744011652],[6.121194632713852,46.172511646755368],[6.1212320128736355,46.172497601250974],[6.1212442427811737,46.172492529559833],[6.1212691681451297,46.172482199080022],[6.1213520841187803,46.172432878937954],[6.1215151788158959,46.172367217770166],[6.1216631010189504,46.172307591491631],[6.1218066642965931,46.172246021179241],[6.1218416073654378,46.172231046430383],[6.1219480071580197,46.172185325345268],[6.1220747676760299,46.172133096055568],[6.1221558886661009,46.172104445348644],[6.1222045611456393,46.172083960067319],[6.1222154123704202,46.172079770063313],[6.1222654896064395,46.172060474346516],[6.1223934706500209,46.172006641320699],[6.1225254787581243,46.171952225377652],[6.1225428469671135,46.171944263455096],[6.1226238422417811,46.171907133215072],[6.1226898518578903,46.171876955333936],[6.1227350353045784,46.171856250971558],[6.1227714458569418,46.171839584564502],[6.1228815930691027,46.171783741705376],[6.1229589537514686,46.17174769702391],[6.1231014090866536,46.171681318649895],[6.1231042731612053,46.171679944957411],[6.1232029820746368,46.171632468567616],[6.1232155485582958,46.171626421736491],[6.1233008543675513,46.171584183413572],[6.123372462283367,46.171548720920171],[6.1233791462088698,46.171545380082144],[6.1233991111211514,46.171536272432022],[6.123464143981467,46.171506607232217],[6.1235055857138221,46.17148412883099],[6.1236994511770337,46.171378988105609],[6.1238702217941112,46.17128507304178],[6.123990786912672,46.171362742423376],[6.1241113510804182,46.171440411661344],[6.1243083588310823,46.171537345222283],[6.124505368577509,46.171634278454782],[6.1247023777521381,46.1717312104293],[6.1248993876062112,46.171828142959811],[6.125007186963602,46.17188122614661],[6.1251287863092205,46.171941115059298],[6.1253156305299798,46.172033004450341],[6.1255024766756865,46.172124893547533],[6.1256893221788156,46.172216781421263],[6.12587616829056,46.17230866988551],[6.1259287688770261,46.172274374497981],[6.1261116180666582,46.1721550681115],[6.1262944651606288,46.172035761414691],[6.1264238641638977,46.171950984017826],[6.1265457635096059,46.171871089965876],[6.1266889219456422,46.171778112516954],[6.1267492176485314,46.171739252226246],[6.1268431998763333,46.171677190487081],[6.1269371832062651,46.171615127785536],[6.1270825586795574,46.171519568359741],[6.1272279323697942,46.171424007832826],[6.1273152805970819,46.171366512728333],[6.1274479887075062,46.171280241419396],[6.1275806964192876,46.171193969055452],[6.1277390395491542,46.171229455578796],[6.127887922175784,46.171163137876633],[6.1280719988898094,46.171081143598798],[6.1282560737766136,46.170999148106731],[6.1284027036292388,46.17093383279915],[6.128549331857208,46.170868516386911],[6.1285732834896738,46.170857823029031],[6.1287391624594942,46.170783573957991],[6.1289050409770045,46.170709324643539],[6.1290709190422925,46.170635075085677],[6.1292016092378798,46.170576560579981],[6.1293322991527246,46.170518045923181],[6.129504341844874,46.170440708536518],[6.1296763840268929,46.170363371787431],[6.1298484257419767,46.170286033877098],[6.1299040647016207,46.17026085157184],[6.12988531284803,46.170243705462148],[6.1300748868613448,46.170185843745038],[6.1302644604718539,46.170127981709733],[6.1304540324065844,46.170070118441785],[6.1306436052114668,46.170012255770075],[6.1308560397442564,46.169946484327788],[6.1310684750369688,46.169880713400353],[6.1312809085436388,46.169814941158918],[6.1313427591487901,46.16978982838306],[6.1315450513544532,46.169713104079392],[6.1317473416956618,46.16963637939849],[6.1319496327615006,46.169559654370474],[6.1321719342364371,46.169475044808394],[6.1322897586204901,46.169430213954371],[6.1324075815375689,46.169385382063098],[6.1326032942150208,46.169312845073463],[6.1327990063712043,46.169240307744836],[6.1329947180060849,46.169167770077166],[6.1331904278466016,46.169095231156035],[6.1333861384388992,46.169022692810373],[6.1335818485099063,46.168950154125632],[6.133615184939651,46.169085231548763],[6.1336485202402926,46.169220308948162],[6.1336725439564512,46.169318276396645],[6.1336965664645193,46.169416243825552],[6.1337110278619305,46.169461848794711],[6.1338009697025502,46.169608644672884],[6.1338909107117887,46.169755441365069],[6.1339808535220843,46.169902237102342],[6.1339999221190658,46.169933768516955],[6.1341032286502069,46.170046077381436],[6.1342065343128267,46.170158386137018],[6.1342927933390419,46.170236661414499],[6.1344389129828789,46.170370028378606],[6.1345850320475988,46.170503395139548],[6.1347142794064728,46.170612178886103],[6.134843527281606,46.170720962485227],[6.1348818788384829,46.170753250226902],[6.1349780509318137,46.170829657582438],[6.1350742220218795,46.170906063941935],[6.135184928649756,46.170991860900678],[6.1352956356478652,46.17107765685185],[6.1353146771866243,46.171092414031264],[6.1353275095679267,46.171102995982849],[6.1354124888210926,46.171026477728674],[6.1354974678355854,46.170949959410898],[6.1356049032636175,46.170853085217722],[6.1356209944811768,46.170830861873249],[6.1356350735773173,46.170811493359693],[6.1357662037161109,46.17073648072833],[6.1358947488224853,46.170613640633597],[6.1359550264757647,46.170556049313241],[6.1361039776452406,46.170425815440268],[6.1362529281025351,46.170295581371818],[6.1362911405386695,46.17026211011099],[6.1363569156772826,46.170212857366742],[6.1364864970062163,46.170116040225224],[6.1365910044535248,46.170011286090563],[6.1366151334770969,46.170003920124238],[6.1366000907951026,46.169999609674285],[6.1364110032740813,46.169942107178194],[6.1362219161521239,46.169884604365407],[6.1360618930671338,46.169813477523988],[6.1360262767687139,46.16979767698318],[6.1359601482162587,46.169747332367329],[6.1358661671452301,46.169675926409035],[6.1357721863421313,46.169604519473239],[6.1357380817669025,46.169595846500414],[6.1356729099072611,46.169575932840459],[6.1355673744297343,46.169478469640815],[6.1355180617571872,46.169432928173975],[6.1354973031722437,46.169413756228487],[6.1353480353483372,46.169275908919751],[6.1353328519880455,46.169256179706295],[6.1353004911105522,46.169214125128519],[6.1352638540242328,46.169166516849145],[6.1352543051488366,46.169154080810159],[6.1352076925138634,46.169038645263704],[6.1351229915000411,46.168907562917816],[6.1350782142347358,46.168842517277994],[6.1349955867075723,46.168727395786057],[6.1349129582351054,46.168612274219363],[6.1348065490777044,46.168458280294566],[6.134700139227439,46.16830428625579],[6.1346848667145863,46.168282786243047],[6.1345861651884368,46.168152450231901],[6.1344874628616433,46.168022113221063],[6.134607324883091,46.16798238858749],[6.1347183597137338,46.167942378207819],[6.1348052921136782,46.167929888299554],[6.1350251012701609,46.167949352131295],[6.1352391422647647,46.167981609816856],[6.1352863610023975,46.167993942414732],[6.1354238605159974,46.16801055921222],[6.1356200613391483,46.168041167768394],[6.1357500823659938,46.168051264106367],[6.1358801021679499,46.168061359380133],[6.1360762960157746,46.16807658608321],[6.1362724887001576,46.168091811530793],[6.1364568299232705,46.168094124265863],[6.1366411711834061,46.168096435800372],[6.1368249641658821,46.168131306510034],[6.1369415242658789,46.168172510911965],[6.1370806579534296,46.168220138606763],[6.1372197918842275,46.168267766130114],[6.1374589975032974,46.168336393601919],[6.1375470890009032,46.168361704316098],[6.1376404258780077,46.168394995390592],[6.1377109601655251,46.168434049357764],[6.1377681611077897,46.168488692084445],[6.137841202324954,46.168557555276642],[6.1379571806322266,46.168665870897172],[6.1380317336753656,46.168736460798094],[6.1380379184228353,46.168743009853955],[6.1381873314196422,46.16877262883407],[6.1381957476467655,46.168761931518901],[6.1383374742744872,46.168638643420209],[6.138479198987655,46.168515354230152],[6.1386215877311514,46.168393350075632],[6.1387639771314504,46.168271345757326],[6.1389063645993884,46.16814934124546],[6.1389714929689676,46.168096381891772],[6.1390650204413095,46.168025664436335],[6.1391306982403879,46.167976580860106],[6.1392068910914661,46.167926444350229],[6.139285955278555,46.167875357528963],[6.1394319702845674,46.167789366172101],[6.1395779848295255,46.167703374626832],[6.1395793770580154,46.167704559354782],[6.1396530678343604,46.167767308304605],[6.139663207373693,46.167765715728564],[6.1396738634476389,46.167764399906901],[6.1396674472453414,46.16765051532294],[6.1397857610229707,46.167579265044765],[6.139904073196556,46.167508014627991],[6.1400078403383693,46.167445521403771],[6.1401116072420425,46.167383028084394],[6.1401846649786549,46.167355079667885],[6.1402414939451546,46.167350246971715],[6.1402949895323644,46.167365620500433],[6.140225384173255,46.167476284105383],[6.1401557772368909,46.167586947653248],[6.1401006268657916,46.167674628849994],[6.1400454763171917,46.167762310020237],[6.1399885340250142,46.167836779392879],[6.1399950953859355,46.167953998045391],[6.1400395648488715,46.168038995768342],[6.1400949917746628,46.168098927681221],[6.1401796057163507,46.168151277601496],[6.1402861535690088,46.16820154266604],[6.1403471645459708,46.16823346598197],[6.1403721305201788,46.168256426343433],[6.1403572323782702,46.168256704634793],[6.1402777438340586,46.168277560705292],[6.1401779915440118,46.168311859419269],[6.1400366095875123,46.168332452352232],[6.1399785992673008,46.168315767153992],[6.1399530741365673,46.168278312685608],[6.1399391839141382,46.168246932829142],[6.1398886113503428,46.168195423798451],[6.1398434253185528,46.168156845844301],[6.1397899254078867,46.168128874712316],[6.139732332855524,46.168121011979494],[6.1396901415463994,46.168130149805897],[6.1397065975784937,46.168185045451672],[6.139707758561209,46.168218437026809],[6.1396859811425433,46.168279458073634],[6.1396714872849714,46.168300884357777],[6.1396140878830172,46.168350786072764],[6.1395108080332115,46.16840123603729],[6.139449310008585,46.168438224993253],[6.1394239562001873,46.168524663985778],[6.1393592202272513,46.16857241176826],[6.139267518403507,46.168593485368078],[6.1390092939546319,46.168599676930235],[6.138938779859215,46.168650774866535],[6.1389192650514985,46.168681858847776],[6.138917630096806,46.168784320991463],[6.1389483636772813,46.168882207109249],[6.1389508529993586,46.168969328632407],[6.1389100461620192,46.169024190486752],[6.1388283190837853,46.1690508685856],[6.1387227185959299,46.169068001961847],[6.1385371222827692,46.169065943001918],[6.1384385215236872,46.169088465851097],[6.1383347738972844,46.169164731156684],[6.1381625167744129,46.169241561114994],[6.1381506369367411,46.169312231786407],[6.1381751990420401,46.169363348937601],[6.13821636343949,46.169418701640751],[6.138331827456458,46.169482472149177],[6.1384184161997926,46.169584872095854],[6.13843712530727,46.169604613647948],[6.1385222679375371,46.169658770267993],[6.13861045760531,46.169698837843292],[6.1387293217392829,46.169696254189013],[6.1388661070693731,46.169742995151807],[6.1388543340496406,46.169806461566765],[6.1387077877986114,46.169857665320578],[6.1386520022977482,46.16988841565788],[6.1385261430255609,46.169983669519631],[6.1384002833132127,46.170078923241547],[6.1382612131831822,46.170148762293131],[6.1381221427180028,46.170218600274211],[6.1380438764276866,46.170292194800119],[6.1380345750293728,46.170323393755972],[6.1380667274891012,46.170438553305623],[6.1380948792846102,46.170488982236307],[6.13810306107227,46.170546741750186],[6.1380619059169446,46.170621566859957],[6.1380490081972443,46.170678457051174],[6.1380417669015648,46.170806387532409],[6.138008173304156,46.170922374848629],[6.1379929815471153,46.171021388695216],[6.1379963932998107,46.171183481547665],[6.1379889141603394,46.171207944908531],[6.1379529241161093,46.171289811105595],[6.1378937346879043,46.171372580152479],[6.1378345451013434,46.171455348269298],[6.1377387726863812,46.171551027587356],[6.1376859292297734,46.171643609712248],[6.1376330842989075,46.17173619179799],[6.1376114610246555,46.171767261148787],[6.1376074473975013,46.171782880109802],[6.1375450870086565,46.171874629918676],[6.1374181987730347,46.172027214727322],[6.1373071460053614,46.172141042099881],[6.1371835110066728,46.172217589742836],[6.1371004823646169,46.172252048288286],[6.1370262843154579,46.17225710451725],[6.136930385385087,46.172289193952992],[6.1369184091810336,46.172340680386931],[6.1368414297374265,46.172421024923246],[6.1368161207534131,46.172462570669545],[6.1368008964405671,46.172508537825728],[6.1368314073503409,46.172552808097642],[6.1369484011474036,46.172630635385566],[6.1369846976435429,46.172688202237886],[6.1369841311552413,46.172785956120855],[6.1369754072115121,46.172878299610801],[6.137059674232284,46.173040479293704],[6.1370686806637238,46.173069089702011],[6.1370699492985361,46.173127914805086],[6.1370313594952064,46.173181540288084],[6.1368999816989662,46.17324302126076],[6.1367686023329355,46.173304501166442],[6.1366148344830815,46.17333662666379],[6.1364123523217593,46.173441383972069],[6.1362091914002193,46.173547630159177],[6.1360606534104285,46.173606528706792],[6.1359718149985714,46.173660570219177],[6.1358574765659712,46.173708353950609],[6.1357844861017519,46.173727469190901],[6.1356090601656863,46.173738901396497],[6.1353804523887563,46.173766424891028],[6.1353670521818566,46.173768332986235],[6.135269646838176,46.173770594445287],[6.1350783705736927,46.173757642940188],[6.1350353520861391,46.173794175674672],[6.1350714934988941,46.173902606753281],[6.1350564303211454,46.173954635828359],[6.1350229084907228,46.174009054287296],[6.1349343410534205,46.1740891763531],[6.1348796650340045,46.174172592594545],[6.1348656491509059,46.174303766292049],[6.1348085560315075,46.17438508258622],[6.1347514627632789,46.174466397952536],[6.134755015465716,46.174508111460675],[6.134737202823044,46.17453823201032],[6.1347265255655063,46.174590043659315],[6.1347179859501439,46.174677440906294],[6.1347204553337038,46.174726801792353],[6.1347049723063423,46.17478892491922],[6.1346814126714015,46.174831503496563],[6.134594051702102,46.174948591963428],[6.1345066903572469,46.175065680363581],[6.1343820904989776,46.175179502190964],[6.1342574901415503,46.175293322982242],[6.1341179637405547,46.175426308764351],[6.1339784353636082,46.175559294360134],[6.1338389076000794,46.175692279799506],[6.1336993778605384,46.175825265052524],[6.1336272551861057,46.175913460387129],[6.1335551322781336,46.176001655676131],[6.1334203456404639,46.1761379622492],[6.133331768313111,46.176227593576215],[6.1332894631146768,46.176270379547226],[6.1331975747019678,46.176343019707588],[6.1331056860657878,46.176415658894051],[6.1330980609235777,46.17642146983998],[6.1329977000192715,46.176357408284147],[6.1329119657477662,46.176298550631479],[6.132903314538849,46.176286563836655],[6.1327961281797752,46.176230412253773],[6.1327436628176475,46.176198220385821],[6.1327060054673099,46.176175105954627],[6.1327041772406492,46.176175896296606],[6.1326181235883048,46.176123787741609],[6.1325957803233315,46.176110303613207],[6.1324992770933866,46.176051056404468],[6.132438256924468,46.176013727072132],[6.1322512974713685,46.175891431009177],[6.1320841090939782,46.175782054648906],[6.1319169201149073,46.175672677127174],[6.131766351311672,46.175574747915633],[6.1317672675848618,46.175574127856414],[6.1317199758558045,46.1755430759791],[6.1316213846868903,46.175479336869188],[6.1315227924539535,46.175415597658372],[6.1314591679080053,46.175370667652331],[6.1314628619432527,46.175368006924217],[6.1313167518642855,46.175272636200745],[6.1311706422753955,46.175177266188065],[6.1310245319250161,46.175081895072211],[6.1308784233810467,46.1749865237827],[6.1306880999549049,46.174865730798899],[6.1304977786459851,46.17474493840934],[6.1303074569081257,46.174624144785078],[6.1301171360143991,46.174503350840652],[6.130078790206511,46.174532498267745],[6.1299859513591892,46.174603188672151],[6.1298931122925158,46.174673878101075],[6.1298194424783228,46.174716949226585],[6.1298170557931959,46.174718343925257],[6.1296368325963035,46.174823816390656],[6.1295809302898627,46.174978407052436],[6.1295250263715264,46.175132997672861],[6.1294691234306988,46.175287588282139],[6.1296305659892294,46.175305515563608],[6.1297822044492065,46.175339936987065],[6.129998315273248,46.175391636334375],[6.1300075735051847,46.175383194978224],[6.1301007177755844,46.175418455789874],[6.1302092744570693,46.17546424262661],[6.1303173183387116,46.175515421512095],[6.1304202442173024,46.175569509873611],[6.1305188245432269,46.175626699321903],[6.1306161009950353,46.175689812372084],[6.1307069872252633,46.175755099527642],[6.1307903325236088,46.175821564103479],[6.130870078945672,46.175892663436045],[6.1309448583832795,46.17596577708202],[6.1309733846239922,46.175996697145017],[6.1310121590185505,46.176041145829629],[6.1310763180403347,46.176120066946396],[6.1311337121414748,46.176200260011882],[6.1311851997687024,46.17628388883351],[6.1312304588452999,46.176368078793793],[6.1312691964000168,46.176454349668944],[6.1313016868764567,46.176541896731507],[6.1313276868068503,46.176630179153669],[6.1313469299127847,46.176719282022326],[6.1313599487233494,46.176809032477749],[6.1313658304534231,46.176899148236203],[6.1313669258717507,46.17698929937648],[6.1313611443872764,46.17709890383496],[6.1313553629012176,46.177208507394383],[6.1312871073969362,46.177164664423259],[6.1312535532960322,46.17714385348485],[6.131278048163364,46.177318510630258],[6.1312828778970889,46.177349877427524],[6.1312775351805282,46.177488649332176],[6.1311982394209918,46.177486484834724],[6.1311865949110311,46.17748626705562],[6.1311876803496128,46.177489227005417],[6.1311887566817331,46.177492188649033],[6.1311898226125141,46.177495151971357],[6.1311908807315412,46.177498117002486],[6.1311919271544468,46.177501083697372],[6.131192965765651,46.177504052101057],[6.1311939939755167,46.177507022183484],[6.1311950117840972,46.17750999394471],[6.1311960217809371,46.177512967414678],[6.1311970213980231,46.177515941663977],[6.1311980106138142,46.177518917592089],[6.1311989907014794,46.17752189611339],[6.1311999617041781,46.177524875429043],[6.1312009223271637,46.177527855523984],[6.1312018738220111,46.177530838212171],[6.1312028162319203,46.177533821694695],[6.1312037482405177,46.177536806856011],[6.1312046711425481,46.177539793711041],[6.1312055836648804,46.177542781345451],[6.1312064870589866,46.177545771573051],[6.1312073813898129,46.177548761695583],[6.1312082652977047,46.177551754396283],[6.1312091401206557,46.177554747891378],[6.1312100045422442,46.177557743065194],[6.1312108598789186,46.177560739033417],[6.131211704814203,46.177563736680391],[6.1312125406429772,46.17756673602112],[6.1312133673867315,46.177569736156173],[6.1312141837292407,46.177572737970038],[6.1312149896919594,46.177575740563213],[6.1312157865480996,46.177578744850194],[6.1312165743192883,46.177581749931484],[6.1312173516891377,46.177584756691573],[6.1312181199740126,46.17758776424602],[6.1312188778791468,46.177590772579798],[6.1312196266777157,46.177593782607346],[6.1312203650748849,46.177596794313658],[6.1312210943871399,46.177599806814342],[6.1312218146144151,46.177602820109357],[6.1312225244619007,46.177605834183723],[6.1312232239080373,46.177608849936846],[6.1312239142476486,46.177611867383767],[6.1312245942290682,46.177614884710593],[6.1312252651038985,46.177617903731182],[6.1312259268937233,46.177620923546151],[6.1312265782821989,46.177623945039862],[6.1312272193125743,46.177626966413477],[6.1312278512363081,46.177629989480899],[6.131247529639297,46.177770252552953],[6.1312480060654408,46.17777187750778],[6.1312510923643533,46.177794411688744],[6.1312535472239711,46.17781622060113],[6.1312558987706485,46.177874566285467],[6.1312549181360909,46.177947727122593],[6.1312486610187467,46.17805700758278],[6.13124284333212,46.178164222965023],[6.131237641033298,46.178272884977005],[6.1312343767748203,46.178381256368432],[6.1312323104961761,46.178488281327084],[6.1311810661208765,46.178497341720146],[6.1311286509004361,46.178506563953199],[6.1311322975915354,46.178516501860493],[6.1311843878924233,46.178660199668592],[6.1312034633617944,46.178780934416743],[6.131210275967919,46.178825620639543],[6.1312263151458248,46.178916998575971],[6.1312234189703085,46.179003848396299],[6.1312219091360394,46.179087011189729],[6.1312188376896914,46.179255059972469],[6.1312168723615352,46.179363486915541],[6.1312149070473003,46.179471912959784],[6.1312124295673192,46.179607638481713],[6.1312099533915125,46.179743363120238],[6.1312074758870487,46.179879088644149],[6.1312049983920094,46.180014813269615],[6.1312161125440685,46.180090763006802],[6.1312336378602001,46.180228493709436],[6.1312511619918189,46.180366223495938],[6.1312539072126411,46.180391800954681],[6.1312594122243089,46.180464182290493],[6.1312551965790938,46.180557323609484],[6.1312505136994169,46.180660800482777],[6.1312549127340068,46.180660941448927],[6.1312560724743816,46.180676498738002],[6.1312471946378766,46.18085230837606],[6.131238318060654,46.181028117130793],[6.1312324657109745,46.181027978209421],[6.131228998449977,46.181100372491827],[6.1312202321966343,46.181267380916573],[6.1312114659113393,46.181434388442838],[6.1312026982559296,46.18160139685439],[6.131193931863403,46.181768404382396],[6.1311936018444761,46.181774700145823],[6.1311224943058784,46.18177433549711],[6.1311290629967949,46.181897910418357],[6.1311356317175392,46.182021485340037],[6.1309453009533792,46.182016794517743],[6.1309438594663304,46.182016843480127],[6.1309424194254056,46.18201688616147],[6.1309409769676622,46.182016921617326],[6.130939534704491,46.182016948978188],[6.1309380925926265,46.182016970043051],[6.1309366506536245,46.182016983912426],[6.1309352075711283,46.182016991470725],[6.1309337646831432,46.182016990934059],[6.1309323219464886,46.182016984101367],[6.1309308806992453,46.182016969188773],[6.1309294383084323,46.182016947965131],[6.1309279960905556,46.182016919545987],[6.1309265540455948,46.182016883931318],[6.1309251134684883,46.18201684113621],[6.1309236717694073,46.182016791130607],[6.1309222315165419,46.182016734843955],[6.1309207927314748,46.182016671376864],[6.1309193528461012,46.182016599799773],[6.130917914406889,46.182016521941662],[6.130916477435532,46.182016436903126],[6.1309150406371247,46.182016344669037],[6.1309136052848565,46.182016246153921],[6.130912171422076,46.182016139558939],[6.1309107377106002,46.182016026667888],[6.1309093054669894,46.182015906596348],[6.1309078746911521,46.18201577934434],[6.1309064453831299,46.182015644911843],[6.1309050162264596,46.182015504183312],[6.1309035898541167,46.182015355389893],[6.1309021649279609,46.182015200315433],[6.1309007414696461,46.182015038060491],[6.1308993194575088,46.182014869524515],[6.1308978989348333,46.182014692908631],[6.1308964811532594,46.182014510026725],[6.1308950648394749,46.18201431996436],[6.1308936499935287,46.182014122721505],[6.1308922378886841,46.182013919212636],[6.130890827251692,46.182013708523279],[6.1308894193774268,46.182013490668453],[6.1308880129709227,46.182013265633223],[6.1308866093055334,46.182013034331945],[6.1308852084028835,46.182012795865191],[6.1308838102629215,46.182012550232962],[6.1308824135691626,46.182012298319727],[6.1308810196382026,46.182012039240995],[6.1308796297431449,46.182011773911306],[6.1308782413159273,46.182011501401107],[6.1308768556514188,46.182011221725482],[6.1308754727280181,46.182010935783815],[6.1308740938622375,46.182010642691722],[6.1308727164642738,46.182010342419176],[6.1308713431022843,46.182010035895622],[6.1308699737762833,46.182009723120999],[6.1308686059181232,46.182009403165956],[6.1308672420959383,46.182009076959901],[6.1308658823313795,46.18200874360339],[6.1308645253295193,46.182008403081447],[6.1308631710471522,46.182008057192895],[6.1308618208440198,46.182007703254492],[6.1308604746552007,46.182007343964479],[6.1308591325240336,46.182006977524104],[6.130857793155581,46.182006603918218],[6.1308564578015039,46.182006224960766],[6.1308551265050024,46.182005838852859],[6.1308537992661245,46.182005445594548],[6.130852476041599,46.182005046984656],[6.1308511568747273,46.182004641224331],[6.1308498430386882,46.182004229227992],[6.1308485319437169,46.182003810965682],[6.1308472249064456,46.182003385552896],[6.1308459231783772,46.182002954803551],[6.1308446255079305,46.182002516903786],[6.1308433318734243,46.182002072753001],[6.1308420435698556,46.182001622366244],[6.1308407593022771,46.182001165728479],[6.1308394803655224,46.182000702854758],[6.1308382054647685,46.182000233729966],[6.1308369358949424,46.181999758369273],[6.1308356703610789,46.18199927675753],[6.1308344101580641,46.181998788909809],[6.1308331552859263,46.181998294826087],[6.1308319057446905,46.181997794506373],[6.1308306602394422,46.181997287935694],[6.1308294200434705,46.181996776028413],[6.1308281864948606,46.181996257000776],[6.1308269569606137,46.181995732621559],[6.1308257327572688,46.181995202006291],[6.1308245151580243,46.181994666069585],[6.1308233016163811,46.18199412298241],[6.1308220946789636,46.181993574573688],[6.1308208930507346,46.181993020828436],[6.130819696753381,46.181992460847191],[6.1308185057869524,46.181991894629952],[6.1308173214462496,46.181991322191749],[6.1308161423932122,46.181990745316412],[6.1308149699875374,46.181990161320684],[6.1308138028911108,46.181989571988446],[6.1308126423988245,46.181988977334662],[6.130811487215853,46.181988377344283],[6.1308103386586046,46.18198777113296],[6.1308091954322332,46.181987158685665],[6.130808060083238,46.181986541831286],[6.1308069300651811,46.181985918740935],[6.1308058066512485,46.181985290329024],[6.1308046885465561,46.181984656580553],[6.1308035783625376,46.181984016626203],[6.1308024747610368,46.18198337224969],[6.1308013764903819,46.181982721637226],[6.1308002860972062,46.181982066617671],[6.130799201034856,46.181981405362116],[6.1307981238715294,46.181980738800092],[6.1307970532907694,46.181980067815928],[6.1307959893356934,46.181979390610806],[6.1307949319632229,46.181978708983621],[6.1307938824897397,46.181978022049904],[6.1307928396204323,46.18197732979462],[6.130791803355212,46.181976632217854],[6.1307907749890802,46.18197592933457],[6.1307897532054136,46.181975222029173],[6.1307887380259611,46.181974509402266],[6.1307877307238696,46.181973792368247],[6.1307867313208311,46.181973070027745],[6.1307148416152302,46.181925161229721],[6.1305837455100987,46.181840283215863],[6.1304526511300157,46.181755404165713],[6.1303215558421167,46.181670525848041],[6.1301557177746719,46.181563396339676],[6.1299898803812587,46.181456265688759],[6.1298004958325301,46.181333973529732],[6.129664077747651,46.181245601254943],[6.1295276601054711,46.181157228815707],[6.1293983077590317,46.181073886495277],[6.1292689545352532,46.180990543112522],[6.1292488971599184,46.180979331384265],[6.1292276579975526,46.180968734810406],[6.1292052084013937,46.180960105283717],[6.1291808976117785,46.180953519817663],[6.1291554625988827,46.180950431861923],[6.1291298077252039,46.180951205493045],[6.1291052017150589,46.180956941362616],[6.1290841048746367,46.180967395436255],[6.1290675881026404,46.180981232423861],[6.1290563299838388,46.180997380585829],[6.1290484128709046,46.181014470827272],[6.1290427426491716,46.181034910595315],[6.1290391419895105,46.181055466163691],[6.1288458442717397,46.181050956829267],[6.1288317265041261,46.181050628219829],[6.1285996678054406,46.18104521393419],[6.1285946128119857,46.181045095834278],[6.1284446925584994,46.181041589018875],[6.1284384027262861,46.181162414687719],[6.1284321128878938,46.181283239457564],[6.1284238606174011,46.181440055811947],[6.1284156083212231,46.181596871267722],[6.1284073559559546,46.181753687623662],[6.1283991035649272,46.181910503080971],[6.1283926186967204,46.182032319741651],[6.12838613250472,46.182154136387716],[6.1283796475786474,46.182275953049313],[6.1283726659060056,46.182407047788608],[6.128365682904926,46.182538142513387],[6.1283582050103007,46.182681450109797],[6.1283507283713119,46.182824757721924],[6.1283432504198716,46.182968064420166],[6.1283357724074818,46.183111372018551],[6.1283264191660223,46.183291131957489],[6.1283170671795428,46.183470891013044],[6.1283077138149231,46.183650650954036],[6.1283003906880253,46.183785475428401],[6.128293067524929,46.183920299903299],[6.1282856541919104,46.184055693731786],[6.1282782395271758,46.184191087545791],[6.128270055078147,46.18432541978548],[6.1282618693156161,46.184459751111127],[6.1282572975730352,46.184520875673734],[6.1282500303205794,46.184618894689827],[6.1282427630420555,46.184716913705913],[6.1282427352252675,46.184728879193344],[6.1282354036263724,46.18482150025222],[6.1282280720025302,46.184914121311046],[6.1282198813738864,46.185010084615918],[6.1282116907163777,46.185106047920719],[6.1282023030346737,46.185202016210944],[6.1281929153198682,46.185297984500949],[6.128179553900444,46.185409802255577],[6.128166191152931,46.185521619094878],[6.1281449340642107,46.185673094092678],[6.1281240772399643,46.185807139642392],[6.1280907524942769,46.185980397040936],[6.1280574262633154,46.186153653516818],[6.1280390056290939,46.186249516840633],[6.1280205836351032,46.186345380146911],[6.1278496944610454,46.18632609957762],[6.1278190720110457,46.186491019448944],[6.1277884506707077,46.18665593932846],[6.1277578278716813,46.186820858286744],[6.127727206160654,46.186985778152717],[6.1276965829692767,46.187150697996806],[6.1276824905331146,46.18714936010965],[6.1276611279316668,46.187264543222767],[6.1276397639665836,46.187379725418111],[6.1276435971764576,46.18750906104313],[6.1276474316996739,46.187638396683909],[6.1276512649461541,46.187767732310448],[6.1276527228340933,46.187768406925862],[6.1276541754119798,46.187769086877665],[6.1276556226580752,46.187769773065241],[6.1276570645941311,46.1877704645892],[6.127658501198483,46.187771162348994],[6.1276599311976678,46.187771865430072],[6.1276613558868123,46.187772573847539],[6.1276627752659021,46.187773287601388],[6.1276641880399021,46.187774006676541],[6.1276655954821342,46.187774731987517],[6.1276669963192765,46.187775462619804],[6.1276683918463632,46.187776198588452],[6.1276697807683842,46.187776939878432],[6.127671164358615,46.187777687404264],[6.1276725413654907,46.187778439351924],[6.127673911745573,46.187779197520349],[6.1276752768372651,46.187779960125752],[6.127676636597192,46.187780728966949],[6.1276779884786752,46.187781502214953],[6.127679335028442,46.187782281698802],[6.1276806749948305,46.187783065604528],[6.1276820083560635,46.187783854831579],[6.1276833351122386,46.187784649379935],[6.1276846552633266,46.187785449249652],[6.1276859701043467,46.18778625445573],[6.1276872770669479,46.18778706406863],[6.1276885774027816,46.187787879902309],[6.1276898724502269,46.187788700172938],[6.1276911596192125,46.18778952485038],[6.1276924401614563,46.187790355748604],[6.1276937154153233,46.187791191083775],[6.1276949827690457,46.187792031725223],[6.1276962422443502,46.187792876773493],[6.1276974964095992,46.187793727158152],[6.1276987426963689,46.18779458194966],[6.1276999823781066,46.187795442062502],[6.1277012154764048,46.187796306597185],[6.1277024367245678,46.187797179091362],[6.127703651367586,46.187798056906793],[6.127704858132188,46.187798939129131],[6.1277060582917331,46.18779982667278],[6.1277072505727981,46.187800718623237],[6.127708436270507,46.187801614995628],[6.1277096140897358,46.187802515774848],[6.1277107853255446,46.187803420975968],[6.1277119486613127,46.18780433148337],[6.1277131041185857,46.18780524639763],[6.1277142529924538,46.187806165733754],[6.1277153939878763,46.187807089476735],[6.1277165271048446,46.18780801762658],[6.1277176536384559,46.187808950198324],[6.1277187722936235,46.187809887176861],[6.1277198830703092,46.187810828562291],[6.127720985968641,46.187811774354557],[6.1277220810101243,46.187812723654247],[6.1277231694466181,46.187813678275241],[6.1277242487312531,46.18781463638863],[6.1277253214107823,46.187815599823317],[6.1277263849385664,46.187816566750399],[6.1277274419045957,46.187817537199926],[6.1277284909705436,46.187818512955765],[6.1277295308846949,46.187819492203928],[6.1277305642370656,46.187820474974558],[6.1277315883943677,46.187821463036464],[6.1277326047165603,46.187822453706289],[6.1277336131385844,46.187823449682448],[6.1277346137255639,46.187824448266582],[6.1277356064124513,46.187825452156986],[6.1277365912642052,46.187826458655366],[6.1277375669425647,46.18782746954556],[6.1277385347641165,46.187828483943171],[6.1277394947071979,46.187829502747626],[6.1277404454985209,46.187830525044447],[6.1277413884330878,46.187831550848657],[6.1277422208464252,46.187832486299534],[6.12774304540293,46.187833425257807],[6.1277438608076755,46.18783436770844],[6.1277446683556915,46.187835313666497],[6.1277454667518843,46.187836263116949],[6.1277462572912924,46.187837216074826],[6.1277470386789341,46.187838172525019],[6.127747810914741,46.187839132467623],[6.1277485752937508,46.187840095917629],[6.1277493318377294,46.187841061975597],[6.1277500779348228,46.187842031510925],[6.1277508161751735,46.187843004553692],[6.1277515452853892,46.187843980189342],[6.1277522665387956,46.187844959332452],[6.1277529786404452,46.187845941967922],[6.1277536816119476,46.18784692719629],[6.1277543754316914,46.187847915917082],[6.1277550601212631,46.187848907230773],[6.1277557369757147,46.187849901152489],[6.1277564046784212,46.18785089856658],[6.127757063250943,46.187851898573555],[6.127757712693354,46.187852901173514],[6.1277583529839843,46.187853907265833],[6.1277589841444673,46.1878549159511],[6.1277596061748012,46.187855927229315],[6.1277602190750029,46.187856941100414],[6.1277608228451079,46.187857957564482],[6.1277614187800431,46.187858976636562],[6.1277620042898659,46.187859998286498],[6.1277625806695948,46.187861022529418],[6.1277631479191372,46.187862049365229],[6.1277637060601959,46.187863077894569],[6.1277642550495077,46.187864109916262],[6.1277647949303233,46.187865143631498],[6.127765324386016,46.187866179924619],[6.1277658460282254,46.187867217926268],[6.1277663572452852,46.187868258505816],[6.127766859332211,46.187869301678298],[6.1277673523106531,46.187870346544301],[6.1277678361589478,46.187871394003245],[6.1277683096037689,46.187872443140634],[6.1277687739401685,46.187873493971559],[6.1277692291463719,46.187874547395388],[6.1277696752441377,46.187875602512726],[6.1277701122333976,46.187876659323607],[6.1277705387975452,46.187877718712372],[6.1277709562748433,46.187878778895197],[6.1277713633270325,46.187879841655906],[6.1277717625657253,46.187880906125187],[6.1277721501059439,46.187881972257863],[6.1277725298326402,46.187883040099102],[6.1277728991775895,46.187884108719345],[6.1277732593923266,46.187885179932564],[6.1277736092253177,46.187886251924787],[6.1277739499497725,46.187887325610554],[6.1277742802707413,46.187888400974707],[6.1277746014832237,46.187889478032425],[6.127774913608973,46.187890555884223],[6.1277752153311615,46.187891635414452],[6.1277755066498356,46.187892716623182],[6.1277757888817384,46.187893798625929],[6.1277760620268076,46.187894881422785],[6.1277763247684138,46.187895965898115],[6.1277765784231848,46.187897051167468],[6.1277768216744333,46.187898138115301],[6.1277770545438806,46.187899225842173],[6.127777278326545,46.187900314363134],[6.1277774930223332,46.187901403678147],[6.1277776973363256,46.187902493772214],[6.1277778912468177,46.187903585544689],[6.1277780760921612,46.187904677211854],[6.1277782505340195,46.187905770557464],[6.1277784159106652,46.187906863797714],[6.1277785708838746,46.187907958716423],[6.1277787154968992,46.187909053514709],[6.1277788510230984,46.187910149107104],[6.1277789774624507,46.187911245493559],[6.1277790922466897,46.187912341744564],[6.1277791979440304,46.1879134387896],[6.1277792945545988,46.187914536628789],[6.1277793808050172,46.18791563434754],[6.1277794566735473,46.187916732845288],[6.1277797123209918,46.187918864471776],[6.1277799588816766,46.187920996892366],[6.1277801963554861,46.187923130107023],[6.1277804260592523,46.187925263231335],[6.1277806453811543,46.187927397134679],[6.1277808556162485,46.187929531832147],[6.1277810567861808,46.187931666424213],[6.1277812488693524,46.187933801810395],[6.1277814318873638,46.187935937091176],[6.1277816058185799,46.18793807316608],[6.1277817706846305,46.187940209135576],[6.1277819264638493,46.187942345899209],[6.1277820731779817,46.187944482557441],[6.1277822108052158,46.187946620009754],[6.1277823393673776,46.187948757356736],[6.127782458864365,46.187950894598352],[6.1277825692745038,46.187953032634027],[6.1277826706195579,46.187955170564365],[6.127782761582738,46.187957309273713],[6.1277828447757452,46.18795944789273],[6.1277829189036552,46.18796158640648],[6.1277829838363447,46.187963730211401],[6.1277830396822601,46.187965874810423],[6.1277830864629648,46.187968019304087],[6.1277831241785705,46.187970163692405],[6.1277831528073152,46.187972308874755],[6.127783171097537,46.187974453037334],[6.1277831815959338,46.18797659800898],[6.1277831817341948,46.187978742860253],[6.1277831741023361,46.187980887621237],[6.127783156110211,46.187983032261734],[6.127783130347991,46.18798517681202],[6.1277830942255447,46.18798732124187],[6.1277830490379745,46.187989465566353],[6.1277829947852451,46.187991609785477],[6.127782931445628,46.187993754798676],[6.1277828590625392,46.187995898807088],[6.1277827776142875,46.187998042710163],[6.127782687100825,46.188000186507857],[6.1277825875222129,46.18800233020017],[6.1277824776051162,46.188004472872727],[6.1277823598961447,46.188006616354343],[6.1277800590907088,46.188086357508951],[6.127779549110782,46.188095050638729],[6.1277790481959178,46.188103743873874],[6.12777855764105,46.188112437229428],[6.1277780761512908,46.188121130690377],[6.1277776037048399,46.188129825156061],[6.1277771416184104,46.188138519742196],[6.1277766873237391,46.188147213519173],[6.1277762446624813,46.188155908331062],[6.127775809771256,46.188164603233261],[6.1277753852184542,46.188173299155309],[6.1277749697523607,46.188181994283262],[6.1277745646463666,46.188190689531616],[6.1277741672887025,46.188199385769778],[6.1277737802912275,46.188208082128263],[6.127773403675449,46.188216777707773],[6.1277730361031457,46.188225474292089],[6.1277726775958996,46.188234170981737],[6.1277723281537391,46.188242867776779],[6.1277719890717028,46.188251564692195],[6.1277716590331393,46.18826026261241],[6.1277713380813239,46.188268959738593],[6.1277710274896169,46.188277656985143],[6.1277707259414242,46.188286355236507],[6.1277704334799878,46.188295052693768],[6.1277701513569918,46.18830375117092],[6.1277698783208159,46.188312448853992],[6.1277696143281144,46.188321147541828],[6.1277693594222367,46.188329845435582],[6.1277691148548827,46.188338544349222],[6.1277688793743019,46.188347242468772],[6.1277686542322343,46.188355941608179],[6.1277684315068086,46.188364647973131],[6.1277682178248565,46.188373355342897],[6.1277680145247793,46.188382061933609],[6.1277678215632285,46.188390769544199],[6.1277676376885255,46.188399476360736],[6.1277674641523223,46.188408184197087],[6.1277673009980589,46.188416891254434],[6.127767146887269,46.188425599316567],[6.1277670031583789,46.188434306599703],[6.1277668697897267,46.188443014003212],[6.1277667454646121,46.188451722411529],[6.127766631521423,46.188460430040834],[6.1277665279384088,46.188469137790555],[6.1277664347156717,46.188477845660685],[6.1277663505581721,46.188486553636181],[6.1277662767609611,46.188495261732079],[6.1277662120289484,46.188503969933343],[6.1277661576571631,46.18851267825503],[6.1277661136673407,46.188521385797678],[6.1277660800161335,46.188530094360161],[6.1277660554518505,46.188538802128605],[6.1277660412478703,46.188547510017443],[6.127766037382453,46.188556218926124],[6.1277660426040113,46.18856492704073],[6.1277660581858724,46.188573635275773],[6.1277660841496964,46.188582342731777],[6.1277661191571084,46.188591051192581],[6.1277661645248616,46.188599759773808],[6.1277662202746166,46.188608467575996],[6.1277662850895958,46.18861717548355],[6.1277663602649532,46.188625883511527],[6.1277664019688274,46.188634314047391],[6.1277664540330568,46.188642744703699],[6.1277665151841836,46.188651174565962],[6.1277665866740394,46.188659605448024],[6.1277666685458856,46.188668035551096],[6.1277667581879678,46.188676465744479],[6.1277668594854546,46.188684896073312],[6.1277669698699162,46.188693325608071],[6.1277670892980565,46.188701756147609],[6.1277672191082484,46.188710185908157],[6.1277673579837426,46.188718615774043],[6.1277675072195619,46.188727045760345],[6.1277676668157994,46.188735475867063],[6.1277678342039978,46.188743905164657],[6.1277680132476267,46.188752334597702],[6.1277682013565951,46.188760764136141],[6.1277683985309279,46.188769193779912],[6.1277686060873142,46.188777622644679],[6.1277688226874139,46.188786052514203],[6.1277690496695563,46.188794481604795],[6.1277692870338374,46.188802909916298],[6.1277695321467087,46.188811339217537],[6.1277697889367735,46.188819767754801],[6.1277700547922009,46.188828196397438],[6.1277703297346937,46.188836624246015],[6.1277706150376039,46.18884505221498],[6.1277709094059407,46.188853480289346],[6.1277712141347207,46.188861908484093],[6.1277715292456056,46.188870335899864],[6.1277718534219163,46.188878763420909],[6.1277721866636305,46.188887191047378],[6.1277725302874479,46.188895617894815],[6.127772880317198,46.188904316521636],[6.1277732394340525,46.188913014354419],[6.1277736089113208,46.188921712307568],[6.1277739874540824,46.188930410366133],[6.1277743763573245,46.188939108545107],[6.127774775642747,46.188947805944998],[6.1277751853102851,46.18895650256588],[6.1277756040216653,46.18896520019161],[6.1277760331368905,46.188973896138819],[6.1277764725909183,46.188982593105955],[6.1277769211321651,46.188991289278945],[6.1277773800338649,46.18899998557238],[6.1277778493177832,46.18900868108674],[6.1277783289622318,46.189017376721544],[6.1277788176938488,46.18902607156231],[6.1277793154909697,46.189034766508371],[6.1277798249436852,46.189043461589918],[6.1277803434835798,46.189052155877384],[6.1277808724057055,46.189060849385839],[6.1277814103716111,46.189069543899102],[6.1277819600365229,46.189078236748912],[6.1277825174502398,46.189086930588488],[6.1277830865629275,46.189095622764647],[6.1277836647194812,46.18910431594562],[6.1277842532582927,46.189113008347562],[6.1277848521793494,46.189121699970464],[6.1277854601659971,46.189130391698697],[6.1277860785348386,46.189139082647941],[6.1277867072643266,46.1891477737176],[6.1277873450810549,46.18915646399315],[6.1277879932583792,46.189165154389158],[6.1277886537536483,46.189174140025045],[6.1277893233144454,46.18918312576632],[6.1277900019625227,46.189192110713506],[6.1277906896762095,46.189201095766045],[6.1277913877721737,46.189210080039572],[6.1277920949337714,46.189219064418452],[6.1277928111826254,46.189228048003258],[6.127793536518733,46.189237030793969],[6.1277942709205098,46.189246013690017],[6.1277950156829357,46.189254996706516],[6.1277957695326402,46.189263978928935],[6.1277965324696764,46.189272960357258],[6.1277973044723177,46.189281941890897],[6.1277980868356545,46.189290923544995],[6.1277988782862884,46.189299904405004],[6.1277996788242381,46.189308884470897],[6.1278004884495587,46.189317863742765],[6.1278013071188351,46.189326844019369],[6.1278021361921464,46.189335822617544],[6.127802974331126,46.189344801321042],[6.1278038215574497,46.189353779230473],[6.1278046778494568,46.189362757245263],[6.1278055432287948,46.189371734465979],[6.1278064189688797,46.189380711807097],[6.1278073037963363,46.189389688354133],[6.1278081977111096,46.189398664107088],[6.1278091006916302,46.189407639965381],[6.1278100127595199,46.189416615029579],[6.1278109352098316,46.189425589314759],[6.1278118667258266,46.189434563705319]]]},"properties":{"OBJECTID":129,"ID_Parking_Fondation":null,"Polygon_ID":98,"Code_Tarif":"2600","Nom_Parking":"Voie publique","Type_Vehicule":"auto","Adresse_Rue":null,"Adresse_No":null,"Adresse_NPA":1212,"Adresse_Localite":"Lancy","Type_Parking":null,"Capacite":null,"Statut":"ouvert","Group_Sector_ID":null,"Group_Service_ID":null,"GlobalID":"{AEBA2C51-EA35-4E59-A3DD-24AEE241107C}","Shape__Area":4774107.188029293,"Shape__Length":14848.866240380496}},{"type":"Feature","id":131,"geometry":{"type":"Polygon","coordinates":[[[6.1131024227333919,46.190623874267267],[6.1131951415368837,46.190470176062163],[6.113463967472855,46.190577894627523],[6.1133756407362725,46.19070394325071],[6.1131024227333919,46.190623874267267]]]},"properties":{"OBJECTID":131,"ID_Parking_Fondation":"D6230","Polygon_ID":100,"Code_Tarif":"437","Nom_Parking":"Pont-Butin 43","Type_Vehicule":"auto","Adresse_Rue":"Route du Pont-Butin","Adresse_No":"43","Adresse_NPA":1213,"Adresse_Localite":"Petit-Lancy","Type_Parking":"extérieur","Capacite":20,"Statut":"privé","Group_Sector_ID":629,"Group_Service_ID":32,"GlobalID":"{122763A7-D906-4FCB-ACF4-4F456DAA236F}","Shape__Area":398.29645661636312,"Shape__Length":80.964190233262244}},{"type":"Feature","id":135,"geometry":{"type":"Polygon","coordinates":[[[6.2032839712905883,46.247443240228677],[6.2028816391484485,46.247625016910398],[6.2027421648952874,46.247216945862199],[6.2029567413751368,46.247120492247987],[6.2032839712905883,46.247443240228677]]]},"properties":{"OBJECTID":135,"ID_Parking_Fondation":"E6160","Polygon_ID":104,"Code_Tarif":"441","Nom_Parking":"CMP de Mancy","Type_Vehicule":"auto","Adresse_Rue":"Chemin de Mancy","Adresse_No":"57","Adresse_NPA":null,"Adresse_Localite":"Collonge-Bellerive","Type_Parking":"extérieur","Capacite":7,"Statut":"privé","Group_Sector_ID":645,"Group_Service_ID":32,"GlobalID":"{9BCA7045-E9EB-447D-9FB4-65EFE14CC719}","Shape__Area":1244.654038767482,"Shape__Length":147.23458891436945}},{"type":"Feature","id":136,"geometry":{"type":"Polygon","coordinates":[[[6.1517390845656568,46.192266969747926],[6.151820577533381,46.192253192383461],[6.1518351927501147,46.192293519069139],[6.1517564057882774,46.19230861925876],[6.1517390845656568,46.192266969747926]]]},"properties":{"OBJECTID":136,"ID_Parking_Fondation":"B3140m","Polygon_ID":105,"Code_Tarif":"442","Nom_Parking":"HEdS Thury 4 intérieur (motos)","Type_Vehicule":"moto","Adresse_Rue":"Chemin Thury","Adresse_No":"4","Adresse_NPA":1206,"Adresse_Localite":"Genève","Type_Parking":"intérieur","Capacite":20,"Statut":"privé","Group_Sector_ID":647,"Group_Service_ID":32,"GlobalID":"{0435AAA3-E52F-4ECF-9729-0AE8ED220928}","Shape__Area":30.169325529027862,"Shape__Length":22.226997421108383}},{"type":"Feature","id":137,"geometry":{"type":"Polygon","coordinates":[[[6.0623829904460393,46.175289060576056],[6.0622563609813787,46.175750979928473],[6.0601804053953918,46.175528372075874],[6.0603206531836333,46.175049984985165],[6.0623829904460393,46.175289060576056]],[[6.0608296917758295,46.175131711062186],[6.0604710416362551,46.175087864055357],[6.0604373305128236,46.175204195069497],[6.0608078918131163,46.175244895716091],[6.0608296917758295,46.175131711062186]]]},"properties":{"OBJECTID":137,"ID_Parking_Fondation":"F1095","Polygon_ID":106,"Code_Tarif":"444","Nom_Parking":"P+R Vailly","Type_Vehicule":"auto","Adresse_Rue":"Route de Chancy","Adresse_No":null,"Adresse_NPA":1233,"Adresse_Localite":"Bernex","Type_Parking":"extérieur","Capacite":null,"Statut":"privé","Group_Sector_ID":702,"Group_Service_ID":32,"GlobalID":"{8BFE2FF5-42EE-4BA3-9930-837D48CF7467}","Shape__Area":8246.634930596987,"Shape__Length":513.20879018843618}},{"type":"Feature","id":139,"geometry":{"type":"MultiPolygon","coordinates":[[[[6.1288575640142398,46.177472441736498],[6.1289433939062015,46.177476156551386],[6.1289326653235223,46.17771759634131],[6.1288361059128862,46.177728740246387],[6.1288521993212282,46.177613591211013],[6.1288575640142398,46.177472441736498]]],[[[6.1289995644411865,46.176512534286204],[6.1289856363378172,46.176755523047916],[6.128897249583245,46.176757571623298],[6.1289168746474179,46.176514555468266],[6.1289995644411865,46.176512534286204]]]]},"properties":{"OBJECTID":139,"ID_Parking_Fondation":"F1100m","Polygon_ID":116,"Code_Tarif":"568","Nom_Parking":"P+R Bachet-Praille (motos)","Type_Vehicule":"moto","Adresse_Rue":"Route des Jeunes","Adresse_No":"91","Adresse_NPA":1227,"Adresse_Localite":"Carouge","Type_Parking":"extérieur","Capacite":18,"Statut":"ouvert","Group_Sector_ID":710,"Group_Service_ID":32,"GlobalID":"{461DAC06-41B1-47CA-B411-9FEA1992FAC6}","Shape__Area":365.3654556819838,"Shape__Length":136.91932854059209}},{"type":"Feature","id":143,"geometry":{"type":"Polygon","coordinates":[[[6.1248511792307401,46.213049127425975],[6.124804271724817,46.213067662748614],[6.1246879638556333,46.212932217358102],[6.1247362432872832,46.21290994546473],[6.1248511792307401,46.213049127425975]]]},"properties":{"OBJECTID":143,"ID_Parking_Fondation":"C6310","Polygon_ID":109,"Code_Tarif":"472","Nom_Parking":"Av. Ernest-Pictet 28-30","Type_Vehicule":"auto","Adresse_Rue":"Avenue Ernest-Pictet","Adresse_No":"28-30","Adresse_NPA":1203,"Adresse_Localite":"Genève","Type_Parking":"extérieur","Capacite":24,"Statut":"privé","Group_Sector_ID":709,"Group_Service_ID":32,"GlobalID":"{251E3F83-ED02-4B93-BD09-C901DF43645F}","Shape__Area":76.303666760634201,"Shape__Length":44.002315220980307}},{"type":"Feature","id":144,"geometry":{"type":"Polygon","coordinates":[[[6.1284333468474381,46.196695619349669],[6.1283185326625604,46.196598588931408],[6.128436791435246,46.196492518458712],[6.1285284817125705,46.196461738987182],[6.1287823037517368,46.196305556440393],[6.1288405502402457,46.196355397862753],[6.1286333340832311,46.19647624501426],[6.1287111188999184,46.196541225681763],[6.1284333468474381,46.196695619349669]]]},"properties":{"OBJECTID":144,"ID_Parking_Fondation":"C6320","Polygon_ID":110,"Code_Tarif":"473","Nom_Parking":"François-Dussaud 20","Type_Vehicule":"auto","Adresse_Rue":"Rue François-Dussaud","Adresse_No":"20","Adresse_NPA":1227,"Adresse_Localite":"Genève","Type_Parking":"extérieur","Capacite":13,"Statut":"privé","Group_Sector_ID":712,"Group_Service_ID":32,"GlobalID":"{BAF57405-A9F0-4B83-BEBE-792973DE49D0}","Shape__Area":581.64011664772806,"Shape__Length":127.79821271480915}},{"type":"Feature","id":147,"geometry":{"type":"Polygon","coordinates":[[[6.1071953004288453,46.193679802955849],[6.107361008925273,46.193742741493239],[6.1071776641282272,46.193976242234044],[6.1070081650548094,46.193914864631459],[6.1071953004288453,46.193679802955849]]]},"properties":{"OBJECTID":147,"ID_Parking_Fondation":"D3110","Polygon_ID":112,"Code_Tarif":"475","Nom_Parking":"CO Gd-Communes int","Type_Vehicule":"auto","Adresse_Rue":"Chemin Gérard-De-Ternier","Adresse_No":"20","Adresse_NPA":1213,"Adresse_Localite":"Petit-Lancy","Type_Parking":"intérieur","Capacite":8,"Statut":"privé","Group_Sector_ID":716,"Group_Service_ID":32,"GlobalID":"{4FB2EC8E-B226-493A-AE61-80232806207E}","Shape__Area":435.79544047898196,"Shape__Length":88.762144432150606}},{"type":"Feature","id":148,"geometry":{"type":"Polygon","coordinates":[[[6.1977466978069176,46.248340963898364],[6.1983009182485809,46.248126184195876],[6.1983357859947708,46.248170700739159],[6.1978004163499225,46.248398454157673],[6.1977466978069176,46.248340963898364]]]},"properties":{"OBJECTID":148,"ID_Parking_Fondation":"E6110","Polygon_ID":113,"Code_Tarif":"476","Nom_Parking":"CMP La Chenaie","Type_Vehicule":"auto","Adresse_Rue":"Chemin de Bois-Caran","Adresse_No":"40","Adresse_NPA":1245,"Adresse_Localite":"Collonge-Bellerive","Type_Parking":"extérieur","Capacite":16,"Statut":"ouvert","Group_Sector_ID":717,"Group_Service_ID":32,"GlobalID":"{003C4245-4FBB-48B5-90C3-AD8BC5AD33EE}","Shape__Area":322.24579512846697,"Shape__Length":110.64112586356923}},{"type":"Feature","id":149,"geometry":{"type":"Polygon","coordinates":[[[6.1299173379338425,46.170399311348774],[6.1300239202937048,46.17034760559644],[6.1307112714242438,46.171020082888298],[6.1305937481874571,46.171075730747305],[6.1299173379338425,46.170399311348774]]]},"properties":{"OBJECTID":149,"ID_Parking_Fondation":"E6120","Polygon_ID":114,"Code_Tarif":"477","Nom_Parking":"Castor","Type_Vehicule":"auto","Adresse_Rue":"Chemin Le-Sapay","Adresse_No":"7","Adresse_NPA":1228,"Adresse_Localite":"Plan-Les-Ouates","Type_Parking":"extérieur","Capacite":50,"Statut":"privé","Group_Sector_ID":719,"Group_Service_ID":32,"GlobalID":"{1364702C-F3AC-4007-9155-A75C7B5A057E}","Shape__Area":963.08796825301022,"Shape__Length":204.27210324841454}},{"type":"Feature","id":189,"geometry":{"type":"MultiPolygon","coordinates":[[[[6.166786445740823,46.288815002531223],[6.1667623064820418,46.289750996806482],[6.1659174117746867,46.289756556336506],[6.1659147304283914,46.289689832746824],[6.1667086644256122,46.289693539464089],[6.1667301197221978,46.288818708605781],[6.166786445740823,46.288815002531223]]],[[[6.1666467288658415,46.288775026971706],[6.1667030554356721,46.288880674512626],[6.1664697004424367,46.288884382246358],[6.1664750673909587,46.288957593962209],[6.1658232902909962,46.288961301458919],[6.1658259721764361,46.288857506622669],[6.1660351845352084,46.288853799128439],[6.1660351829996642,46.288800976113514],[6.1666467288658415,46.288775026971706]]],[[[6.1662245247605147,46.288470255901814],[6.1663666817522458,46.288478596981648],[6.166487381084174,46.288516592722566],[6.1665933289390482,46.288578683980376],[6.1667757188301984,46.28874920505816],[6.1666885466253891,46.288788125620528],[6.1665329788293262,46.288616680993293],[6.1664820171897095,46.288584245053968],[6.166431054525277,46.288559223353758],[6.166365341912555,46.288538834458578],[6.1662660972477337,46.288531419227439],[6.1661521059810251,46.288537907964646],[6.1658409672632644,46.288578684293441],[6.1658610852128559,46.288504545024814],[6.1662245247605147,46.288470255901814]]],[[[6.1685509102885012,46.288449469335994],[6.1685423505877894,46.288729343951282],[6.16956110180592,46.288744171052109],[6.1695611029137654,46.2888386987266],[6.1667930605099865,46.288807189477026],[6.166793062157125,46.288710810234804],[6.1678175218412878,46.288725637229454],[6.1678175224038512,46.288442055047504],[6.1685509102885012,46.288449469335994]]],[[[6.1674418872990362,46.286667072005621],[6.1681687653846513,46.286687459383835],[6.1681553539222715,46.2867393587347],[6.1674418862456646,46.286726384373345],[6.1674418872990362,46.286667072005621]]],[[[6.169388637485163,46.286672366246577],[6.169386496914024,46.28674280070247],[6.1689219325931539,46.286746507987502],[6.1689283562748125,46.28667607307991],[6.169388637485163,46.286672366246577]]]]},"properties":{"OBJECTID":189,"ID_Parking_Fondation":"N/A","Polygon_ID":118,"Code_Tarif":"2701","Nom_Parking":"Versoix Ville - Zone Port Choiseul","Type_Vehicule":"auto","Adresse_Rue":null,"Adresse_No":null,"Adresse_NPA":1290,"Adresse_Localite":"Versoix","Type_Parking":"extérieur","Capacite":null,"Statut":"ouvert","Group_Sector_ID":776,"Group_Service_ID":6,"GlobalID":"{76061A40-41A1-4C3D-B368-BBC4FC60582F}","Shape__Area":7070.2912169767706,"Shape__Length":1410.0335793016727}},{"type":"Feature","id":197,"geometry":{"type":"Polygon","coordinates":[[[6.1271143490961011,46.17221306232765],[6.1270291204566698,46.172169165006174],[6.1270998686318032,46.172125296108256],[6.1271982207654467,46.172048228676516],[6.1267812530650634,46.171718097292398],[6.1274232239686581,46.171296340288826],[6.1278105222398027,46.171109369037893],[6.1281711410474182,46.171772888205318],[6.1282328966077344,46.171920754694895],[6.1282946525250566,46.172068620252467],[6.1281166077087272,46.172171797033734],[6.1279385622178202,46.172274973534812],[6.1277605147360878,46.172378150640149],[6.1275824678961968,46.172481326580851],[6.1274264282154265,46.172391905383513],[6.1272703877522741,46.172302483955747],[6.1271143490961011,46.17221306232765]]]},"properties":{"OBJECTID":197,"ID_Parking_Fondation":"F1180","Polygon_ID":133,"Code_Tarif":"446","Nom_Parking":"P+R Trèfle-Blanc (voitures)","Type_Vehicule":"auto","Adresse_Rue":"Chemin du Trèfle-Blanc","Adresse_No":null,"Adresse_NPA":1228,"Adresse_Localite":"Plan-Les-Ouates","Type_Parking":"extérieur","Capacite":143,"Statut":"ouvert","Group_Sector_ID":779,"Group_Service_ID":32,"GlobalID":"{203AF420-9BD5-41E6-B560-DC747D18A798}","Shape__Area":9816.497712795026,"Shape__Length":412.01844231752523}},{"type":"Feature","id":198,"geometry":{"type":"Polygon","coordinates":[[[6.1280108144870526,46.171564851278333],[6.1279667079950064,46.171583842850559],[6.1279176240333477,46.171520759516618],[6.1279700574705034,46.171492189550861],[6.1280108144870526,46.171564851278333]]]},"properties":{"OBJECTID":198,"ID_Parking_Fondation":"F1180m","Polygon_ID":132,"Code_Tarif":"447","Nom_Parking":"P+R Trèfle-Blanc (motos)","Type_Vehicule":"moto","Adresse_Rue":"Chemin du Trèfle-Blanc","Adresse_No":null,"Adresse_NPA":1228,"Adresse_Localite":"Plan-Les-Ouates","Type_Parking":"extérieur","Capacite":10,"Statut":"ouvert","Group_Sector_ID":781,"Group_Service_ID":32,"GlobalID":"{F789EAD5-CEC8-4D82-B041-46086130F5E4}","Shape__Area":37.299067195733102,"Shape__Length":25.794831390702107}},{"type":"Feature","id":199,"geometry":{"type":"Polygon","coordinates":[[[6.1453191111425109,46.195765677922786],[6.1452287840005742,46.195772009777933],[6.1450578847269961,46.195785077533685],[6.145039264704379,46.19566669523801],[6.1451452900199586,46.195648922346635],[6.1451405559663224,46.195600814233323],[6.1451312718240976,46.195500512859091],[6.1453370745659299,46.195511011093274],[6.1454630045899989,46.19551808411758],[6.1454431910291367,46.195633753139198],[6.1454275812566062,46.195710193824659],[6.1454184064275399,46.19575840877588],[6.1453191111425109,46.195765677922786]]]},"properties":{"OBJECTID":199,"ID_Parking_Fondation":"B3110","Polygon_ID":130,"Code_Tarif":"484","Nom_Parking":"Rue des Sources 16 Autos","Type_Vehicule":"auto","Adresse_Rue":"Rue Prévost-Martin","Adresse_No":"6","Adresse_NPA":1205,"Adresse_Localite":"Genève","Type_Parking":"intérieur","Capacite":48,"Statut":"privé","Group_Sector_ID":784,"Group_Service_ID":32,"GlobalID":"{B8C6AEA5-06CD-4D2D-B08B-1B73875F975C}","Shape__Area":770.31254501480691,"Shape__Length":118.80197041622526}},{"type":"Feature","id":200,"geometry":{"type":"Polygon","coordinates":[[[6.1340159590947172,46.197826191821612],[6.1333114424637873,46.198220205595931],[6.1330754063263955,46.198015986203558],[6.1337854797955238,46.197616373778352],[6.1340159590947172,46.197826191821612]]]},"properties":{"OBJECTID":200,"ID_Parking_Fondation":"B3120","Polygon_ID":135,"Code_Tarif":"485","Nom_Parking":"Sciences II et III (INT)","Type_Vehicule":"auto","Adresse_Rue":"Quai Ansermet","Adresse_No":"26-32","Adresse_NPA":1205,"Adresse_Localite":"Genève","Type_Parking":"intérieur","Capacite":44,"Statut":"privé","Group_Sector_ID":788,"Group_Service_ID":32,"GlobalID":"{564A44F6-4768-4093-93F3-4EDBD6B483F1}","Shape__Area":2050.7814349502428,"Shape__Length":198.82900456062518}},{"type":"Feature","id":201,"geometry":{"type":"Polygon","coordinates":[[[6.1451425409808875,46.195740179785517],[6.1451291243882018,46.195657568261353],[6.1451964079420414,46.195656107654862],[6.1451787647385174,46.195540222408475],[6.1454111183208537,46.195543876968905],[6.1453745109758087,46.195721258785149],[6.1453172408160279,46.195724897274964],[6.1452398408244635,46.195731667945758],[6.1451425409808875,46.195740179785517]]]},"properties":{"OBJECTID":201,"ID_Parking_Fondation":"B6170","Polygon_ID":129,"Code_Tarif":"486","Nom_Parking":"OFPC Prévost-Martin 6 ext","Type_Vehicule":"auto","Adresse_Rue":"Rue Prévost-Martin","Adresse_No":"6","Adresse_NPA":1205,"Adresse_Localite":"Genève","Type_Parking":"extérieur","Capacite":18,"Statut":"privé","Group_Sector_ID":791,"Group_Service_ID":32,"GlobalID":"{70ABA096-57E2-425B-A7FD-7378C9B3C06F}","Shape__Area":363.26317187321303,"Shape__Length":83.286899056638987}},{"type":"Feature","id":203,"geometry":{"type":"Polygon","coordinates":[[[6.1517992283315683,46.192248194911663],[6.1516870558704078,46.192269032901741],[6.1516470935392338,46.192159154162908],[6.15175563270388,46.192140311640983],[6.1517992283315683,46.192248194911663]]]},"properties":{"OBJECTID":203,"ID_Parking_Fondation":"B6200","Polygon_ID":128,"Code_Tarif":"488","Nom_Parking":"Thury 4 ext.","Type_Vehicule":"auto","Adresse_Rue":"Chemin Thury","Adresse_No":"4","Adresse_NPA":1206,"Adresse_Localite":"Genève","Type_Parking":"extérieur","Capacite":4,"Statut":"privé","Group_Sector_ID":795,"Group_Service_ID":32,"GlobalID":"{E57D31F6-E3E7-4E48-97DE-9E81AD93EC14}","Shape__Area":110.23442492853584,"Shape__Length":42.656202675691205}},{"type":"Feature","id":204,"geometry":{"type":"Polygon","coordinates":[[[6.1447404825421712,46.188730989660819],[6.1446439233748196,46.188472886849951],[6.1450167493028793,46.188402326172174],[6.1451186741315622,46.188664142888257],[6.1447404825421712,46.188730989660819]]]},"properties":{"OBJECTID":204,"ID_Parking_Fondation":"C3130","Polygon_ID":121,"Code_Tarif":"491","Nom_Parking":"Cluse 16","Type_Vehicule":"auto","Adresse_Rue":"Boulevard de la Cluse","Adresse_No":"16","Adresse_NPA":1205,"Adresse_Localite":"Genève","Type_Parking":"intérieur","Capacite":30,"Statut":"privé","Group_Sector_ID":800,"Group_Service_ID":32,"GlobalID":"{5BD8885A-F611-48CD-9FDE-8254E1AC3E44}","Shape__Area":896.34492506920697,"Shape__Length":119.75912408675805}},{"type":"Feature","id":205,"geometry":{"type":"Polygon","coordinates":[[[6.1202305122750094,46.223084560161567],[6.1200747235677824,46.223219342594781],[6.119337517882486,46.223138727316922],[6.1196574194741569,46.222820591081472],[6.120027815346571,46.222846762656317],[6.120021115314441,46.222918539783436],[6.1202227974312553,46.223024569695703],[6.1202663625348022,46.223050268064981],[6.1202305122750094,46.223084560161567]]]},"properties":{"OBJECTID":205,"ID_Parking_Fondation":"C6115","Polygon_ID":115,"Code_Tarif":"511","Nom_Parking":"CEC André- Chavanne","Type_Vehicule":null,"Adresse_Rue":"Chemin des Coudriers","Adresse_No":"30","Adresse_NPA":1200,"Adresse_Localite":"Genève","Type_Parking":null,"Capacite":null,"Statut":null,"Group_Sector_ID":798,"Group_Service_ID":32,"GlobalID":"{2A2B41DB-35EA-45BA-A1CB-8C29C2112749}","Shape__Area":1968.5611783358618,"Shape__Length":185.28496615160557}},{"type":"Feature","id":206,"geometry":{"type":"Polygon","coordinates":[[[6.1139412234777195,46.192354466529046],[6.1140811859337152,46.192223097538964],[6.1142211464192551,46.192091728361184],[6.1143611075245996,46.191960359026062],[6.1145010666595256,46.1918289895032],[6.1146619125524522,46.19190739061775],[6.1144899033149152,46.192081871428201],[6.1145381027857137,46.192107650988703],[6.1143234567778135,46.192336406769073],[6.1141839187666385,46.192470468408942],[6.1140625709929779,46.19241246753414],[6.1139412234777195,46.192354466529046]]]},"properties":{"OBJECTID":206,"ID_Parking_Fondation":"D3120","Polygon_ID":119,"Code_Tarif":"510","Nom_Parking":"Louis-Bertrand int","Type_Vehicule":"auto","Adresse_Rue":"Avenue Louis-Bertrand","Adresse_No":"38","Adresse_NPA":1213,"Adresse_Localite":"Petit-Lancy","Type_Parking":"intérieur","Capacite":38,"Statut":"privé","Group_Sector_ID":808,"Group_Service_ID":32,"GlobalID":"{43397D0F-B3BD-4BF5-A735-3803649989D3}","Shape__Area":1445.3491239346331,"Shape__Length":187.526945597311}},{"type":"Feature","id":207,"geometry":{"type":"Polygon","coordinates":[[[6.105228186366122,46.185895020281308],[6.1053226920343828,46.185774656044423],[6.1067923357353582,46.186251631674985],[6.1066890681058323,46.186394698068639],[6.105228186366122,46.185895020281308]]]},"properties":{"OBJECTID":207,"ID_Parking_Fondation":"E3110","Polygon_ID":120,"Code_Tarif":"514","Nom_Parking":"Chancy 88-96","Type_Vehicule":"auto","Adresse_Rue":"Route de Chancy","Adresse_No":"88-96","Adresse_NPA":1213,"Adresse_Localite":"Onex","Type_Parking":"intérieur","Capacite":null,"Statut":"privé","Group_Sector_ID":805,"Group_Service_ID":32,"GlobalID":"{EB9E06C8-C67A-4E1C-92C5-01CB02876AEB}","Shape__Area":2071.0000936190422,"Shape__Length":284.01174072345054}},{"type":"Feature","id":208,"geometry":{"type":"Polygon","coordinates":[[[6.1053978416989407,46.194094820687205],[6.104931136753879,46.193920293314605],[6.1052100867901471,46.193589803401224],[6.1056553331845507,46.193764331581335],[6.1053978416989407,46.194094820687205]],[[6.1053794815829052,46.193903343999921],[6.1051638497061056,46.193824569839464],[6.1051109649044868,46.193902892459072],[6.1053246747202614,46.193980280969441],[6.1053794815829052,46.193903343999921]]]},"properties":{"OBJECTID":208,"ID_Parking_Fondation":"E3120","Polygon_ID":126,"Code_Tarif":"516","Nom_Parking":"DGEO Echo 5 intérieur","Type_Vehicule":"auto","Adresse_Rue":"Chemin de l'Echo","Adresse_No":"5","Adresse_NPA":1213,"Adresse_Localite":"Onex","Type_Parking":"intérieur","Capacite":null,"Statut":"privé","Group_Sector_ID":804,"Group_Service_ID":32,"GlobalID":"{5CA40209-EDA9-4322-AC15-A256AD17044D}","Shape__Area":1515.8943644214087,"Shape__Length":221.32326465544679}},{"type":"Feature","id":210,"geometry":{"type":"Polygon","coordinates":[[[6.197881077937077,46.190550448328146],[6.1979441100657411,46.190659998421147],[6.197575306017284,46.190763979049542],[6.1976128567987772,46.190620077604073],[6.197881077937077,46.190550448328146]]]},"properties":{"OBJECTID":210,"ID_Parking_Fondation":"E6180","Polygon_ID":123,"Code_Tarif":"517","Nom_Parking":"CMP Thônex","Type_Vehicule":"auto","Adresse_Rue":"Avenue Petit-Senn","Adresse_No":"60","Adresse_NPA":1226,"Adresse_Localite":"Thônex","Type_Parking":"extérieur","Capacite":5,"Statut":"privé","Group_Sector_ID":812,"Group_Service_ID":32,"GlobalID":"{9B65D748-F29E-4E49-A37A-B3573A859B62}","Shape__Area":355.91135813936205,"Shape__Length":82.209093299581227}},{"type":"Feature","id":211,"geometry":{"type":"Polygon","coordinates":[[[6.139629619158633,46.257943171675876],[6.1395384243454041,46.258038679668552],[6.1391213402065805,46.257860645783161],[6.1392085128199172,46.257768847131736],[6.139629619158633,46.257943171675876]]]},"properties":{"OBJECTID":211,"ID_Parking_Fondation":"E6190","Polygon_ID":124,"Code_Tarif":"518","Nom_Parking":"CMP Valavran","Type_Vehicule":"auto","Adresse_Rue":"Route de Valavran","Adresse_No":"33","Adresse_NPA":1293,"Adresse_Localite":"Bellevue","Type_Parking":"extérieur","Capacite":13,"Statut":"privé","Group_Sector_ID":817,"Group_Service_ID":32,"GlobalID":"{831EED7F-B361-4A75-B70C-494F6F66FF3D}","Shape__Area":471.12362129908161,"Shape__Length":100.53096728343414}},{"type":"Feature","id":212,"geometry":{"type":"Polygon","coordinates":[[[6.1600961317341172,46.278955288791494],[6.1601672105788525,46.278882990356387],[6.1602691341796358,46.278968264881875],[6.1602020796150931,46.279037783016435],[6.1600961317341172,46.278955288791494]]]},"properties":{"OBJECTID":212,"ID_Parking_Fondation":"E6210","Polygon_ID":125,"Code_Tarif":"522","Nom_Parking":"CMP Vignes","Type_Vehicule":"auto","Adresse_Rue":"Chemin des Colombières","Adresse_No":"12","Adresse_NPA":1290,"Adresse_Localite":"Versoix","Type_Parking":"extérieur","Capacite":3,"Statut":"privé","Group_Sector_ID":815,"Group_Service_ID":32,"GlobalID":"{1457D2C9-065D-4FE5-8220-F4034A3904D0}","Shape__Area":112.79146158228272,"Shape__Length":43.615202369219332}},{"type":"Feature","id":219,"geometry":{"type":"Polygon","coordinates":[[[6.1865927217927617,46.167287715723752],[6.1866163701122368,46.167275108519767],[6.1866872082971947,46.16732101556056],[6.1868905998170582,46.167221823201217],[6.1868338682423083,46.167170611902726],[6.1871062534651804,46.167072158202949],[6.1873306694316694,46.166985353936923],[6.1875550846828897,46.166898549225145],[6.1877794992187516,46.166811744067651],[6.1878613063091414,46.16690183713574],[6.1879431136700989,46.166991930145038],[6.1877240679131686,46.1670770705298],[6.187505022786743,46.16716220960484],[6.1872859756602692,46.167247349140261],[6.187066927849024,46.16733248825102],[6.1865741888731964,46.167526398289397],[6.186423858741442,46.167444257458101],[6.1862282341076531,46.167532902038332],[6.1861389628762096,46.167529610773386],[6.1864918751697022,46.167341476704735],[6.1865789380581635,46.167384912670158],[6.1866657139468355,46.167330332303088],[6.1865927217927617,46.167287715723752]]]},"properties":{"OBJECTID":219,"ID_Parking_Fondation":"F1190","Polygon_ID":136,"Code_Tarif":"451","Nom_Parking":"P+R Veyrier Douane (voitures)","Type_Vehicule":"auto","Adresse_Rue":"Route du Pas-de-l'Echelle","Adresse_No":null,"Adresse_NPA":1255,"Adresse_Localite":"Veyrier","Type_Parking":"extérieur","Capacite":null,"Statut":"ouvert","Group_Sector_ID":1172,"Group_Service_ID":32,"GlobalID":"{10F31719-A607-4A5A-A89B-77DE93D19A07}","Shape__Area":2800.1436466194928,"Shape__Length":363.11266819884889}},{"type":"Feature","id":220,"geometry":{"type":"Polygon","coordinates":[[[6.1866368785922798,46.167267781711622],[6.1868187314887333,46.167182757659944],[6.186864316780591,46.167220343818641],[6.186688828238438,46.167302549767172],[6.1866368785922798,46.167267781711622]]]},"properties":{"OBJECTID":220,"ID_Parking_Fondation":"F1190m","Polygon_ID":137,"Code_Tarif":"452","Nom_Parking":"P+R Veyrier Douane (motos)","Type_Vehicule":"moto","Adresse_Rue":"Route du Pas-de-l'Echelle","Adresse_No":null,"Adresse_NPA":1255,"Adresse_Localite":"Veyrier","Type_Parking":"extérieur","Capacite":null,"Statut":"ouvert","Group_Sector_ID":1174,"Group_Service_ID":32,"GlobalID":"{9EF5B874-8DC9-4E35-8C34-45EE61EF5181}","Shape__Area":90.510602271948358,"Shape__Length":44.312182231187926}},{"type":"Feature","id":221,"geometry":{"type":"Polygon","coordinates":[[[6.1504834852461867,46.197477931332301],[6.1502268845749359,46.19730511139538],[6.1505326564615901,46.197104604142638],[6.1508037495234156,46.197276995041236],[6.1504834852461867,46.197477931332301]]]},"properties":{"OBJECTID":221,"ID_Parking_Fondation":"A3120","Polygon_ID":138,"Code_Tarif":"482","Nom_Parking":"Rue Charles-Bonnet 6","Type_Vehicule":"auto","Adresse_Rue":"Rue Charles-Bonnet","Adresse_No":"6","Adresse_NPA":1206,"Adresse_Localite":"Genève","Type_Parking":"intérieur","Capacite":14,"Statut":"privé","Group_Sector_ID":901,"Group_Service_ID":32,"GlobalID":"{90FEA17D-BBB8-4BD0-A493-89BBC494A3ED}","Shape__Area":918.10893829565089,"Shape__Length":121.75429205057112}},{"type":"Feature","id":222,"geometry":{"type":"Polygon","coordinates":[[[6.1519458180807414,46.183393370870441],[6.1524447079629745,46.183220666685401],[6.1527182944271157,46.183608786658247],[6.1522167206933256,46.183781489364023],[6.1519458180807414,46.183393370870441]]]},"properties":{"OBJECTID":222,"ID_Parking_Fondation":"C3160","Polygon_ID":139,"Code_Tarif":"494","Nom_Parking":"Rte de Veyrier 86 int.","Type_Vehicule":"auto","Adresse_Rue":"Route de Veyrier","Adresse_No":"86","Adresse_NPA":1227,"Adresse_Localite":"Carouge","Type_Parking":"intérieur","Capacite":7,"Statut":"privé","Group_Sector_ID":946,"Group_Service_ID":32,"GlobalID":"{8BBB3A24-876B-4081-80A6-45B6560A1ECA}","Shape__Area":2070.0740126648029,"Shape__Length":182.25479949814775}},{"type":"Feature","id":223,"geometry":{"type":"Polygon","coordinates":[[[6.1287755963744566,46.182349830032834],[6.1285234692054757,46.182346115990441],[6.1285771131144005,46.181393431329063],[6.1288292410560938,46.181397145312225],[6.1287755963744566,46.182349830032834]]]},"properties":{"OBJECTID":223,"ID_Parking_Fondation":"C3180","Polygon_ID":140,"Code_Tarif":"495","Nom_Parking":"Voie centrale (autos)","Type_Vehicule":"auto","Adresse_Rue":"Route des Jeunes","Adresse_No":"45","Adresse_NPA":1227,"Adresse_Localite":"Carouge","Type_Parking":"intérieur","Capacite":62,"Statut":"privé","Group_Sector_ID":1177,"Group_Service_ID":32,"GlobalID":"{BE336DE6-69F9-4171-9BFB-C603AD71B452}","Shape__Area":2063.5275700958136,"Shape__Length":250.9190345407529}},{"type":"Feature","id":227,"geometry":{"type":"Polygon","coordinates":[[[6.1243930773638979,46.209787413720555],[6.1247256714926746,46.209716880296376],[6.1250475372281583,46.210457476689776],[6.1247203067393743,46.21052800969133],[6.1243930773638979,46.209787413720555]]]},"properties":{"OBJECTID":227,"ID_Parking_Fondation":"C6130","Polygon_ID":144,"Code_Tarif":"498","Nom_Parking":"Rue de Bourgogne 8-10","Type_Vehicule":"auto","Adresse_Rue":"Rue de Bourgogne","Adresse_No":"8-10","Adresse_NPA":1203,"Adresse_Localite":"Genève","Type_Parking":"extérieur","Capacite":92,"Statut":"privé","Group_Sector_ID":883,"Group_Service_ID":32,"GlobalID":"{FCDBBF3F-8D69-46DA-BF03-751092312387}","Shape__Area":2292.6030089961841,"Shape__Length":225.3925600571369}},{"type":"Feature","id":228,"geometry":{"type":"Polygon","coordinates":[[[6.1210811348733456,46.170260991146158],[6.1211468496991985,46.170293496336811],[6.1208960624468656,46.170441165865576],[6.1210811348733456,46.170260991146158]]]},"properties":{"OBJECTID":228,"ID_Parking_Fondation":"E6510","Polygon_ID":145,"Code_Tarif":"512","Nom_Parking":"Ch. du Champ-Bollet","Type_Vehicule":"auto","Adresse_Rue":"Chemin du Champ-Bollet","Adresse_No":null,"Adresse_NPA":1228,"Adresse_Localite":"Plan-Les-Ouates","Type_Parking":"extérieur","Capacite":5,"Statut":"privé","Group_Sector_ID":896,"Group_Service_ID":32,"GlobalID":"{1C5DEC06-B648-4FBA-A932-746615B94FFA}","Shape__Area":76.65253859519288,"Shape__Length":56.22646188042421}},{"type":"Feature","id":232,"geometry":{"type":"Polygon","coordinates":[[[6.1553647815320085,46.200150695948913],[6.1555999257936387,46.20012295680533],[6.155586092960422,46.200225521402075],[6.1553982151940145,46.200250476559809],[6.1553647815320085,46.200150695948913]]]},"properties":{"OBJECTID":232,"ID_Parking_Fondation":"A3110","Polygon_ID":146,"Code_Tarif":"508","Nom_Parking":"Rue Adrien-Lachenal 6-8","Type_Vehicule":"auto","Adresse_Rue":"Rue Adrien-Lachenal","Adresse_No":"8","Adresse_NPA":1207,"Adresse_Localite":"Genève","Type_Parking":"intérieur","Capacite":20,"Statut":"privé","Group_Sector_ID":880,"Group_Service_ID":32,"GlobalID":"{379C8996-5A17-4DC6-A556-43344CA0E5D2}","Shape__Area":185.83998800214735,"Shape__Length":56.01630357510215}},{"type":"Feature","id":233,"geometry":{"type":"Polygon","coordinates":[[[6.1557690031214918,46.200343724178445],[6.1556635865318343,46.200613305816695],[6.1554378672942649,46.200610738621343],[6.1555187722017566,46.200298258729156],[6.1557690031214918,46.200343724178445]]]},"properties":{"OBJECTID":233,"ID_Parking_Fondation":"A3110m","Polygon_ID":147,"Code_Tarif":"509","Nom_Parking":"Rue Adrien-Lachenal 6-8 Motos","Type_Vehicule":"moto","Adresse_Rue":"rue Adrien-Lachenal","Adresse_No":"8","Adresse_NPA":1207,"Adresse_Localite":"Genève","Type_Parking":"intérieur","Capacite":13,"Statut":"privé","Group_Sector_ID":881,"Group_Service_ID":32,"GlobalID":"{49A9863D-A3AD-40CF-9906-0E54250DCEBD}","Shape__Area":613.49412622202112,"Shape__Length":103.73846188545429}},{"type":"Feature","id":234,"geometry":{"type":"Polygon","coordinates":[[[6.1545395643649226,46.201678497745775],[6.1546376132285889,46.201895567675336],[6.1544325237911739,46.20193735816536],[6.1543757919861086,46.201806932517187],[6.1543351615931741,46.201817890539552],[6.1543021159843976,46.201729263756555],[6.1545395643649226,46.201678497745775]]]},"properties":{"OBJECTID":234,"ID_Parking_Fondation":"A3130","Polygon_ID":148,"Code_Tarif":"523","Nom_Parking":"Bld Helvétique 27 Autos","Type_Vehicule":"auto","Adresse_Rue":"Boulevard Helvétique","Adresse_No":"27","Adresse_NPA":1207,"Adresse_Localite":"Genève","Type_Parking":"intérieur","Capacite":37,"Statut":"privé","Group_Sector_ID":918,"Group_Service_ID":32,"GlobalID":"{4D9B28E2-656F-4CEB-ABC1-D91F8A97F807}","Shape__Area":443.65634439243632,"Shape__Length":89.652384469774788}},{"type":"Feature","id":235,"geometry":{"type":"Polygon","coordinates":[[[6.1545427500997754,46.201670227253778],[6.1546508708378953,46.201904024414944],[6.1544269242288774,46.201952867899671],[6.1543679869143704,46.20182085979453],[6.1543244893593805,46.201826594016197],[6.1542790317067375,46.201725367146771],[6.1545427500997754,46.201670227253778]]]},"properties":{"OBJECTID":235,"ID_Parking_Fondation":"A3130m","Polygon_ID":149,"Code_Tarif":"524","Nom_Parking":"Bld Helvétique 27 (motos)","Type_Vehicule":"moto","Adresse_Rue":"Boulevard Helvétique","Adresse_No":"27","Adresse_NPA":1207,"Adresse_Localite":"Genève","Type_Parking":"intérieur","Capacite":3,"Statut":"privé","Group_Sector_ID":919,"Group_Service_ID":32,"GlobalID":"{6E4FA396-C6E0-4C9C-91DC-E9E262D62F70}","Shape__Area":533.45607477240117,"Shape__Length":97.243317300340777}},{"type":"Feature","id":236,"geometry":{"type":"Polygon","coordinates":[[[6.1708547919354597,46.199591554954601],[6.1708365026322598,46.199480483948861],[6.1709276188284425,46.199468874624401],[6.1710278926167428,46.199456097782132],[6.171045210455528,46.199502901967378],[6.1710606568065041,46.199541447673731],[6.171071421007948,46.199580480575243],[6.1711036714697336,46.199632726444271],[6.1711225054115744,46.199692927655548],[6.1711288474776982,46.199723570854694],[6.1711401076528567,46.199772571450886],[6.1711543853690971,46.199827857808117],[6.1711652986688934,46.199893915089291],[6.1710198987631619,46.199915984299338],[6.170875122599317,46.199921459482219],[6.1708766550869711,46.19981707181946],[6.1708797854032564,46.199726958404263],[6.1708547919354597,46.199591554954601]]]},"properties":{"OBJECTID":236,"ID_Parking_Fondation":"C3120","Polygon_ID":150,"Code_Tarif":"527","Nom_Parking":"Rte de Chêne 54 Int. Autos","Type_Vehicule":"auto","Adresse_Rue":"Rte de Chêne","Adresse_No":"54","Adresse_NPA":1208,"Adresse_Localite":"Genève","Type_Parking":"intérieur","Capacite":56,"Statut":"privé","Group_Sector_ID":904,"Group_Service_ID":32,"GlobalID":"{46C1A65F-4899-4382-AEBF-FCE7F3E1EEDD}","Shape__Area":937.93661096540347,"Shape__Length":136.92729808131546}},{"type":"Feature","id":240,"geometry":{"type":"Polygon","coordinates":[[[6.1708818760315678,46.199886139360487],[6.1707858799557984,46.199394231534903],[6.1710586435192543,46.199355963726546],[6.1711058104442378,46.199604042667154],[6.1712323889414149,46.199591089761711],[6.1712899818047582,46.199873475292819],[6.1708818760315678,46.199886139360487]]]},"properties":{"OBJECTID":240,"ID_Parking_Fondation":"C3120m","Polygon_ID":151,"Code_Tarif":"528","Nom_Parking":"Chêne 54 Motos","Type_Vehicule":"moto","Adresse_Rue":"Rte de Chêne","Adresse_No":"54","Adresse_NPA":1208,"Adresse_Localite":"Genève","Type_Parking":"intérieur","Capacite":32,"Statut":"privé","Group_Sector_ID":905,"Group_Service_ID":32,"GlobalID":"{3D660F97-126E-426F-92D2-AE1E0307E0AE}","Shape__Area":1525.2176198663658,"Shape__Length":177.59522527619848}},{"type":"Feature","id":242,"geometry":{"type":"Polygon","coordinates":[[[6.1295144132763868,46.209237339664689],[6.1299279364891737,46.209160365137897],[6.1300297780679864,46.209408475869154],[6.1296383189000432,46.20949452727853],[6.1295144132763868,46.209237339664689]]]},"properties":{"OBJECTID":242,"ID_Parking_Fondation":"C3150","Polygon_ID":152,"Code_Tarif":"532","Nom_Parking":"Lamartine","Type_Vehicule":"auto","Adresse_Rue":"Rue de Lyon","Adresse_No":"58","Adresse_NPA":1203,"Adresse_Localite":"Genève","Type_Parking":"intérieur","Capacite":33,"Statut":"privé","Group_Sector_ID":922,"Group_Service_ID":32,"GlobalID":"{E0D2680D-D6DF-467D-8E20-7C1B9A854B17}","Shape__Area":951.37650933005466,"Shape__Length":123.55873344825417}},{"type":"Feature","id":243,"geometry":{"type":"Polygon","coordinates":[[[6.1294824609216256,46.209085776727761],[6.1298870666162122,46.208969682223547],[6.1300380604146332,46.209408571924079],[6.1296466012590907,46.209494623362176],[6.1294824609216256,46.209085776727761]]]},"properties":{"OBJECTID":243,"ID_Parking_Fondation":"C3150m","Polygon_ID":153,"Code_Tarif":"533","Nom_Parking":"Lamartine Motos","Type_Vehicule":"moto","Adresse_Rue":"Rue de Lyon","Adresse_No":"58","Adresse_NPA":1203,"Adresse_Localite":"Genève","Type_Parking":"intérieur","Capacite":null,"Statut":"privé","Group_Sector_ID":923,"Group_Service_ID":32,"GlobalID":"{3AF6CAD5-6CE9-42A5-91B6-A0B7327F8908}","Shape__Area":1584.1099155948509,"Shape__Length":162.82236964045674}},{"type":"Feature","id":249,"geometry":{"type":"Polygon","coordinates":[[[6.1500367060975734,46.193399892158617],[6.149534512388354,46.192922508759381],[6.1496146037493888,46.192863030235472],[6.1500892739431672,46.193365981797612],[6.1500367060975734,46.193399892158617]]]},"properties":{"OBJECTID":249,"ID_Parking_Fondation":"H6130","Polygon_ID":null,"Code_Tarif":"682","Nom_Parking":"H-Ateliers réservé","Type_Vehicule":"auto","Adresse_Rue":null,"Adresse_No":null,"Adresse_NPA":null,"Adresse_Localite":null,"Type_Parking":null,"Capacite":null,"Statut":null,"Group_Sector_ID":1163,"Group_Service_ID":32,"GlobalID":"{6A059992-3D7D-4C6A-A712-B9EC7434470F}","Shape__Area":474.75587539351756,"Shape__Length":147.16292000729027}},{"type":"Feature","id":250,"geometry":{"type":"Polygon","coordinates":[[[6.1500798838705775,46.193237897577134],[6.1495872149136366,46.192753441953329],[6.149654454640749,46.192719116474237],[6.1501532813458102,46.193198761368734],[6.1500798838705775,46.193237897577134]]]},"properties":{"OBJECTID":250,"ID_Parking_Fondation":"H6130","Polygon_ID":null,"Code_Tarif":"682","Nom_Parking":"H-Ateliers réservé","Type_Vehicule":"auto","Adresse_Rue":null,"Adresse_No":null,"Adresse_NPA":null,"Adresse_Localite":null,"Type_Parking":null,"Capacite":null,"Statut":null,"Group_Sector_ID":1163,"Group_Service_ID":32,"GlobalID":"{313F2821-B8B5-4319-9CA5-3EB572CF94FF}","Shape__Area":447.18003700325033,"Shape__Length":145.29040383532879}},{"type":"Feature","id":252,"geometry":{"type":"Polygon","coordinates":[[[6.0882400063936881,46.185417368173795],[6.088105497354829,46.185594386250401],[6.0874537635131016,46.185354292214427],[6.0876036759143419,46.185171104880133],[6.0882400063936881,46.185417368173795]]]},"properties":{"OBJECTID":252,"ID_Parking_Fondation":"H6710","Polygon_ID":null,"Code_Tarif":"689","Nom_Parking":"Bains de Cressy - Parkings extérieur","Type_Vehicule":"auto","Adresse_Rue":"route de loëx","Adresse_No":"99","Adresse_NPA":1232,"Adresse_Localite":"Confignon","Type_Parking":"extérieur","Capacite":null,"Statut":"privé","Group_Sector_ID":1146,"Group_Service_ID":32,"GlobalID":"{9935EC46-C7BF-4888-8C5F-DE9C67746D04}","Shape__Area":1292.4212833166591,"Shape__Length":158.88026360046777}},{"type":"Feature","id":255,"geometry":{"type":"Polygon","coordinates":[[[6.1474603996901775,46.190809318615507],[6.1473232589822677,46.1906497096885],[6.1463936406653046,46.190913888119987],[6.1463522301380928,46.190848941590801],[6.1468541933006167,46.190697542240763],[6.1468200966423785,46.190651137520774],[6.1474625117728108,46.19045286735367],[6.1476594449958011,46.190761615131962],[6.1474603996901775,46.190809318615507]]]},"properties":{"OBJECTID":255,"ID_Parking_Fondation":"H6160","Polygon_ID":null,"Code_Tarif":"681","Nom_Parking":"H-Pédiatrie consultations réservé","Type_Vehicule":"auto","Adresse_Rue":null,"Adresse_No":null,"Adresse_NPA":null,"Adresse_Localite":null,"Type_Parking":null,"Capacite":null,"Statut":null,"Group_Sector_ID":1160,"Group_Service_ID":32,"GlobalID":"{C5621A10-8F4C-44BA-96C2-14044F5FF80E}","Shape__Area":1547.5620008610549,"Shape__Length":262.21534066624275}},{"type":"Feature","id":257,"geometry":{"type":"Polygon","coordinates":[[[6.1484111323289552,46.191172738855073],[6.1484936228275835,46.19130620367909],[6.1480750237929476,46.191398596810757],[6.1480190646981479,46.191290762182483],[6.1484111323289552,46.191172738855073]]]},"properties":{"OBJECTID":257,"ID_Parking_Fondation":"H6180","Polygon_ID":null,"Code_Tarif":"680","Nom_Parking":"H-Ophtalmologie réservé","Type_Vehicule":"auto","Adresse_Rue":null,"Adresse_No":null,"Adresse_NPA":null,"Adresse_Localite":null,"Type_Parking":null,"Capacite":null,"Statut":null,"Group_Sector_ID":1158,"Group_Service_ID":32,"GlobalID":"{C26286B9-16F8-4A6C-B9DF-86A7FF28675F}","Shape__Area":482.21022293080438,"Shape__Length":95.78807423938423}},{"type":"Feature","id":258,"geometry":{"type":"Polygon","coordinates":[[[6.1484152356424957,46.191393065594745],[6.1488227880465169,46.191265794698829],[6.1488317339418215,46.191317726738177],[6.1484389156403418,46.191431619702229],[6.1484152356424957,46.191393065594745]]]},"properties":{"OBJECTID":258,"ID_Parking_Fondation":"H6180","Polygon_ID":null,"Code_Tarif":"680","Nom_Parking":"H-Ophtalmologie réservé","Type_Vehicule":"auto","Adresse_Rue":null,"Adresse_No":null,"Adresse_NPA":null,"Adresse_Localite":null,"Type_Parking":null,"Capacite":null,"Statut":null,"Group_Sector_ID":1158,"Group_Service_ID":32,"GlobalID":"{740AD732-C9FE-4FB2-BFB3-0219989B3502}","Shape__Area":172.27001020180421,"Shape__Length":77.836182182087128}},{"type":"Feature","id":263,"geometry":{"type":"Polygon","coordinates":[[[6.0854345901038656,46.199468545312257],[6.0851690624687809,46.199313491670573],[6.0861235440620867,46.198572602895489],[6.0863700048961684,46.198748204183566],[6.0854345901038656,46.199468545312257]]]},"properties":{"OBJECTID":263,"ID_Parking_Fondation":"H6410","Polygon_ID":null,"Code_Tarif":"685","Nom_Parking":"H-Loëx visites","Type_Vehicule":"auto","Adresse_Rue":null,"Adresse_No":null,"Adresse_NPA":null,"Adresse_Localite":null,"Type_Parking":null,"Capacite":null,"Statut":null,"Group_Sector_ID":1149,"Group_Service_ID":32,"GlobalID":"{E4912074-08A3-4345-8277-BC7AA20C77A3}","Shape__Area":2945.5423059850164,"Shape__Length":272.37108563613981}},{"type":"Feature","id":265,"geometry":{"type":"Polygon","coordinates":[[[6.0829291603418509,46.19872491128887],[6.0828210255805386,46.198667031768778],[6.0830341261580738,46.198506143317317],[6.083135338851104,46.198553700039042],[6.0829291603418509,46.19872491128887]]]},"properties":{"OBJECTID":265,"ID_Parking_Fondation":"H6430","Polygon_ID":null,"Code_Tarif":"691","Nom_Parking":"H-Loëx abonnements","Type_Vehicule":"auto","Adresse_Rue":null,"Adresse_No":null,"Adresse_NPA":null,"Adresse_Localite":null,"Type_Parking":null,"Capacite":null,"Statut":null,"Group_Sector_ID":1151,"Group_Service_ID":32,"GlobalID":"{CE8420A6-4D76-4C5A-BC53-30D3A2BB876F}","Shape__Area":243.98730585077678,"Shape__Length":69.082716851526911}},{"type":"Feature","id":266,"geometry":{"type":"Polygon","coordinates":[[[6.2055611147187371,46.258981631015004],[6.2054839159946971,46.258848895071388],[6.205589861944838,46.258705145984003],[6.2058201761158758,46.258782675164547],[6.2057273497750733,46.258600056444735],[6.2058573452842927,46.258426597055376],[6.2061240111039524,46.25837317553767],[6.2062923875907021,46.258431345162613],[6.2064399332799258,46.258392597574343],[6.2066062461368556,46.258702132688484],[6.2067212312120414,46.258686154705103],[6.2067839576321804,46.258818088646258],[6.206863053316515,46.25897770859747],[6.206487791751802,46.259080893813234],[6.2060966229279853,46.259184076929245],[6.2060520248507816,46.259198940412439],[6.2060075137966333,46.259209966821828],[6.2059875600728054,46.259215157869747],[6.2059641674537795,46.259223453038061],[6.2059379297570123,46.259229202560235],[6.2058839387186211,46.259243703446252],[6.2058423403483349,46.259255321181989],[6.2057650237608861,46.259275099478749],[6.2057490951106189,46.259244320501352],[6.2057325481510475,46.259225643475162],[6.2056996380638667,46.259233691638613],[6.2055611147187371,46.258981631015004]]]},"properties":{"OBJECTID":266,"ID_Parking_Fondation":"H3120","Polygon_ID":null,"Code_Tarif":"688","Nom_Parking":"H-Bellerive public","Type_Vehicule":"auto","Adresse_Rue":"chemin de la savonnière","Adresse_No":"11","Adresse_NPA":1245,"Adresse_Localite":"Collonge-Bellerive","Type_Parking":"intérieur","Capacite":null,"Statut":"privé","Group_Sector_ID":1169,"Group_Service_ID":32,"GlobalID":"{9069D731-657F-4B95-B2D6-D4E68461BD24}","Shape__Area":6532.522746969441,"Shape__Length":354.57009197055714}},{"type":"Feature","id":267,"geometry":{"type":"Polygon","coordinates":[[[6.0853974683187451,46.199524305732453],[6.0856335271046769,46.199348853647926],[6.0858695830515677,46.199173401955527],[6.0861056387946864,46.198997948887516],[6.0863416917211506,46.198822495312257],[6.0863920794197464,46.198882812879425],[6.086178865128951,46.199051956399401],[6.0863608757043366,46.199174593772611],[6.0862129564537977,46.199299448951109],[6.08602580969192,46.199173375906334],[6.0854970673937601,46.199660273673906],[6.085911489118577,46.200029580081619],[6.0865244056878645,46.19950057410226],[6.0867452589403968,46.199678266184932],[6.0860858953143602,46.200184997014418],[6.0862425737098587,46.200324616657412],[6.0858822257636307,46.200520801364434],[6.0855777087433731,46.200256444336212],[6.0857357353587878,46.200169273372296],[6.0853953140433994,46.199885895772319],[6.0851679118981918,46.199696597353672],[6.0853974683187451,46.199524305732453]]]},"properties":{"OBJECTID":267,"ID_Parking_Fondation":"H6430","Polygon_ID":null,"Code_Tarif":"691","Nom_Parking":"H-Loëx abonnements","Type_Vehicule":"auto","Adresse_Rue":null,"Adresse_No":null,"Adresse_NPA":null,"Adresse_Localite":null,"Type_Parking":null,"Capacite":null,"Statut":null,"Group_Sector_ID":1151,"Group_Service_ID":32,"GlobalID":"{4E90C45A-FF00-49FA-8FED-E303F1F243AD}","Shape__Area":6158.7248864637741,"Shape__Length":697.25907061844055}},{"type":"Feature","id":268,"geometry":{"type":"Polygon","coordinates":[[[6.0844246026872026,46.199630765386843],[6.0842875919082804,46.199719216065155],[6.0838578586198704,46.199518865828743],[6.0839880526059389,46.199407541857731],[6.0844246026872026,46.199630765386843]]]},"properties":{"OBJECTID":268,"ID_Parking_Fondation":"H6430","Polygon_ID":null,"Code_Tarif":"691","Nom_Parking":"H-Loëx abonnements","Type_Vehicule":"auto","Adresse_Rue":null,"Adresse_No":null,"Adresse_NPA":null,"Adresse_Localite":null,"Type_Parking":null,"Capacite":null,"Statut":null,"Group_Sector_ID":1151,"Group_Service_ID":32,"GlobalID":"{E80EAC66-EB50-4A55-AFD5-1C288B83BB1E}","Shape__Area":614.06295506820459,"Shape__Length":112.18665117917227}},{"type":"Feature","id":271,"geometry":{"type":"Polygon","coordinates":[[[6.1180546741900121,46.221838244794689],[6.1176265399701864,46.221959881786397],[6.1174442399482292,46.221918281221136],[6.1175077973536141,46.22178236430598],[6.1179553869890286,46.221663312629424],[6.1180546741900121,46.221838244794689]]]},"properties":{"OBJECTID":271,"ID_Parking_Fondation":"H6510","Polygon_ID":162,"Code_Tarif":"686","Nom_Parking":"H-Joli-Mont visites","Type_Vehicule":"auto","Adresse_Rue":null,"Adresse_No":null,"Adresse_NPA":null,"Adresse_Localite":null,"Type_Parking":null,"Capacite":null,"Statut":null,"Group_Sector_ID":1148,"Group_Service_ID":32,"GlobalID":"{274E8CB2-25D6-45E9-8BC8-C8805209A134}","Shape__Area":891.99468320054973,"Shape__Length":124.27313381905202}},{"type":"Feature","id":273,"geometry":{"type":"Polygon","coordinates":[[[6.1171180148577804,46.220528015308709],[6.1173697069670618,46.220398961695352],[6.1174276485196115,46.220359249396672],[6.1175076011945553,46.220411514400084],[6.1175472732224936,46.220475088361056],[6.1175699169055839,46.220540986609407],[6.1175912073050593,46.220612759273948],[6.1175767782538886,46.220707674875378],[6.1175499376585556,46.220764579993023],[6.1174771259629175,46.220817581227898],[6.1173669140114209,46.220913057923035],[6.1172307588000763,46.221028426077645],[6.1171516827921231,46.22108976855511],[6.1170208031886064,46.220988102429125],[6.1169374185675247,46.220927383002753],[6.1168731817612905,46.220876984074685],[6.1168417675822369,46.220822763484058],[6.1168263136029566,46.220760315022375],[6.116834976189919,46.22070319716827],[6.1169555803198099,46.220579232585649],[6.1171180148577804,46.220528015308709]]]},"properties":{"OBJECTID":273,"ID_Parking_Fondation":"H6520","Polygon_ID":174,"Code_Tarif":"690","Nom_Parking":"H-Joli_Mont abonnement","Type_Vehicule":"auto","Adresse_Rue":"avenue Trembley","Adresse_No":"45","Adresse_NPA":1209,"Adresse_Localite":"Genève","Type_Parking":"extérieur","Capacite":10,"Statut":"privé","Group_Sector_ID":1147,"Group_Service_ID":32,"GlobalID":"{4340B31A-1851-4E77-82FD-748B61119A40}","Shape__Area":2800.5039888524216,"Shape__Length":209.3002316258268}},{"type":"Feature","id":274,"geometry":{"type":"Polygon","coordinates":[[[6.1274175857880735,46.172002062818557],[6.1273494545489582,46.1720496690441],[6.1273042434198599,46.172017522944891],[6.1273765093041925,46.171966543328956],[6.1274175857880735,46.172002062818557]]]},"properties":{"OBJECTID":274,"ID_Parking_Fondation":"F1180m","Polygon_ID":132,"Code_Tarif":"447","Nom_Parking":"P+R Trèfle-Blanc (moto)","Type_Vehicule":"moto","Adresse_Rue":"Chemin du Trèfle-Blanc","Adresse_No":null,"Adresse_NPA":1228,"Adresse_Localite":"Plan-Les-Ouates","Type_Parking":"extérieur","Capacite":null,"Statut":"ouvert","Group_Sector_ID":781,"Group_Service_ID":32,"GlobalID":"{22D1A925-84BD-4034-A39E-E821FCE6442C}","Shape__Area":38.648789664100974,"Shape__Length":25.478085027761388}},{"type":"Feature","id":275,"geometry":{"type":"Polygon","coordinates":[[[6.2130234611558821,46.209981634887427],[6.2119329741330267,46.210516656201463],[6.2114904482477105,46.210179814507143],[6.2102336504193438,46.211018998668727],[6.2091335319243122,46.210733580329908],[6.2083297519090497,46.21061414227966],[6.2071222480045734,46.210516334611334],[6.2060118947428764,46.210269836708477],[6.2050896470790233,46.209999342534203],[6.2045031427119044,46.209810638358661],[6.2042519323254242,46.209723254638803],[6.2040161569730996,46.209369114701282],[6.2037106192748235,46.209196501332507],[6.2049177230358223,46.208070389469633],[6.2049557409048814,46.206807791295141],[6.2049237073920365,46.205739738704388],[6.2047478827248685,46.205223496189177],[6.205073698326645,46.204914560862818],[6.205354191479965,46.20495017929057],[6.2056106937930888,46.204803244308998],[6.204683448094265,46.204343889751648],[6.2048839984040924,46.2041833235063],[6.2038546241406891,46.203267119107544],[6.2044114660005878,46.202693788810649],[6.2046753435060733,46.202221417627982],[6.2061940807914633,46.203058326788984],[6.2069258463062322,46.203040276552507],[6.2073238285618455,46.202855820491571],[6.2078560859893281,46.202952773219501],[6.2100080729836362,46.203985338211169],[6.2116401682926838,46.204790855308701],[6.2132427221577622,46.205661131183284],[6.2157092751503944,46.207308975634419],[6.2147395697197778,46.207480750891456],[6.2139141389760137,46.207907988044653],[6.2139781407115073,46.208813624827002],[6.2128449052369632,46.209582562751905],[6.2130234611558821,46.209981634887427]]]},"properties":{"OBJECTID":275,"ID_Parking_Fondation":"H6210","Polygon_ID":null,"Code_Tarif":"683","Nom_Parking":"H-Belle-Idée public","Type_Vehicule":"auto","Adresse_Rue":"chemin du Petit-Bel-Air","Adresse_No":"2","Adresse_NPA":1226,"Adresse_Localite":"Thônex","Type_Parking":"extérieur","Capacite":null,"Statut":"privé","Group_Sector_ID":1155,"Group_Service_ID":32,"GlobalID":"{B93DE416-1355-4334-A0B3-F322A53589B2}","Shape__Area":526879.33434183907,"Shape__Length":3276.6246844994821}},{"type":"Feature","id":276,"geometry":{"type":"MultiPolygon","coordinates":[[[[6.2152703656963437,46.209150373013848],[6.2152668341852033,46.209151883054545],[6.2152672313647548,46.209149262124541],[6.215271452960538,46.209147952095556],[6.2152703104125466,46.209150353521359],[6.2152703656963437,46.209150373013848]]],[[[6.2152703656963437,46.209150373013848],[6.2152706849467005,46.209150237026563],[6.2154406026502897,46.208940180938299],[6.2161082215349444,46.209195359407545],[6.215946695855882,46.20939149147074],[6.2152703656963437,46.209150373013848]]]]},"properties":{"OBJECTID":276,"ID_Parking_Fondation":"H6310","Polygon_ID":null,"Code_Tarif":"684","Nom_Parking":"H-Trois-Chêne visites","Type_Vehicule":"auto","Adresse_Rue":"Chem. du Pont-Bochet","Adresse_No":"3","Adresse_NPA":1226,"Adresse_Localite":"Thônex","Type_Parking":"extérieur","Capacite":null,"Statut":"privé","Group_Sector_ID":1167,"Group_Service_ID":32,"GlobalID":"{4D815A5D-6A6E-46B9-9D81-6A51EC20109F}","Shape__Area":1524.3182153435405,"Shape__Length":170.67707677768834}},{"type":"Feature","id":277,"geometry":{"type":"Polygon","coordinates":[[[6.2162598682881995,46.209019148545735],[6.2166002871978154,46.209141708543747],[6.2168037939534733,46.208906891885164],[6.2169851687727693,46.208956915314658],[6.2169615048205094,46.209029840905522],[6.2168839215660281,46.209121842224626],[6.216936491605269,46.209162825514042],[6.2169905118998114,46.209209284574854],[6.2169924568069321,46.209262826971241],[6.2170484483990416,46.20943164080515],[6.2169396525424592,46.209512382242941],[6.2170221322329464,46.209552596241856],[6.216818942948219,46.209773217270694],[6.2166428729091159,46.209697036481238],[6.2166152994951442,46.209733874407839],[6.2152283891451328,46.209206575474404],[6.2152743642900399,46.209152293980047],[6.215942611475163,46.209394998206051],[6.2162598682881995,46.209019148545735]]]},"properties":{"OBJECTID":277,"ID_Parking_Fondation":"H6320","Polygon_ID":null,"Code_Tarif":"684","Nom_Parking":"H-Trois-Chêne public","Type_Vehicule":"auto","Adresse_Rue":"Chem. du Pont-Bochet","Adresse_No":"3","Adresse_NPA":1226,"Adresse_Localite":"Thônex","Type_Parking":"extérieur","Capacite":null,"Statut":"privé","Group_Sector_ID":1152,"Group_Service_ID":32,"GlobalID":"{9C63338C-A7B6-45C1-8836-39BF8B0225A5}","Shape__Area":5447.6584185850852,"Shape__Length":438.70875108039121}},{"type":"Feature","id":280,"geometry":{"type":"Polygon","coordinates":[[[6.12294887351627,46.181839162480252],[6.1235572284152733,46.180922648769013],[6.1213726771013715,46.180446273899726],[6.1217535095873696,46.179243077524077],[6.1234702732132664,46.179314754684086],[6.1242447117477914,46.179925619313842],[6.1231053344182733,46.181872767289761],[6.12294887351627,46.181839162480252]]]},"properties":{"OBJECTID":280,"ID_Parking_Fondation":null,"Polygon_ID":99,"Code_Tarif":"2601","Nom_Parking":"Piscine de Lancy","Type_Vehicule":"auto","Adresse_Rue":"Chemin de l'Ecu","Adresse_No":"22","Adresse_NPA":1219,"Adresse_Localite":"Vernier","Type_Parking":"extérieur","Capacite":null,"Statut":"ouvert","Group_Sector_ID":633,"Group_Service_ID":32,"GlobalID":"{2BA8E92F-D86C-49CF-902F-623E8A0FA80B}","Shape__Area":30570.627173139976,"Shape__Length":895.53809450337405}},{"type":"Feature","id":284,"geometry":{"type":"Polygon","coordinates":[[[6.140140846047589,46.175101133162883],[6.1405697249846307,46.175529879810924],[6.1400789745943785,46.175682039156484],[6.1396973230388916,46.175335180318982],[6.140140846047589,46.175101133162883]]]},"properties":{"OBJECTID":284,"ID_Parking_Fondation":"C6120","Polygon_ID":28,"Code_Tarif":"222","Nom_Parking":"Batelle extérieur","Type_Vehicule":"auto","Adresse_Rue":"Route de Drize","Adresse_No":"7","Adresse_NPA":1227,"Adresse_Localite":"Carouge","Type_Parking":"extérieur","Capacite":164,"Statut":"ouvert","Group_Sector_ID":394,"Group_Service_ID":32,"GlobalID":"{B88EB5B9-22E1-45C8-A84F-1B26CB2C7B91}","Shape__Area":2227.03564288195,"Shape__Length":191.08751221958906}},{"type":"Feature","id":285,"geometry":{"type":"Polygon","coordinates":[[[6.1401374854130308,46.176419701165827],[6.1405029559843189,46.176218105797901],[6.1406545149737228,46.176344308863094],[6.1408571593664742,46.17624333252499],[6.1409888370214869,46.176368493007665],[6.1404571476912455,46.176813025936312],[6.139821828173484,46.177281580134725],[6.1395419217607685,46.177136001851338],[6.139374046199876,46.176957548262337],[6.1394916516591973,46.176887319088877],[6.1399982602369301,46.176610886314243],[6.140069735532963,46.176658076349483],[6.1402797373544011,46.176543357629065],[6.1401374854130308,46.176419701165827]]]},"properties":{"OBJECTID":285,"ID_Parking_Fondation":"C6120","Polygon_ID":28,"Code_Tarif":"222","Nom_Parking":"Batelle extérieur","Type_Vehicule":"auto","Adresse_Rue":"Route de Drize","Adresse_No":"7","Adresse_NPA":1227,"Adresse_Localite":"Carouge","Type_Parking":"extérieur","Capacite":164,"Statut":"ouvert","Group_Sector_ID":394,"Group_Service_ID":32,"GlobalID":"{1010CC37-5900-44AB-BF9F-B9D66B779B17}","Shape__Area":5524.8063613675431,"Shape__Length":384.87156880869111}},{"type":"Feature","id":286,"geometry":{"type":"Polygon","coordinates":[[[6.1055015882537775,46.209058435635697],[6.1063359066767031,46.208714845672858],[6.1067227046413883,46.209296619302648],[6.1059570142154529,46.209679163359354],[6.1055015882537775,46.209058435635697]]]},"properties":{"OBJECTID":286,"ID_Parking_Fondation":"G2020","Polygon_ID":167,"Code_Tarif":"433","Nom_Parking":"Centre sportif du Bois des Frères","Type_Vehicule":"auto","Adresse_Rue":"Chemin de l'Ecu","Adresse_No":"22","Adresse_NPA":1219,"Adresse_Localite":"Chatelaine","Type_Parking":"extérieur","Capacite":193,"Statut":"ouvert","Group_Sector_ID":1236,"Group_Service_ID":32,"GlobalID":"{EACF374B-E4E3-4B56-8144-5B2B651D0AA8}","Shape__Area":5438.5057086738407,"Shape__Length":296.34214959037115}},{"type":"Feature","id":287,"geometry":{"type":"Polygon","coordinates":[[[6.1574768409170488,46.181596423506285],[6.155896993561238,46.182306956968972],[6.1556546960661347,46.182025772422485],[6.1572719474107656,46.18135889340801],[6.1574768409170488,46.181596423506285]]]},"properties":{"OBJECTID":287,"ID_Parking_Fondation":"G2030","Polygon_ID":168,"Code_Tarif":"434","Nom_Parking":"Centre sportif du Bout-du-Monde","Type_Vehicule":"auto","Adresse_Rue":"Route de Vessy","Adresse_No":"12","Adresse_NPA":1206,"Adresse_Localite":"Genève","Type_Parking":"extérieur","Capacite":130,"Statut":"ouvert","Group_Sector_ID":1237,"Group_Service_ID":32,"GlobalID":"{5C1D1EF4-919A-46F0-A783-1140D68B7E21}","Shape__Area":4880.6550765176471,"Shape__Length":357.76675619092669}},{"type":"Feature","id":288,"geometry":{"type":"Polygon","coordinates":[[[6.1652045432840223,46.184535189222068],[6.1649683028148452,46.184053611254427],[6.1651699419958446,46.183999265246044],[6.1654081471565521,46.184480864952882],[6.1652045432840223,46.184535189222068]]]},"properties":{"OBJECTID":288,"ID_Parking_Fondation":"G2040","Polygon_ID":169,"Code_Tarif":"443","Nom_Parking":"Centre sportif de Vessy","Type_Vehicule":"auto","Adresse_Rue":"Route de Vessy","Adresse_No":"29","Adresse_NPA":1234,"Adresse_Localite":"Vessy","Type_Parking":"extérieur","Capacite":178,"Statut":"ouvert","Group_Sector_ID":1238,"Group_Service_ID":32,"GlobalID":"{DFC91555-37FA-4E6C-86F7-0E639F0DC667}","Shape__Area":948.21139987206845,"Shape__Length":146.70689974918366}},{"type":"Feature","id":289,"geometry":{"type":"Polygon","coordinates":[[[6.1642703884315688,46.183278244281176],[6.1635532417103676,46.182643359616399],[6.1631915842351122,46.182425014373131],[6.1625936168756716,46.182075013792854],[6.1623814274919466,46.181961754328448],[6.1625896248070493,46.181787162438937],[6.1636503032925933,46.18236517799965],[6.1642171078818757,46.182801162826493],[6.1645690171082821,46.183173957461548],[6.1642703884315688,46.183278244281176]]]},"properties":{"OBJECTID":289,"ID_Parking_Fondation":"G2040","Polygon_ID":169,"Code_Tarif":"443","Nom_Parking":"Centre sportif de Vessy","Type_Vehicule":"auto","Adresse_Rue":"Route de Vessy","Adresse_No":"29","Adresse_NPA":1234,"Adresse_Localite":"Vessy","Type_Parking":"extérieur","Capacite":178,"Statut":"ouvert","Group_Sector_ID":1238,"Group_Service_ID":32,"GlobalID":"{04051858-1024-4A19-856F-1FF860F79DD0}","Shape__Area":5742.9203433997054,"Shape__Length":477.71992363977677}},{"type":"Feature","id":290,"geometry":{"type":"Polygon","coordinates":[[[6.1690286849120701,46.203829754849835],[6.1695510040139441,46.20404048725765],[6.1694485552766638,46.204154587155529],[6.1689576144027045,46.203914895000644],[6.1690286849120701,46.203829754849835]]]},"properties":{"OBJECTID":290,"ID_Parking_Fondation":"G2050","Polygon_ID":170,"Code_Tarif":"449","Nom_Parking":"Centre sportif Richemont","Type_Vehicule":"auto","Adresse_Rue":"Route de Frontenex","Adresse_No":"70","Adresse_NPA":1208,"Adresse_Localite":"Genève","Type_Parking":"extérieur","Capacite":44,"Statut":"ouvert","Group_Sector_ID":1239,"Group_Service_ID":32,"GlobalID":"{73841E74-F22D-4103-9A96-CA54E3656E6E}","Shape__Area":600.70721241446063,"Shape__Length":118.83749441691056}},{"type":"Feature","id":291,"geometry":{"type":"Polygon","coordinates":[[[6.2022471592135444,46.206799476652542],[6.2025295552521991,46.207203382918017],[6.2021277089075131,46.207211987072846],[6.2017268593503125,46.20717669942335],[6.2013856987763827,46.20714287731726],[6.2016958491027934,46.206892619940504],[6.2022471592135444,46.206799476652542]]]},"properties":{"OBJECTID":291,"ID_Parking_Fondation":"G2060","Polygon_ID":171,"Code_Tarif":"450","Nom_Parking":"Centre sportif de Belle-Idée","Type_Vehicule":"auto","Adresse_Rue":"Avenue A.-M. Mirany","Adresse_No":"1","Adresse_NPA":1225,"Adresse_Localite":"Chêne-Bourg","Type_Parking":"extérieur","Capacite":28,"Statut":"ouvert","Group_Sector_ID":1240,"Group_Service_ID":32,"GlobalID":"{5917657D-A31C-4A05-B300-A15F572B585D}","Shape__Area":2529.6797668289273,"Shape__Length":219.21745301670072}},{"type":"Feature","id":294,"geometry":{"type":"Polygon","coordinates":[[[6.0923780384804065,46.188361443787358],[6.0924087444961517,46.18828559465296],[6.0926037769278958,46.188145826702581],[6.0929190507212745,46.187919651653473],[6.0929417346455885,46.187942527958],[6.0932936511777376,46.188077195807196],[6.093251053012394,46.188145152468586],[6.0933138408104535,46.188163340117704],[6.0932546225782955,46.188264038970516],[6.0931051892931283,46.188515445986965],[6.0928507240380609,46.188689384067494],[6.0926596578168777,46.188555988460863],[6.0923780384804065,46.188361443787358]]]},"properties":{"OBJECTID":294,"ID_Parking_Fondation":null,"Polygon_ID":166,"Code_Tarif":"432","Nom_Parking":"Fondation des Evaux","Type_Vehicule":"auto","Adresse_Rue":"chemin de François-Chavaz","Adresse_No":"110","Adresse_NPA":1213,"Adresse_Localite":"Onex","Type_Parking":"extérieur","Capacite":138,"Statut":"ouvert","Group_Sector_ID":1235,"Group_Service_ID":32,"GlobalID":"{CC34415A-A4E7-4A94-972C-98F7C6D899D7}","Shape__Area":3460.2727467027648,"Shape__Length":234.46944476054588}},{"type":"Feature","id":348,"geometry":{"type":"Polygon","coordinates":[[[6.1283825150775231,46.186545427882102],[6.1282145263919876,46.187413786623246],[6.1279959173611314,46.187391876301959],[6.1281529928988627,46.186522253844174],[6.1283825150775231,46.186545427882102]]]},"properties":{"OBJECTID":348,"ID_Parking_Fondation":"F3120","Polygon_ID":173,"Code_Tarif":"570","Nom_Parking":"P+R Etoile recharge électrique","Type_Vehicule":"auto","Adresse_Rue":"Carrefour de l'Etoile","Adresse_No":"1","Adresse_NPA":1227,"Adresse_Localite":"Carouge","Type_Parking":"intérieur","Capacite":64,"Statut":"ouvert","Group_Sector_ID":1384,"Group_Service_ID":32,"GlobalID":"{685785E8-2235-40C9-AC49-312B255A6402}","Shape__Area":1702.6538284960268,"Shape__Length":229.78986791070884}},{"type":"Feature","id":363,"geometry":{"type":"Polygon","coordinates":[[[6.2533125750861824,46.225229395680337],[6.2533803914399595,46.225243024378635],[6.2534522086431048,46.225257457065368],[6.2535618075993424,46.225256419067655],[6.2536312377183698,46.225289976814317],[6.2537006666466795,46.225323533605291],[6.2537987470902765,46.225371754276722],[6.2538968290036641,46.225419974876672],[6.2539949097949101,46.225468195377957],[6.2540929907599674,46.225516415794154],[6.2540345405928113,46.225594043348408],[6.2539740469709049,46.225656876949174],[6.2539546111575177,46.225662164483005],[6.2539155219121998,46.225660002518353],[6.2538272180643286,46.225656884862474],[6.2537199230769129,46.225656196569986],[6.2535756054357137,46.225645480440846],[6.2532887464911395,46.225629324818357],[6.2532910235935883,46.225698605744725],[6.2532271730797557,46.225697824465776],[6.253112042335256,46.225696415433902],[6.2531161796359882,46.225611782543709],[6.2531203182393877,46.225527148767824],[6.2531244555144543,46.225442515877972],[6.253128594092205,46.225357882102422],[6.2531327313415073,46.22527324921289],[6.2532226538980433,46.225251322489179],[6.2533125750861824,46.225229395680337]]]},"properties":{"OBJECTID":363,"ID_Parking_Fondation":"E6340","Polygon_ID":177,"Code_Tarif":"519","Nom_Parking":"CFPNE Lullier","Type_Vehicule":"auto","Adresse_Rue":"route de Presinge","Adresse_No":"150","Adresse_NPA":1254,"Adresse_Localite":"Jussy","Type_Parking":"extérieur","Capacite":86,"Statut":"privé","Group_Sector_ID":924,"Group_Service_ID":32,"GlobalID":"{27C097DA-DC31-4A50-8453-0E00813E8830}","Shape__Area":2703.6656669898221,"Shape__Length":224.39146682500109}},{"type":"Feature","id":496,"geometry":{"type":"Polygon","coordinates":[[[6.1058154425778302,46.18617925842662],[6.1059563063388538,46.185981427608219],[6.1061836567330614,46.186058204958641],[6.1060453365909231,46.186250791228005],[6.1058154425778302,46.18617925842662]]]},"properties":{"OBJECTID":496,"ID_Parking_Fondation":"E3110m","Polygon_ID":154,"Code_Tarif":"483","Nom_Parking":"Rte de Chancy 88-96 Motos","Type_Vehicule":"moto","Adresse_Rue":"Route de Chancy","Adresse_No":"88-96","Adresse_NPA":1213,"Adresse_Localite":"Onex","Type_Parking":"intérieur","Capacite":null,"Statut":"privé","Group_Sector_ID":898,"Group_Service_ID":32,"GlobalID":"{DBDB529D-23EE-43FC-944C-DA21149DC3FA}","Shape__Area":471.90549626135083,"Shape__Length":87.428182978755373}},{"type":"Feature","id":590,"geometry":{"type":"Polygon","coordinates":[[[6.1138944466375245,46.194782021893374],[6.1141062124758072,46.194827935658168],[6.1140739825576338,46.194976779512317],[6.1140484437717033,46.19506934005755],[6.1139579603135861,46.195288183854593],[6.1138269928456603,46.195421084454935],[6.1137615088929325,46.19540553170404],[6.11381449014028,46.195196872939498],[6.1138381571881428,46.195099209919213],[6.1138597741847942,46.195031089276938],[6.1138675376150786,46.194958186038107],[6.1138944466375245,46.194782021893374]]]},"properties":{"OBJECTID":590,"ID_Parking_Fondation":"F1170","Polygon_ID":176,"Code_Tarif":"492","Nom_Parking":"Daniel-ihly 15","Type_Vehicule":"auto","Adresse_Rue":"chemin Daniel Ihly","Adresse_No":"15-21","Adresse_NPA":1213,"Adresse_Localite":"Petit-Lancy","Type_Parking":"extérieur","Capacite":13,"Statut":"ouvert","Group_Sector_ID":1487,"Group_Service_ID":32,"GlobalID":"{A052D5DC-144D-451E-85BF-224BF18C90D2}","Shape__Area":953.37245464703028,"Shape__Length":163.02788641984702}},{"type":"Feature","id":648,"geometry":{"type":"Polygon","coordinates":[[[6.0712288819136626,46.16366468454224],[6.0714343584662815,46.163423390608706],[6.0719605400563417,46.163725646757506],[6.0718330312516198,46.163937152403406],[6.0712288819136626,46.16366468454224]]]},"properties":{"OBJECTID":648,"ID_Parking_Fondation":"T1100","Polygon_ID":178,"Code_Tarif":"529","Nom_Parking":"Vieux-Lully","Type_Vehicule":"auto","Adresse_Rue":"Rue de Bernex","Adresse_No":"311","Adresse_NPA":1233,"Adresse_Localite":"Bernex","Type_Parking":"extérieur","Capacite":25,"Statut":"privé","Group_Sector_ID":1556,"Group_Service_ID":32,"GlobalID":"{4BC4E2B4-0501-488B-AD0E-3F049270F1D2}","Shape__Area":1509.5155100616578,"Shape__Length":165.02717621423523}},{"type":"Feature","id":649,"geometry":{"type":"Polygon","coordinates":[[[6.1461676670752192,46.209838841121311],[6.1466717470358549,46.209689027398397],[6.1467806066543424,46.209954803876499],[6.1465413781088944,46.21002569379749],[6.1465163809903567,46.209987093662072],[6.1463100219513551,46.210048031139401],[6.1461676670752192,46.209838841121311]]]},"properties":{"OBJECTID":649,"ID_Parking_Fondation":"F3270","Polygon_ID":179,"Code_Tarif":"571","Nom_Parking":"Alpes recharge électrique","Type_Vehicule":"auto","Adresse_Rue":"rue Thalberg","Adresse_No":"12","Adresse_NPA":1201,"Adresse_Localite":"Genève","Type_Parking":"extérieur","Capacite":10,"Statut":"ouvert","Group_Sector_ID":1577,"Group_Service_ID":32,"GlobalID":"{F74F2215-DDDD-488B-9F76-630CB6F57DFB}","Shape__Area":1130.6029142063476,"Shape__Length":140.84001400920056}},{"type":"Feature","id":650,"geometry":{"type":"Polygon","coordinates":[[[6.1399068023337522,46.199902725528844],[6.1397215414746658,46.199036813706641],[6.1394619304852318,46.197944638627099],[6.1407969113105612,46.196382256728533],[6.1415336980309085,46.195572639422174],[6.1416704406119935,46.195595741106374],[6.1416918016063331,46.196743159847991],[6.1417661801450478,46.198081871469491],[6.1416792808524532,46.198754413867249],[6.141013575321761,46.199924687672677],[6.1399068023337522,46.199902725528844]]]},"properties":{"OBJECTID":650,"ID_Parking_Fondation":"T3240","Polygon_ID":180,"Code_Tarif":"572","Nom_Parking":"Plainpalais recharge électrique","Type_Vehicule":"auto","Adresse_Rue":"bvd Georges-Favon/mail","Adresse_No":"46/11","Adresse_NPA":1204,"Adresse_Localite":"Genève","Type_Parking":"intérieur","Capacite":18,"Statut":"ouvert","Group_Sector_ID":1578,"Group_Service_ID":32,"GlobalID":"{31C7B4E2-7727-4983-B9C5-9F9A1C45E671}","Shape__Area":55485.727933179442,"Shape__Length":1116.5574990061866}},{"type":"Feature","id":662,"geometry":{"type":"Polygon","coordinates":[[[6.1465230541112508,46.18812733170882],[6.1464047318776442,46.188158550918921],[6.1463521228433322,46.188063202683523],[6.146474606085599,46.188032893096313],[6.1465230541112508,46.18812733170882]]]},"properties":{"OBJECTID":662,"ID_Parking_Fondation":"C6220","Polygon_ID":31,"Code_Tarif":"367","Nom_Parking":"CO Aubepine","Type_Vehicule":"auto","Adresse_Rue":"Rue de l'Aubepine","Adresse_No":"21","Adresse_NPA":1205,"Adresse_Localite":"Genève","Type_Parking":"extérieur","Capacite":48,"Statut":"Ouvert","Group_Sector_ID":401,"Group_Service_ID":32,"GlobalID":"{6759AC06-6A21-4AC8-83D8-50267D82FC52}","Shape__Area":111.40445641434269,"Shape__Length":42.307226675964465}},{"type":"Feature","id":664,"geometry":{"type":"Polygon","coordinates":[[[6.1473959045459763,46.187843842632311],[6.1472934776190487,46.187874630251891],[6.1472647345600455,46.18782141608412],[6.147366261311765,46.187790347381792],[6.1473959045459763,46.187843842632311]]]},"properties":{"OBJECTID":664,"ID_Parking_Fondation":"C6220","Polygon_ID":31,"Code_Tarif":"367","Nom_Parking":"CO Aubepine","Type_Vehicule":"auto","Adresse_Rue":"Rue de l'Aubepine","Adresse_No":"21","Adresse_NPA":1205,"Adresse_Localite":"Genève","Type_Parking":"extérieur","Capacite":48,"Statut":"Ouvert","Group_Sector_ID":401,"Group_Service_ID":32,"GlobalID":"{02D1990F-23BD-417A-8573-0A7196431E61}","Shape__Area":54.448375946987191,"Shape__Length":29.873044827918715}},{"type":"Feature","id":666,"geometry":{"type":"Polygon","coordinates":[[[6.147886307750059,46.18765686108231],[6.1477892180366425,46.187680675614452],[6.1476921269646123,46.187704489148885],[6.1475950370813219,46.187728303514078],[6.1475563534890707,46.187657114262116],[6.1475039351775802,46.187624134684214],[6.1474438149523216,46.187516800905875],[6.1474403007720078,46.187443544599603],[6.1475141277487122,46.187412481648146],[6.1475879546625425,46.187381417749066],[6.1476820443549736,46.187427734309821],[6.1477707882519024,46.18750527872637],[6.1478352056081755,46.187581719660031],[6.147886307750059,46.18765686108231]]]},"properties":{"OBJECTID":666,"ID_Parking_Fondation":"C6220","Polygon_ID":31,"Code_Tarif":"367","Nom_Parking":"CO Aubepine","Type_Vehicule":"auto","Adresse_Rue":"Rue de l'Aubepine","Adresse_No":"21","Adresse_NPA":1205,"Adresse_Localite":"Genève","Type_Parking":"extérieur","Capacite":48,"Statut":"Ouvert","Group_Sector_ID":401,"Group_Service_ID":32,"GlobalID":"{5FF1E9EF-E46C-4E26-BFD2-ACAB3E9BF7B3}","Shape__Area":781.57427223844013,"Shape__Length":111.04903796604799}},{"type":"Feature","id":674,"geometry":{"type":"Polygon","coordinates":[[[6.1349709395739618,46.176700673662445],[6.1348956599730098,46.176762287248813],[6.1348203801801455,46.176823901684614],[6.1346174050026052,46.176984701459972],[6.1343313872551359,46.176857949851602],[6.1344236284593388,46.176803579126123],[6.1345391190760168,46.176863252961994],[6.1346317025107462,46.1768158324819],[6.134855905057182,46.176633201690741],[6.1349134222691672,46.176666938140919],[6.1349709395739618,46.176700673662445]]]},"properties":{"OBJECTID":674,"ID_Parking_Fondation":"C6280","Polygon_ID":36,"Code_Tarif":"373","Nom_Parking":"CECG Madame de Staël","Type_Vehicule":"auto","Adresse_Rue":"Rte de Saint-Julien","Adresse_No":"25","Adresse_NPA":1227,"Adresse_Localite":"Carouge","Type_Parking":"extérieur","Capacite":76,"Statut":"Ouvert","Group_Sector_ID":411,"Group_Service_ID":32,"GlobalID":"{CDBF7D77-D7E5-461E-A32C-0DB89AE10114}","Shape__Area":618.66069496936473,"Shape__Length":135.5898561328917}},{"type":"Feature","id":675,"geometry":{"type":"Polygon","coordinates":[[[6.1405394990065423,46.175005467907745],[6.1408445927718249,46.175279316159006],[6.1414769826690536,46.174931932581934],[6.1413576042467186,46.174831319823348],[6.1410782597399356,46.174564551073637],[6.1412158711691713,46.174489671434074],[6.1412856883859623,46.174557176247731],[6.1415378896481494,46.174783773637486],[6.1418396034816993,46.17509472453871],[6.141183543566366,46.175403605812171],[6.1410643461951997,46.175344479169105],[6.1408428554352401,46.175401311949585],[6.1404547554197091,46.175050274447294],[6.1405394990065423,46.175005467907745]]]},"properties":{"OBJECTID":675,"ID_Parking_Fondation":"C6125","Polygon_ID":142,"Code_Tarif":"497","Nom_Parking":"Rue de la Tambourine 20-26","Type_Vehicule":"auto","Adresse_Rue":"rue de la Tambourine","Adresse_No":"20 - 26","Adresse_NPA":1227,"Adresse_Localite":"Carouge","Type_Parking":"extérieur","Capacite":0,"Statut":"ouvert","Group_Sector_ID":938,"Group_Service_ID":32,"GlobalID":"{619137A0-4508-44AC-BF54-F0DC59C5E8B3}","Shape__Area":3150.2082133027479,"Shape__Length":396.36796563221014}},{"type":"Feature","id":678,"geometry":{"type":"Polygon","coordinates":[[[6.0815385476545778,46.178122224117239],[6.081690049870895,46.178004099114204],[6.0818415501353549,46.177885973893147],[6.0818930232428592,46.177910716666965],[6.08178280932745,46.178010281402798],[6.0818629535649595,46.178064424766923],[6.0817125548386182,46.178203282328042],[6.0815385476545778,46.178122224117239]]]},"properties":{"OBJECTID":678,"ID_Parking_Fondation":"E6300","Polygon_ID":59,"Code_Tarif":"390","Nom_Parking":"CO Vuillonnex","Type_Vehicule":"auto","Adresse_Rue":"Ch. de Sous-le-Clos","Adresse_No":"3","Adresse_NPA":1232,"Adresse_Localite":"Confignon","Type_Parking":"extérieur","Capacite":56,"Statut":"Ouvert","Group_Sector_ID":96,"Group_Service_ID":32,"GlobalID":"{A13BD325-FA80-4B57-808C-10B367C30EA7}","Shape__Area":387.11268872152203,"Shape__Length":98.099330806738934}},{"type":"Feature","id":680,"geometry":{"type":"Polygon","coordinates":[[[6.0614569876407467,46.17521327946308],[6.0614761742899939,46.17514230629768],[6.0617068445355402,46.175168306542062],[6.0616886307649755,46.175241328538412],[6.0614569876407467,46.17521327946308]]]},"properties":{"OBJECTID":680,"ID_Parking_Fondation":"F1095m","Polygon_ID":107,"Code_Tarif":"445","Nom_Parking":"P+R Vailly Moto","Type_Vehicule":"moto","Adresse_Rue":"Route de Chancy","Adresse_No":null,"Adresse_NPA":1223,"Adresse_Localite":"Bernex","Type_Parking":"extérieur","Capacite":null,"Statut":"ouvert","Group_Sector_ID":704,"Group_Service_ID":32,"GlobalID":"{41EF42F7-B367-4520-A21F-86C05240B6AF}","Shape__Area":147.21420000926622,"Shape__Length":52.471484396993155}},{"type":"Feature","id":683,"geometry":{"type":"Polygon","coordinates":[[[6.113262240656228,46.190765355993939],[6.1130671490713668,46.19108813163875],[6.1128451164064677,46.191025317689103],[6.1130541434869832,46.190703904571912],[6.113262240656228,46.190765355993939]]]},"properties":{"OBJECTID":683,"ID_Parking_Fondation":"D6230","Polygon_ID":100,"Code_Tarif":"437","Nom_Parking":"Pont-Butin 43","Type_Vehicule":"auto","Adresse_Rue":"Route du Pont-Butin","Adresse_No":"43","Adresse_NPA":1213,"Adresse_Localite":"Petit-Lancy","Type_Parking":"extérieur","Capacite":20,"Statut":"privé","Group_Sector_ID":629,"Group_Service_ID":32,"GlobalID":"{4642EEBF-A5EC-43E9-8C50-79AD54B91977}","Shape__Area":702.260313851104,"Shape__Length":114.08724696354255}},{"type":"Feature","id":685,"geometry":{"type":"Polygon","coordinates":[[[6.1151384595401899,46.185297131855982],[6.1154564689256192,46.185140887921143],[6.115562477933195,46.185059498864248],[6.1156192543007508,46.185083847368468],[6.1155474257078701,46.185141023807518],[6.1153947236756645,46.185226153848468],[6.1151797598462654,46.185332113217399],[6.1151384595401899,46.185297131855982]]]},"properties":{"OBJECTID":685,"ID_Parking_Fondation":"D6180op","Polygon_ID":46,"Code_Tarif":"250","Nom_Parking":"Collège De Saussure Public","Type_Vehicule":"auto","Adresse_Rue":"Vieux-Chemin d'Onex","Adresse_No":"9","Adresse_NPA":1213,"Adresse_Localite":"Petit-Lancy","Type_Parking":"extérieur","Capacite":98,"Statut":"Ouvert","Group_Sector_ID":1651,"Group_Service_ID":32,"GlobalID":"{2994D917-9600-4510-B8DB-94A4BF5FA60C}","Shape__Area":212.60931170743387,"Shape__Length":96.364851181316723}},{"type":"Feature","id":687,"geometry":{"type":"Polygon","coordinates":[[[6.1145452893576238,46.185666813976255],[6.1145220595086922,46.185719906235889],[6.113414315767705,46.185418133736533],[6.1134370834860157,46.185363791996096],[6.1145452893576238,46.185666813976255]]]},"properties":{"OBJECTID":687,"ID_Parking_Fondation":"D6180op","Polygon_ID":46,"Code_Tarif":"250","Nom_Parking":"Collège De Saussure Public","Type_Vehicule":"auto","Adresse_Rue":"Vieux-Chemin d'Onex","Adresse_No":"9","Adresse_NPA":1213,"Adresse_Localite":"Petit-Lancy","Type_Parking":"extérieur","Capacite":98,"Statut":"Ouvert","Group_Sector_ID":1651,"Group_Service_ID":32,"GlobalID":"{0F6451E6-8957-4970-86A6-863C46A76EB5}","Shape__Area":570.54388469725563,"Shape__Length":196.29201155068819}},{"type":"Feature","id":689,"geometry":{"type":"Polygon","coordinates":[[[6.1146994524517071,46.185573169564478],[6.1147794361149037,46.185506963837561],[6.1148741995040474,46.185441547813653],[6.1150131221626687,46.185358753380712],[6.1150570743222747,46.185392176161145],[6.1148771890548979,46.185506717589405],[6.1147601250020962,46.185604292999393],[6.1146994524517071,46.185573169564478]]]},"properties":{"OBJECTID":689,"ID_Parking_Fondation":"D6180op","Polygon_ID":46,"Code_Tarif":"250","Nom_Parking":"Collège De Saussure Public","Type_Vehicule":"auto","Adresse_Rue":"Vieux-Chemin d'Onex","Adresse_No":"9","Adresse_NPA":1213,"Adresse_Localite":"Petit-Lancy","Type_Parking":"extérieur","Capacite":98,"Statut":"Ouvert","Group_Sector_ID":1651,"Group_Service_ID":32,"GlobalID":"{74880059-7E15-43A9-98F9-E2A1241ACF57}","Shape__Area":183.40118268551439,"Shape__Length":77.875032201724622}},{"type":"Feature","id":693,"geometry":{"type":"Polygon","coordinates":[[[6.1308885415976153,46.170093350509433],[6.1303291198769942,46.170271781729241],[6.1302306884960212,46.170163830882082],[6.130759898885489,46.170000939940145],[6.1308885415976153,46.170093350509433]]]},"properties":{"OBJECTID":693,"ID_Parking_Fondation":"F1140","Polygon_ID":15,"Code_Tarif":"328","Nom_Parking":"La Chapelle","Type_Vehicule":"auto","Adresse_Rue":"Chemin de Compostelle","Adresse_No":"","Adresse_NPA":1212,"Adresse_Localite":"Lancy","Type_Parking":"NC","Capacite":96,"Statut":"Ouvert","Group_Sector_ID":235,"Group_Service_ID":32,"GlobalID":"{D27FEBC1-156A-4FEE-A347-7288E14ABB17}","Shape__Area":634.53613854882224,"Shape__Length":120.74292678628493}},{"type":"Feature","id":696,"geometry":{"type":"Polygon","coordinates":[[[6.1396055164670313,46.176044414761378],[6.1387813916658747,46.175299566917353],[6.1389802641181843,46.17516032027315],[6.1393748779628217,46.175503259889574],[6.1397951845366965,46.175947359198666],[6.1396055164670313,46.176044414761378]]]},"properties":{"OBJECTID":696,"ID_Parking_Fondation":"C3110","Polygon_ID":null,"Code_Tarif":"407","Nom_Parking":"Battelle INT","Type_Vehicule":"auto","Adresse_Rue":null,"Adresse_No":null,"Adresse_NPA":null,"Adresse_Localite":null,"Type_Parking":"intérieur","Capacite":null,"Statut":"privé","Group_Sector_ID":392,"Group_Service_ID":32,"GlobalID":"{75CDF3F2-6DEC-4040-9784-AE94B51DD941}","Shape__Area":2242.2058911308363,"Shape__Length":252.32126195098664}},{"type":"Feature","id":698,"geometry":{"type":"Polygon","coordinates":[[[6.2254634164450913,46.216988938080377],[6.2252726863568197,46.216776571051767],[6.2259821602986145,46.216663210099568],[6.2267522884073907,46.216532403810611],[6.2273249624115241,46.216417564345186],[6.2274280112560776,46.216398317283428],[6.2276759848656571,46.216966343436262],[6.2261749758238931,46.217220469907062],[6.2259838839070349,46.216878066686036],[6.2254634164450913,46.216988938080377]]]},"properties":{"OBJECTID":698,"ID_Parking_Fondation":"E6440","Polygon_ID":null,"Code_Tarif":"394","Nom_Parking":"OCD Champ-Dollon Gravier","Type_Vehicule":"auto","Adresse_Rue":null,"Adresse_No":null,"Adresse_NPA":null,"Adresse_Localite":null,"Type_Parking":"extérieur","Capacite":null,"Statut":"ouvert","Group_Sector_ID":1600,"Group_Service_ID":null,"GlobalID":"{2876F136-C3AE-48F8-B34B-2AB6C77073E5}","Shape__Area":8934.8774524293185,"Shape__Length":467.45023694368922}},{"type":"Feature","id":700,"geometry":{"type":"Polygon","coordinates":[[[6.1708397736479652,46.199500350502639],[6.17088243908937,46.19962343983547],[6.1706183416060245,46.199619149128047],[6.1706134702363657,46.199494250608353],[6.1708397736479652,46.199500350502639]]]},"properties":{"OBJECTID":700,"ID_Parking_Fondation":"C3120","Polygon_ID":150,"Code_Tarif":"527","Nom_Parking":"Rte de Chêne 54 Int. Autos Visites","Type_Vehicule":"auto","Adresse_Rue":"Rte de Chêne","Adresse_No":"54","Adresse_NPA":1208,"Adresse_Localite":"Genève","Type_Parking":"intérieur","Capacite":56,"Statut":"privé","Group_Sector_ID":904,"Group_Service_ID":32,"GlobalID":"{864C2414-5AD2-4BE3-A998-2C4D4E250EC3}","Shape__Area":259.83252826776902,"Shape__Length":65.837044005685755}},{"type":"Feature","id":703,"geometry":{"type":"Polygon","coordinates":[[[6.1713376273298222,46.199869345710908],[6.171468224776282,46.199845412134763],[6.1715062903925713,46.199977371648494],[6.171388587238936,46.199982444430468],[6.1713699132306177,46.199983431230507],[6.1713376273298222,46.199869345710908]]]},"properties":{"OBJECTID":703,"ID_Parking_Fondation":"C6121","Polygon_ID":172,"Code_Tarif":"418","Nom_Parking":"Chêne 54 ext.","Type_Vehicule":"auto","Adresse_Rue":"Route de chêne","Adresse_No":"54","Adresse_NPA":1208,"Adresse_Localite":"Genève","Type_Parking":"extérieur","Capacite":null,"Statut":"ouvert","Group_Sector_ID":1290,"Group_Service_ID":32,"GlobalID":"{C0E590AC-CB26-4DE9-B185-9098AAEB326E}","Shape__Area":145.35090933807822,"Shape__Length":48.860509000838626}},{"type":"Feature","id":713,"geometry":{"type":"Polygon","coordinates":[[[6.1746517579908762,46.18821611482629],[6.1745407602190072,46.188307241515801],[6.1741998954439481,46.188088066036869],[6.1743211649745291,46.188006723648478],[6.1746517579908762,46.18821611482629]]]},"properties":{"OBJECTID":713,"ID_Parking_Fondation":"D6120","Polygon_ID":41,"Code_Tarif":"377","Nom_Parking":"CMP les Pléiades","Type_Vehicule":"auto","Adresse_Rue":"Ch. J.-F. Dupuy","Adresse_No":"20","Adresse_NPA":1231,"Adresse_Localite":"Conches","Type_Parking":"extérieur","Capacite":30,"Statut":"Ouvert","Group_Sector_ID":415,"Group_Service_ID":32,"GlobalID":"{73B7B496-2B44-4F50-A139-E9D076B1B16D}","Shape__Area":462.07333033710268,"Shape__Length":96.694052343150759}},{"type":"Feature","id":717,"geometry":{"type":"Polygon","coordinates":[[[6.162453585233771,46.279136716831218],[6.1626143059655991,46.279364167004516],[6.1624810129781258,46.279415161511075],[6.1623016759601592,46.279183601612843],[6.162453585233771,46.279136716831218]]]},"properties":{"OBJECTID":717,"ID_Parking_Fondation":"E6240","Polygon_ID":90,"Code_Tarif":"426","Nom_Parking":"CO des Colombières","Type_Vehicule":null,"Adresse_Rue":"Chemin des Colombières","Adresse_No":"4","Adresse_NPA":1290,"Adresse_Localite":"Versoix","Type_Parking":null,"Capacite":7,"Statut":null,"Group_Sector_ID":69,"Group_Service_ID":32,"GlobalID":"{A041DBBF-3668-4C79-BAD6-92905F035951}","Shape__Area":351.72435731231297,"Shape__Length":81.924988668844591}},{"type":"Feature","id":719,"geometry":{"type":"Polygon","coordinates":[[[6.1272890006591503,46.225483833828186],[6.1271523530106551,46.225601648080669],[6.1267530274653845,46.225326780062346],[6.126952199023151,46.22527105338316],[6.1272890006591503,46.225483833828186]]]},"properties":{"OBJECTID":719,"ID_Parking_Fondation":"C6230","Polygon_ID":32,"Code_Tarif":"368","Nom_Parking":"CO Budé","Type_Vehicule":"auto","Adresse_Rue":"Ch. Briquet","Adresse_No":"4","Adresse_NPA":1209,"Adresse_Localite":"Genève","Type_Parking":"extérieur","Capacite":43,"Statut":"Ouvert","Group_Sector_ID":403,"Group_Service_ID":32,"GlobalID":"{C8025415-493A-45F4-A1F6-B3F67F07A2AE}","Shape__Area":625.06623447983361,"Shape__Length":111.91363805764243}},{"type":"Feature","id":721,"geometry":{"type":"Polygon","coordinates":[[[6.1273372071941319,46.224295681612936],[6.1269136528821475,46.224564084783616],[6.1268168295334551,46.224494594049816],[6.1272251928307915,46.224205133002634],[6.1273372071941319,46.224295681612936]]]},"properties":{"OBJECTID":721,"ID_Parking_Fondation":"C6230","Polygon_ID":32,"Code_Tarif":"368","Nom_Parking":"CO Budé","Type_Vehicule":"auto","Adresse_Rue":"Ch. Briquet","Adresse_No":"4","Adresse_NPA":1209,"Adresse_Localite":"Genève","Type_Parking":"extérieur","Capacite":43,"Statut":"Ouvert","Group_Sector_ID":403,"Group_Service_ID":32,"GlobalID":"{07F26960-592F-43C0-9BB6-92F37BE99399}","Shape__Area":535.30259202999673,"Shape__Length":113.30049710840555}},{"type":"Feature","id":723,"geometry":{"type":"Polygon","coordinates":[[[6.139774643554806,46.216901845512126],[6.1397705289003959,46.216997708991592],[6.1396897253032137,46.217000038494078],[6.1396916271173074,46.216900889989162],[6.139774643554806,46.216901845512126]]]},"properties":{"OBJECTID":723,"ID_Parking_Fondation":"C6190","Polygon_ID":86,"Code_Tarif":"422","Nom_Parking":"CMP Montbrillant","Type_Vehicule":"auto","Adresse_Rue":"Chemin De-Vincy","Adresse_No":"2b","Adresse_NPA":1202,"Adresse_Localite":"Genève","Type_Parking":"extérieur","Capacite":15,"Statut":"ouvert","Group_Sector_ID":452,"Group_Service_ID":32,"GlobalID":"{ECCA28F0-F74C-4FC1-819A-2956A758D2A1}","Shape__Area":68.49455742629118,"Shape__Length":34.33201394665609}},{"type":"Feature","id":725,"geometry":{"type":"Polygon","coordinates":[[[6.1395730955429446,46.217250035376949],[6.1394995382482795,46.217295968591294],[6.1393926084335959,46.217225420483288],[6.13947453611872,46.217179527920884],[6.1395730955429446,46.217250035376949]]]},"properties":{"OBJECTID":725,"ID_Parking_Fondation":"C6190","Polygon_ID":86,"Code_Tarif":"422","Nom_Parking":"CMP Montbrillant","Type_Vehicule":"auto","Adresse_Rue":"Chemin De-Vincy","Adresse_No":"2b","Adresse_NPA":1202,"Adresse_Localite":"Genève","Type_Parking":"extérieur","Capacite":15,"Statut":"ouvert","Group_Sector_ID":452,"Group_Service_ID":32,"GlobalID":"{3C1330EF-C5EE-4D2B-B72B-E1508078FFF6}","Shape__Area":87.500614952925901,"Shape__Length":38.063859456516262}},{"type":"Feature","id":727,"geometry":{"type":"Polygon","coordinates":[[[6.1393356484757282,46.21706469465331],[6.1394288482585866,46.217038262524802],[6.1394464821851074,46.217069853723636],[6.1393488248373655,46.217096353303937],[6.1393356484757282,46.21706469465331]]]},"properties":{"OBJECTID":727,"ID_Parking_Fondation":"C6190","Polygon_ID":86,"Code_Tarif":"422","Nom_Parking":"CMP Montbrillant","Type_Vehicule":"auto","Adresse_Rue":"Chemin De-Vincy","Adresse_No":"2b","Adresse_NPA":1202,"Adresse_Localite":"Genève","Type_Parking":"extérieur","Capacite":15,"Statut":"ouvert","Group_Sector_ID":452,"Group_Service_ID":32,"GlobalID":"{5DCE4AB8-BD5D-42C9-8812-421A32D0BA53}","Shape__Area":29.38595735174173,"Shape__Length":23.289752391358213}},{"type":"Feature","id":729,"geometry":{"type":"Polygon","coordinates":[[[6.1048035726374597,46.22640218562217],[6.1049268175154987,46.226319545121783],[6.1055660004527077,46.225864349735261],[6.1056439939680764,46.225936281693784],[6.1048369481519158,46.226482471724154],[6.1048035726374597,46.22640218562217]]]},"properties":{"OBJECTID":729,"ID_Parking_Fondation":"D6240","Polygon_ID":51,"Code_Tarif":"298","Nom_Parking":"Centre sportif Cointrin","Type_Vehicule":"auto","Adresse_Rue":"Av. Louis-Casaï","Adresse_No":"81","Adresse_NPA":1216,"Adresse_Localite":"Meyrin","Type_Parking":"extérieur","Capacite":80,"Statut":"Ouvert","Group_Sector_ID":162,"Group_Service_ID":32,"GlobalID":"{DADAEEF1-3142-466B-B4CE-1A4C7A1588F8}","Shape__Area":757.0653662044856,"Shape__Length":190.14615576781665}},{"type":"Feature","id":733,"geometry":{"type":"Polygon","coordinates":[[[6.1431656373261232,46.221174418479777],[6.1432238065427072,46.221366050346703],[6.1431528538424161,46.221370022233991],[6.1430938834354336,46.221172803990854],[6.1431656373261232,46.221174418479777]]]},"properties":{"OBJECTID":733,"ID_Parking_Fondation":"C6300","Polygon_ID":96,"Code_Tarif":"436","Nom_Parking":"CO Sismondi","Type_Vehicule":"auto","Adresse_Rue":"Avenue Eugène -Rigot","Adresse_No":"3","Adresse_NPA":1201,"Adresse_Localite":"Genève","Type_Parking":"extérieur","Capacite":12,"Statut":"privé","Group_Sector_ID":619,"Group_Service_ID":32,"GlobalID":"{0462166F-3E12-4437-8418-3E1141E2859E}","Shape__Area":119.58802493968504,"Shape__Length":55.193598347191866}},{"type":"Feature","id":737,"geometry":{"type":"Polygon","coordinates":[[[6.1397325211323617,46.214315310258925],[6.140091121682401,46.214244537799743],[6.1401337271762841,46.214414561836783],[6.139748282505507,46.214452128509549],[6.1397325211323617,46.214315310258925]]]},"properties":{"OBJECTID":737,"ID_Parking_Fondation":"B6130","Polygon_ID":92,"Code_Tarif":"428","Nom_Parking":"CO Montbrillant","Type_Vehicule":"auto","Adresse_Rue":"Rue de Montbrillant","Adresse_No":"29","Adresse_NPA":1201,"Adresse_Localite":"Genève","Type_Parking":"extérieur","Capacite":10,"Statut":"privé","Group_Sector_ID":480,"Group_Service_ID":32,"GlobalID":"{CCFC0482-4CBF-4758-A252-785D2BF01DDB}","Shape__Area":503.20001980808797,"Shape__Length":93.249316024370557}},{"type":"Feature","id":743,"geometry":{"type":"Polygon","coordinates":[[[6.1170987500745397,46.220328127193447],[6.117175062801592,46.220391431280007],[6.1170505884257995,46.220520122713424],[6.1169636865249108,46.220471408944753],[6.1170987500745397,46.220328127193447]]]},"properties":{"OBJECTID":743,"ID_Parking_Fondation":"C6250pp","Polygon_ID":34,"Code_Tarif":"370","Nom_Parking":"CO des Coudriers Privé","Type_Vehicule":"auto","Adresse_Rue":"Av. de Joli-Mont","Adresse_No":"15a","Adresse_NPA":1209,"Adresse_Localite":"Genève","Type_Parking":"extérieur","Capacite":90,"Statut":"Ouvert","Group_Sector_ID":407,"Group_Service_ID":32,"GlobalID":"{CE709910-2420-4DC4-A473-ADF1C7AAFEA7}","Shape__Area":157.53613481350311,"Shape__Length":54.060631469910618}},{"type":"Feature","id":745,"geometry":{"type":"Polygon","coordinates":[[[6.1162478535794644,46.220815440776484],[6.1164784494341067,46.22094697432766],[6.1163358763689688,46.221048742116913],[6.1161249700412004,46.220922986485853],[6.1162478535794644,46.220815440776484]]]},"properties":{"OBJECTID":745,"ID_Parking_Fondation":"C6250pp","Polygon_ID":34,"Code_Tarif":"370","Nom_Parking":"CO des Coudriers Privé","Type_Vehicule":"auto","Adresse_Rue":"Av. de Joli-Mont","Adresse_No":"15a","Adresse_NPA":1209,"Adresse_Localite":"Genève","Type_Parking":"extérieur","Capacite":90,"Statut":"Ouvert","Group_Sector_ID":407,"Group_Service_ID":32,"GlobalID":"{F706C05A-9318-4EBF-ADC8-5CE64E4BB48E}","Shape__Area":344.6315939390804,"Shape__Length":75.52311886611183}},{"type":"Feature","id":747,"geometry":{"type":"Polygon","coordinates":[[[6.1153462225970889,46.220793723657586],[6.1154433929544503,46.220724252653717],[6.1159787041407618,46.221021639919151],[6.1158985885649075,46.22108697476839],[6.1153462225970889,46.220793723657586]]]},"properties":{"OBJECTID":747,"ID_Parking_Fondation":"C6250pp","Polygon_ID":34,"Code_Tarif":"370","Nom_Parking":"CO des Coudriers Privé","Type_Vehicule":"auto","Adresse_Rue":"Av. de Joli-Mont","Adresse_No":"15a","Adresse_NPA":1209,"Adresse_Localite":"Genève","Type_Parking":"extérieur","Capacite":90,"Statut":"Ouvert","Group_Sector_ID":407,"Group_Service_ID":32,"GlobalID":"{07E346D7-A69D-40EA-8495-A29B530E955C}","Shape__Area":538.97072144353046,"Shape__Length":126.86618608824666}},{"type":"Feature","id":749,"geometry":{"type":"Polygon","coordinates":[[[6.0628491547689194,46.216541020263925],[6.0630269888771808,46.216694844135219],[6.0629268125699456,46.21675075391714],[6.0628072952014609,46.216757866542189],[6.0628068754207582,46.216757860524822],[6.0626785208671974,46.216644102211291],[6.0628491547689194,46.216541020263925]]]},"properties":{"OBJECTID":749,"ID_Parking_Fondation":"E6360","Polygon_ID":62,"Code_Tarif":"404","Nom_Parking":"OCD La Clairière","Type_Vehicule":"auto","Adresse_Rue":"Rte de Satigny","Adresse_No":"27","Adresse_NPA":1214,"Adresse_Localite":"Vernier","Type_Parking":"extérieur","Capacite":14,"Statut":"Ouvert","Group_Sector_ID":114,"Group_Service_ID":32,"GlobalID":"{DC9065AB-A50B-49B8-B710-B21CBD139B05}","Shape__Area":359.02263832364184,"Shape__Length":74.652087437254195}},{"type":"Feature","id":753,"geometry":{"type":"Polygon","coordinates":[[[6.1181251779745116,46.172851313385578],[6.1179141480401098,46.173014756597134],[6.1175454658618404,46.17280544232927],[6.1176070497953861,46.172755712117947],[6.1178894715776773,46.172931495782507],[6.1180428345639477,46.172805695800193],[6.1181251779745116,46.172851313385578]]]},"properties":{"OBJECTID":753,"ID_Parking_Fondation":"E6290","Polygon_ID":58,"Code_Tarif":"389","Nom_Parking":"CO Voirets","Type_Vehicule":"auto","Adresse_Rue":"Ch. des Voirets","Adresse_No":"22","Adresse_NPA":1228,"Adresse_Localite":"Plan-Les-Ouates","Type_Parking":"extérieur","Capacite":43,"Statut":"Ouvert","Group_Sector_ID":429,"Group_Service_ID":32,"GlobalID":"{F5FD778C-5DD3-446F-A00A-1872357B9533}","Shape__Area":383.5914937553668,"Shape__Length":124.21635785095943}},{"type":"Feature","id":757,"geometry":{"type":"Polygon","coordinates":[[[6.1178609771518691,46.173019322296625],[6.1179225640562329,46.173055329365155],[6.1176898520024086,46.173255073379622],[6.1176307767308149,46.173220534207729],[6.1178609771518691,46.173019322296625]]]},"properties":{"OBJECTID":757,"ID_Parking_Fondation":"E6290","Polygon_ID":58,"Code_Tarif":"389","Nom_Parking":"CO Voirets","Type_Vehicule":"auto","Adresse_Rue":"Ch. des Voirets","Adresse_No":"22","Adresse_NPA":1228,"Adresse_Localite":"Plan-Les-Ouates","Type_Parking":"extérieur","Capacite":43,"Statut":"Ouvert","Group_Sector_ID":429,"Group_Service_ID":32,"GlobalID":"{574DF708-C8F3-4F8F-A6EF-2F5DE5A852D3}","Shape__Area":173.92965268730848,"Shape__Length":69.318317393098297}},{"type":"Feature","id":761,"geometry":{"type":"Polygon","coordinates":[[[6.1244853255670959,46.213018081837433],[6.1247201173530605,46.213283763877165],[6.1246330533911397,46.213314849123336],[6.1244062483184516,46.213053540628181],[6.1244853255670959,46.213018081837433]]]},"properties":{"OBJECTID":761,"ID_Parking_Fondation":"C6310","Polygon_ID":109,"Code_Tarif":"472","Nom_Parking":"Av. Ernest-Pictet 28-30","Type_Vehicule":"auto","Adresse_Rue":"Avenue Ernest-Pictet","Adresse_No":"28-30","Adresse_NPA":1203,"Adresse_Localite":"Genève","Type_Parking":"extérieur","Capacite":24,"Statut":"privé","Group_Sector_ID":709,"Group_Service_ID":32,"GlobalID":"{FB3ECD8A-C24D-417C-A6F0-AD0680023DFE}","Shape__Area":253.65877990503901,"Shape__Length":83.384316385547436}},{"type":"Feature","id":763,"geometry":{"type":"Polygon","coordinates":[[[6.1359703597114565,46.206936320408452],[6.1356801712935596,46.207013690267217],[6.1355423701094072,46.20679110301473],[6.1358805227610063,46.206717516312075],[6.1359703597114565,46.206936320408452]]]},"properties":{"OBJECTID":763,"ID_Parking_Fondation":"B6150","Polygon_ID":79,"Code_Tarif":"415","Nom_Parking":"Encyclopédie 5","Type_Vehicule":"auto","Adresse_Rue":"Rue de l'Encyclopédie","Adresse_No":"5","Adresse_NPA":1201,"Adresse_Localite":"Genève","Type_Parking":"extérieur","Capacite":22,"Statut":"privé","Group_Sector_ID":435,"Group_Service_ID":32,"GlobalID":"{3D382BB7-BCD3-40E6-AD8F-5FECD07394A8}","Shape__Area":668.60320667860185,"Shape__Length":103.56805623018596}},{"type":"Feature","id":764,"geometry":{"type":"Polygon","coordinates":[[[6.1921889779483061,46.190483869871301],[6.192276858398432,46.190060922207273],[6.1935051548159175,46.190173461489465],[6.1934187041955084,46.190589419139961],[6.1921889779483061,46.190483869871301]]]},"properties":{"OBJECTID":764,"ID_Parking_Fondation":"F3210","Polygon_ID":181,"Code_Tarif":"573","Nom_Parking":"P+R Sous Moulins rechrage électrique","Type_Vehicule":"auto","Adresse_Rue":"route Blanche","Adresse_No":"9","Adresse_NPA":1226,"Adresse_Localite":"Thônex","Type_Parking":"extérieur","Capacite":10,"Statut":"ouvert","Group_Sector_ID":1612,"Group_Service_ID":32,"GlobalID":"{EF420ABE-0981-4B01-98C1-59266447AF74}","Shape__Area":4505.9518053267057,"Shape__Length":285.53813918143982}},{"type":"Feature","id":769,"geometry":{"type":"Polygon","coordinates":[[[6.1280799643240957,46.186758519108515],[6.1281088207959717,46.1865912772572],[6.1283948136485131,46.186612429051991],[6.1283558307248605,46.186774354944482],[6.1280799643240957,46.186758519108515]]]},"properties":{"OBJECTID":769,"ID_Parking_Fondation":"F3120m","Polygon_ID":127,"Code_Tarif":"567","Nom_Parking":"Etoile Motos","Type_Vehicule":"moto","Adresse_Rue":"Carrefour de l'étoile","Adresse_No":"1","Adresse_NPA":1227,"Adresse_Localite":"Carouge","Type_Parking":"extérieur","Capacite":51,"Statut":"ouvert","Group_Sector_ID":801,"Group_Service_ID":32,"GlobalID":"{F5BAE672-ED23-46B0-A7E5-A2FD67F410D9}","Shape__Area":402.23476467283103,"Shape__Length":80.553502369363599}},{"type":"Feature","id":773,"geometry":{"type":"Polygon","coordinates":[[[6.128061972996325,46.186946364042093],[6.1280514199379912,46.18702497376453],[6.1279734325791582,46.187017876796261],[6.1279865443819874,46.186941889706461],[6.128061972996325,46.186946364042093]]]},"properties":{"OBJECTID":773,"ID_Parking_Fondation":"F3120m","Polygon_ID":127,"Code_Tarif":"567","Nom_Parking":"Etoile Motos","Type_Vehicule":"moto","Adresse_Rue":"Carrefour de l'étoile","Adresse_No":"1","Adresse_NPA":1227,"Adresse_Localite":"Carouge","Type_Parking":"extérieur","Capacite":51,"Statut":"ouvert","Group_Sector_ID":801,"Group_Service_ID":32,"GlobalID":"{266A9230-1E17-4285-BFB0-66636AE89B37}","Shape__Area":51.47974429739341,"Shape__Length":29.201995412360112}},{"type":"Feature","id":775,"geometry":{"type":"Polygon","coordinates":[[[6.1279226000816127,46.187159394953881],[6.1280009204374153,46.187165259657121],[6.1279641376322775,46.187427919065385],[6.1278771706776531,46.187422683500508],[6.1279226000816127,46.187159394953881]]]},"properties":{"OBJECTID":775,"ID_Parking_Fondation":"F3120m","Polygon_ID":127,"Code_Tarif":"567","Nom_Parking":"Etoile Motos","Type_Vehicule":"moto","Adresse_Rue":"Carrefour de l'étoile","Adresse_No":"1","Adresse_NPA":1227,"Adresse_Localite":"Carouge","Type_Parking":"extérieur","Capacite":51,"Statut":"ouvert","Group_Sector_ID":801,"Group_Service_ID":32,"GlobalID":"{80037111-3B98-41E0-BA7F-761E2B3207DD}","Shape__Area":188.49282421656557,"Shape__Length":71.63636456927226}},{"type":"Feature","id":781,"geometry":{"type":"Polygon","coordinates":[[[6.1393472823476172,46.200608242090276],[6.1394675112937911,46.200578680279335],[6.1394799946817278,46.200601865832219],[6.1393649258996668,46.200634757435544],[6.1393472823476172,46.200608242090276]]]},"properties":{"OBJECTID":781,"ID_Parking_Fondation":"B6180","Polygon_ID":134,"Code_Tarif":"487","Nom_Parking":"Savoises 3","Type_Vehicule":"auto","Adresse_Rue":"Rue des Savoises","Adresse_No":"3","Adresse_NPA":1205,"Adresse_Localite":"Genève","Type_Parking":"extérieur","Capacite":4,"Statut":"privé","Group_Sector_ID":794,"Group_Service_ID":32,"GlobalID":"{E5779A28-10CF-45CA-ABE9-5EA2C0F990CA}","Shape__Area":29.123524309051938,"Shape__Length":25.449121920341916}},{"type":"Feature","id":783,"geometry":{"type":"Polygon","coordinates":[[[6.1396181601276902,46.20064227277625],[6.1395109007635975,46.200669020542271],[6.1394973309861012,46.20064862589669],[6.1396057698022881,46.200617629024165],[6.1396181601276902,46.20064227277625]]]},"properties":{"OBJECTID":783,"ID_Parking_Fondation":"B6180","Polygon_ID":134,"Code_Tarif":"487","Nom_Parking":"Savoises 3","Type_Vehicule":"auto","Adresse_Rue":"Rue des Savoises","Adresse_No":"3","Adresse_NPA":1205,"Adresse_Localite":"Genève","Type_Parking":"extérieur","Capacite":4,"Statut":"privé","Group_Sector_ID":794,"Group_Service_ID":32,"GlobalID":"{6575F671-B354-4BDF-8D92-5872AC373A73}","Shape__Area":24.055904975779868,"Shape__Length":23.248115532321933}},{"type":"Feature","id":787,"geometry":{"type":"Polygon","coordinates":[[[6.1288905719524696,46.187461144335266],[6.1295698529839555,46.187506462663194],[6.1296813250561462,46.18767903030318],[6.1294176274175634,46.187691630508027],[6.1294147256858622,46.187694325570007],[6.1293416366482445,46.187653626505458],[6.1292901650986646,46.187684349725558],[6.1288906402480885,46.187480046610901],[6.1288905719524696,46.187461144335266]]]},"properties":{"OBJECTID":787,"ID_Parking_Fondation":"C6110","Polygon_ID":141,"Code_Tarif":"496","Nom_Parking":"Rte des Acacias 78-82","Type_Vehicule":"auto","Adresse_Rue":"Rte des Acacias","Adresse_No":"78-82","Adresse_NPA":1227,"Adresse_Localite":"Carouge","Type_Parking":"extérieur","Capacite":46,"Statut":"privé","Group_Sector_ID":877,"Group_Service_ID":32,"GlobalID":"{E144EE90-518E-48C7-B101-A3A3514C51B4}","Shape__Area":895.59670524282308,"Shape__Length":147.37523818247379}},{"type":"Feature","id":789,"geometry":{"type":"Polygon","coordinates":[[[6.0948441139842391,46.196114862237359],[6.0944854586824908,46.196107103897866],[6.0944773283368958,46.196209213855091],[6.0942109810585068,46.196209933775542],[6.0942065004704302,46.196107673537362],[6.0944519099162235,46.195989896209554],[6.094542675729504,46.195947174395343],[6.0946435227059768,46.195950322863247],[6.094647950318195,46.195998071893712],[6.0946915357196563,46.195992751257045],[6.0947048193279008,46.195986302172003],[6.0948441139842391,46.196114862237359]]]},"properties":{"OBJECTID":789,"ID_Parking_Fondation":"E6280","Polygon_ID":101,"Code_Tarif":"438","Nom_Parking":"CO du Renard","Type_Vehicule":"auto","Adresse_Rue":"Chemin du Lézard","Adresse_No":"24","Adresse_NPA":1219,"Adresse_Localite":"Aïre","Type_Parking":"extérieur","Capacite":39,"Statut":"privé","Group_Sector_ID":632,"Group_Service_ID":32,"GlobalID":"{1857E162-F50E-40B3-B403-B145AD1089FC}","Shape__Area":747.29405693507306,"Shape__Length":138.1607611938154}},{"type":"Feature","id":799,"geometry":{"type":"Polygon","coordinates":[[[6.1519773733661518,46.182745279962916],[6.1521835274617782,46.182711475400033],[6.1524092935577945,46.182678347579404],[6.1525924678982529,46.182700336564352],[6.1526783756813854,46.182809009692171],[6.152731677737183,46.182942477736319],[6.1527496291380279,46.183002968189975],[6.1526176869130982,46.18302370471131],[6.1525594140243403,46.18288666757325],[6.1524656203940689,46.182790780643032],[6.1523703034412129,46.182794961188968],[6.1520497152632716,46.182905533129706],[6.1519707787078133,46.182871173469223],[6.1519438375029081,46.182834578390001],[6.1519773733661518,46.182745279962916]]]},"properties":{"OBJECTID":799,"ID_Parking_Fondation":"C6395","Polygon_ID":39,"Code_Tarif":"376","Nom_Parking":"OCV Veyrier privé","Type_Vehicule":"auto","Adresse_Rue":"Rt de Veyrier","Adresse_No":"86","Adresse_NPA":1227,"Adresse_Localite":"Carouge","Type_Parking":"extérieur","Capacite":39,"Statut":"privé","Group_Sector_ID":437,"Group_Service_ID":32,"GlobalID":"{CED0BC7E-DA41-46B2-9E47-973738659179}","Shape__Area":1034.379053576127,"Shape__Length":180.82260204859296}},{"type":"Feature","id":802,"geometry":{"type":"Polygon","coordinates":[[[6.1698358068365975,46.20787647109254],[6.1699817646777415,46.207762699837403],[6.1714576316977858,46.208630946083211],[6.171301602512612,46.20868490979182],[6.1698358068365975,46.20787647109254]]]},"properties":{"OBJECTID":802,"ID_Parking_Fondation":"N/A","Polygon_ID":187,"Code_Tarif":"671","Nom_Parking":"Parc des Eaux-Vives","Type_Vehicule":"auto","Adresse_Rue":"Parc des Eaux-Vives","Adresse_No":"1","Adresse_NPA":1207,"Adresse_Localite":"Genève","Type_Parking":"extérieur","Capacite":10,"Statut":"ouvert","Group_Sector_ID":1627,"Group_Service_ID":32,"GlobalID":"{5BD27977-E042-4D3B-88AF-F1638E09EAFC}","Shape__Area":2144.3887207899552,"Shape__Length":324.17189100380142}},{"type":"Feature","id":804,"geometry":{"type":"Polygon","coordinates":[[[6.1235902538762073,46.171920587384058],[6.1236058515749221,46.171859999154357],[6.1237397846831758,46.17188090521482],[6.1237235961497793,46.171941083512415],[6.1235902538762073,46.171920587384058]]]},"properties":{"OBJECTID":804,"ID_Parking_Fondation":"D6182op","Polygon_ID":47,"Code_Tarif":"296","Nom_Parking":"Communes-Réunies 94 Public","Type_Vehicule":"auto","Adresse_Rue":"Av. Comm. Réun.","Adresse_No":"94","Adresse_NPA":1212,"Adresse_Localite":"Grand-Lancy","Type_Parking":"extérieur","Capacite":15,"Statut":"Ouvert","Group_Sector_ID":1654,"Group_Service_ID":32,"GlobalID":"{92557E62-0149-46DB-BFE2-C39D9CC7AFD9}","Shape__Area":72.104335240181086,"Shape__Length":34.796563916747324}},{"type":"Feature","id":807,"geometry":{"type":"Polygon","coordinates":[[[6.1154912270251724,46.18503922704658],[6.115541783205102,46.185067571004033],[6.1154732491747437,46.185117744191409],[6.1153716069981048,46.185172054324482],[6.1152648296853904,46.185223286562881],[6.1151679408906672,46.185278557377622],[6.1150922743975729,46.185318391106669],[6.115021920113624,46.185354063995582],[6.1149504141595763,46.185329998461242],[6.1149150489441872,46.18533772736852],[6.1148461187387628,46.185421981103659],[6.1146978748342891,46.185392490158115],[6.1147660307985285,46.185286508962903],[6.1146901170108032,46.185265106779411],[6.1147239260481552,46.185214224150236],[6.1148212842591239,46.185246737248583],[6.114918620551169,46.185280155989851],[6.1149422114889038,46.185256602840248],[6.114980067837509,46.185200036628181],[6.1150649840532187,46.185154881910499],[6.1151923139737114,46.185097857727897],[6.1153457150396742,46.185022437494375],[6.1154912270251724,46.18503922704658]]]},"properties":{"OBJECTID":807,"ID_Parking_Fondation":"D6180pp","Polygon_ID":46,"Code_Tarif":"250","Nom_Parking":"Collège De Saussure Privé","Type_Vehicule":"auto","Adresse_Rue":"Vieux-Chemin d'Onex","Adresse_No":"9","Adresse_NPA":1213,"Adresse_Localite":"Petit-Lancy","Type_Parking":"extérieur","Capacite":40,"Statut":"privé","Group_Sector_ID":100,"Group_Service_ID":32,"GlobalID":"{190454F7-E289-4DD5-AB87-4979B331E70B}","Shape__Area":983.8196489340794,"Shape__Length":186.20416711365542}},{"type":"Feature","id":809,"geometry":{"type":"Polygon","coordinates":[[[6.1290006361216811,46.196154472800501],[6.1292742500010204,46.19638978582158],[6.1291124071345697,46.196468884266743],[6.1288678574895608,46.196231681587726],[6.1290006361216811,46.196154472800501]]]},"properties":{"OBJECTID":809,"ID_Parking_Fondation":"C6330op","Polygon_ID":111,"Code_Tarif":"474","Nom_Parking":"NHP Gravière 5 Privé 2","Type_Vehicule":"auto","Adresse_Rue":"Chemin de la Gravière","Adresse_No":"5","Adresse_NPA":1227,"Adresse_Localite":"Genève","Type_Parking":"extérieur","Capacite":115,"Statut":"ouvert","Group_Sector_ID":714,"Group_Service_ID":32,"GlobalID":"{4A755DBE-6BFA-491D-8DF2-97111AF90ADB}","Shape__Area":472.4265134114504,"Shape__Length":94.698197057925171}},{"type":"Feature","id":814,"geometry":{"type":"Polygon","coordinates":[[[6.1333165718351541,46.205239950559616],[6.1332677635366446,46.205430250441523],[6.132518285498672,46.205330875812415],[6.1325696055676024,46.205149779391249],[6.1333165718351541,46.205239950559616]]]},"properties":{"OBJECTID":814,"ID_Parking_Fondation":"C6150","Polygon_ID":30,"Code_Tarif":"366","Nom_Parking":"EC Nicolas Bouvier","Type_Vehicule":"auto","Adresse_Rue":"Rue de Saint-Jean","Adresse_No":"60","Adresse_NPA":1203,"Adresse_Localite":"Genève","Type_Parking":"extérieur","Capacite":38,"Statut":"Ouvert","Group_Sector_ID":398,"Group_Service_ID":32,"GlobalID":"{F42B07E7-14AE-4BF4-9E5A-54DD4E7C2B77}","Shape__Area":1232.862153646254,"Shape__Length":159.41609413171204}},{"type":"Feature","id":824,"geometry":{"type":"Polygon","coordinates":[[[6.1379859636789673,46.203196014240945],[6.1380438425457777,46.202784266346441],[6.1390220242846798,46.202884203343736],[6.1389576498787743,46.20327391374822],[6.1379859636789673,46.203196014240945]]]},"properties":{"OBJECTID":824,"ID_Parking_Fondation":"T3310m","Polygon_ID":183,"Code_Tarif":"530","Nom_Parking":"Square du Stand Motos","Type_Vehicule":"moto","Adresse_Rue":"Rue du Stand","Adresse_No":"42","Adresse_NPA":1204,"Adresse_Localite":"Genève","Type_Parking":"extérieur","Capacite":44,"Statut":"ouvert","Group_Sector_ID":1637,"Group_Service_ID":32,"GlobalID":"{F70073E5-0234-4D36-951F-186B09B51249}","Shape__Area":3398.8961353319842,"Shape__Length":241.41079667217929}},{"type":"Feature","id":830,"geometry":{"type":"Polygon","coordinates":[[[6.0666119158640051,46.231095197924368],[6.0667879553773938,46.230765259361974],[6.0673662082968933,46.230902512287386],[6.0671810182403041,46.231223386736474],[6.0666119158640051,46.231095197924368]]]},"properties":{"OBJECTID":830,"ID_Parking_Fondation":"T3290e","Polygon_ID":220,"Code_Tarif":"728","Nom_Parking":"Sports recharge électrique","Type_Vehicule":"auto","Adresse_Rue":null,"Adresse_No":null,"Adresse_NPA":null,"Adresse_Localite":null,"Type_Parking":null,"Capacite":null,"Statut":null,"Group_Sector_ID":1920,"Group_Service_ID":null,"GlobalID":"{1A055FDE-91D4-4836-97C2-D5D1F03DC0EB}","Shape__Area":1806.5443458286732,"Shape__Length":170.84287701189601}},{"type":"Feature","id":843,"geometry":{"type":"Polygon","coordinates":[[[6.1463194734855557,46.210025923525166],[6.1461965625556205,46.20984409786552],[6.1466533055852759,46.209715846304299],[6.1467384472567126,46.209910224137921],[6.1463194734855557,46.210025923525166]]]},"properties":{"OBJECTID":843,"ID_Parking_Fondation":"F3270m","Polygon_ID":null,"Code_Tarif":"577","Nom_Parking":"Alpes Moto","Type_Vehicule":"moto","Adresse_Rue":null,"Adresse_No":null,"Adresse_NPA":null,"Adresse_Localite":null,"Type_Parking":"intérieur","Capacite":10,"Statut":null,"Group_Sector_ID":1667,"Group_Service_ID":32,"GlobalID":"{40286D44-0822-4A66-ACD1-405C21347538}","Shape__Area":815.47655146591296,"Shape__Length":117.73624636968839}},{"type":"Feature","id":896,"geometry":{"type":"Polygon","coordinates":[[[6.1279837421374976,46.18740962236199],[6.1281348315706943,46.186506678900962],[6.1283649090775159,46.18652782164137],[6.128189551246769,46.187430151420784],[6.1279837421374976,46.18740962236199]]]},"properties":{"OBJECTID":896,"ID_Parking_Fondation":"F3120","Polygon_ID":173,"Code_Tarif":"570","Nom_Parking":"P+R Etoile","Type_Vehicule":"auto","Adresse_Rue":"Carrefour de l'Etoile","Adresse_No":"1","Adresse_NPA":1227,"Adresse_Localite":"Carouge","Type_Parking":"intérieur","Capacite":0,"Statut":"ouvert","Group_Sector_ID":999066,"Group_Service_ID":0,"GlobalID":"{8AF604AE-6CB0-4DE0-87A3-965D7A45D466}","Shape__Area":1717.6727492925017,"Shape__Length":236.24177946494456}},{"type":"Feature","id":897,"geometry":{"type":"Polygon","coordinates":[[[6.1435566435825644,46.210766039793711],[6.1422682667551234,46.209665539480305],[6.14288673507974,46.209288617224068],[6.1441398930221602,46.210362629965338],[6.1435566435825644,46.210766039793711]]]},"properties":{"OBJECTID":897,"ID_Parking_Fondation":"T3130","Polygon_ID":188,"Code_Tarif":"647","Nom_Parking":"Cornavin recharge électrique","Type_Vehicule":"auto","Adresse_Rue":"Place de cornavin","Adresse_No":"7","Adresse_NPA":1201,"Adresse_Localite":"Genève","Type_Parking":"intérieur","Capacite":10,"Statut":"ouvert","Group_Sector_ID":1657,"Group_Service_ID":32,"GlobalID":"{8A407BDE-E8CB-4571-8D09-CD92324720EE}","Shape__Area":9858.5448479424558,"Shape__Length":438.35267140196527}},{"type":"Feature","id":898,"geometry":{"type":"Polygon","coordinates":[[[6.1308479344850157,46.20573027997041],[6.1301964664692896,46.205682051152628],[6.129526449447896,46.20567427903508],[6.1289083412825098,46.205700459580633],[6.1285489851846355,46.205734522341203],[6.1284580811247551,46.205568324919071],[6.1292767449862104,46.205533898691705],[6.1302243121047626,46.205547332163668],[6.130869123593147,46.205580027087244],[6.1308479344850157,46.20573027997041]]]},"properties":{"OBJECTID":898,"ID_Parking_Fondation":"F3250","Polygon_ID":189,"Code_Tarif":"569","Nom_Parking":"Tilleuls","Type_Vehicule":"auto","Adresse_Rue":"Avenue des tilleuls","Adresse_No":"6","Adresse_NPA":1203,"Adresse_Localite":"Genève","Type_Parking":"intérieur","Capacite":10,"Statut":"ouvert","Group_Sector_ID":678,"Group_Service_ID":32,"GlobalID":"{AF01CB05-DAD3-400C-926A-398F3C9072F5}","Shape__Area":2945.6791142034062,"Shape__Length":400.97807732028792}},{"type":"Feature","id":899,"geometry":{"type":"Polygon","coordinates":[[[6.1308272422036412,46.205713770209208],[6.1302553856766364,46.205668092035054],[6.129689640588694,46.205660715798835],[6.1291317015878368,46.205669698144931],[6.128576454192328,46.205712876361886],[6.1284784452449905,46.205549850623775],[6.1292948045110478,46.205513770875719],[6.1298149060338671,46.205518992106093],[6.1308557120642106,46.20555302591881],[6.1308272422036412,46.205713770209208]]]},"properties":{"OBJECTID":899,"ID_Parking_Fondation":"F3250","Polygon_ID":190,"Code_Tarif":"576","Nom_Parking":"Tilleuls place électrique","Type_Vehicule":"auto","Adresse_Rue":"Avenue des tilleuls","Adresse_No":"6","Adresse_NPA":1203,"Adresse_Localite":"Genève","Type_Parking":"intérieur","Capacite":10,"Statut":"ouvert","Group_Sector_ID":1658,"Group_Service_ID":32,"GlobalID":"{A35E2869-C0A2-4113-B07B-BD905B1CECAB}","Shape__Area":2962.5908484483793,"Shape__Length":395.64785978321805}},{"type":"Feature","id":901,"geometry":{"type":"Polygon","coordinates":[[[6.1616577952087308,46.278969032732768],[6.1614834601159751,46.279096378818814],[6.1613133669889377,46.278978807153791],[6.1614161189086314,46.278929503841901],[6.1613177012171505,46.278859001402644],[6.1614370529132465,46.278813040034265],[6.1615091308414094,46.278907425377483],[6.1616577952087308,46.278969032732768]]]},"properties":{"OBJECTID":901,"ID_Parking_Fondation":"E6140","Polygon_ID":122,"Code_Tarif":"513","Nom_Parking":"Ch. des Colombières 8","Type_Vehicule":"auto","Adresse_Rue":"chemin des colombières","Adresse_No":"8","Adresse_NPA":1290,"Adresse_Localite":"Versoix","Type_Parking":"extérieur","Capacite":10,"Statut":"ouvert","Group_Sector_ID":810,"Group_Service_ID":32,"GlobalID":"{1CE1DCAA-EB8E-40AB-90AA-02F105B0F1AB}","Shape__Area":387.53350900923414,"Shape__Length":94.314901968288325}},{"type":"Feature","id":903,"geometry":{"type":"Polygon","coordinates":[[[6.14052514752726,46.174997899210567],[6.1404404039404126,46.175042705739308],[6.1402072621886079,46.174831825947521],[6.1403254671572771,46.174785193449267],[6.1403693946559423,46.174858095736262],[6.14052514752726,46.174997899210567]]]},"properties":{"OBJECTID":903,"ID_Parking_Fondation":"C6126","Polygon_ID":143,"Code_Tarif":"470","Nom_Parking":"Rue de la Tambourine 12","Type_Vehicule":"auto","Adresse_Rue":"rue de la Tambourine","Adresse_No":"12","Adresse_NPA":1227,"Adresse_Localite":"Carouge","Type_Parking":"extérieur","Capacite":0,"Statut":"ouvert","Group_Sector_ID":1179,"Group_Service_ID":32,"GlobalID":"{8A9B749D-D5A9-4176-B0C1-1739BAE97129}","Shape__Area":247.06542300160908,"Shape__Length":76.718798541391635}},{"type":"Feature","id":904,"geometry":{"type":"Polygon","coordinates":[[[6.129026892073254,46.172407669409992],[6.1290359990252821,46.172489937044482],[6.1288646210187085,46.172546999948864],[6.128633880137671,46.172613642839195],[6.128622438138585,46.172474862256429],[6.1286028030565696,46.172369365671834],[6.1285463449448407,46.172258304955278],[6.1284745512170851,46.172170174411001],[6.1284040567459899,46.172028140834243],[6.128313123663184,46.171813977721726],[6.1282436807647542,46.171628307172213],[6.1281557639456627,46.171442422767065],[6.1280488323233753,46.171125371815442],[6.128061709433176,46.171051062714113],[6.1281571658216105,46.17092379533436],[6.1283031095164118,46.170848464994272],[6.1284183213584775,46.170821560944866],[6.1285030501741531,46.170832815371625],[6.1285718887791401,46.170890101889462],[6.1285811358464048,46.170920943441963],[6.1287362807529586,46.171123090296831],[6.1285932903329225,46.171229266099424],[6.128636812291675,46.171269722230932],[6.1284598966617878,46.171348184807073],[6.1289322203586787,46.171869645459999],[6.1286596898259491,46.171989721933961],[6.1288604303435807,46.172195091054967],[6.129026892073254,46.172407669409992]]]},"properties":{"OBJECTID":904,"ID_Parking_Fondation":"E6550","Polygon_ID":196,"Code_Tarif":"535","Nom_Parking":"Ch. Le-Sapay 1-3","Type_Vehicule":"auto","Adresse_Rue":"chemin Le-Sapay","Adresse_No":"1-3","Adresse_NPA":1228,"Adresse_Localite":"Plan-Les-Ouates","Type_Parking":"extérieur","Capacite":10,"Statut":"ouvert","Group_Sector_ID":1664,"Group_Service_ID":null,"GlobalID":"{D41D290F-C2CD-40B9-AE94-95210B0CEEDA}","Shape__Area":6555.2478904397012,"Shape__Length":493.10776589054382}},{"type":"Feature","id":906,"geometry":{"type":"Polygon","coordinates":[[[6.0840599006161042,46.19931147237962],[6.0840063826549837,46.199354828433833],[6.0836584740399804,46.199155691096976],[6.0837097704759913,46.199113825411196],[6.0840599006161042,46.19931147237962]]]},"properties":{"OBJECTID":906,"ID_Parking_Fondation":"H6420","Polygon_ID":null,"Code_Tarif":"691","Nom_Parking":"H-Loëx public","Type_Vehicule":"auto","Adresse_Rue":null,"Adresse_No":null,"Adresse_NPA":null,"Adresse_Localite":null,"Type_Parking":null,"Capacite":null,"Statut":null,"Group_Sector_ID":1150,"Group_Service_ID":32,"GlobalID":"{A15B1DEF-9856-46C6-94CA-08BE7788D03D}","Shape__Area":216.83687374954377,"Shape__Length":82.093270223365664}},{"type":"Feature","id":908,"geometry":{"type":"Polygon","coordinates":[[[6.0842344662404528,46.199163673770016],[6.0840599006161042,46.19931147237962],[6.0837002467675934,46.19910453774466],[6.0838174259928168,46.199028816026001],[6.0842344662404528,46.199163673770016]]]},"properties":{"OBJECTID":908,"ID_Parking_Fondation":"H6430","Polygon_ID":null,"Code_Tarif":"691","Nom_Parking":"H-Loëx abonnements","Type_Vehicule":"auto","Adresse_Rue":null,"Adresse_No":null,"Adresse_NPA":null,"Adresse_Localite":null,"Type_Parking":null,"Capacite":null,"Statut":null,"Group_Sector_ID":1151,"Group_Service_ID":32,"GlobalID":"{1D30F34F-4446-4706-B949-8E05035A66FE}","Shape__Area":586.35243915718308,"Shape__Length":105.17161547470891}},{"type":"Feature","id":910,"geometry":{"type":"Polygon","coordinates":[[[6.0841701182152645,46.199444878045163],[6.0842524379086571,46.199377154884338],[6.084536237096323,46.199537688733358],[6.0844494422208664,46.199614729599134],[6.0841701182152645,46.199444878045163]]]},"properties":{"OBJECTID":910,"ID_Parking_Fondation":"H6430","Polygon_ID":null,"Code_Tarif":"691","Nom_Parking":"H-Loëx abonnements","Type_Vehicule":"auto","Adresse_Rue":null,"Adresse_No":null,"Adresse_NPA":null,"Adresse_Localite":null,"Type_Parking":null,"Capacite":null,"Statut":null,"Group_Sector_ID":1151,"Group_Service_ID":32,"GlobalID":"{0675D06D-3610-4A7F-88A1-01A46944D4E7}","Shape__Area":294.7434497183134,"Shape__Length":77.641290362465227}},{"type":"Feature","id":912,"geometry":{"type":"Polygon","coordinates":[[[6.1275659225625088,46.171327148500637],[6.1274900748407202,46.171376607492057],[6.1274209690314034,46.171328282555109],[6.127493748666657,46.171273405121703],[6.1275659225625088,46.171327148500637]]]},"properties":{"OBJECTID":912,"ID_Parking_Fondation":"F1180m","Polygon_ID":132,"Code_Tarif":"447","Nom_Parking":"P+R Trèfle-Blanc (moto)","Type_Vehicule":"moto","Adresse_Rue":"Chemin du Trèfle-Blanc","Adresse_No":null,"Adresse_NPA":1228,"Adresse_Localite":"Plan-Les-Ouates","Type_Parking":"extérieur","Capacite":null,"Statut":"ouvert","Group_Sector_ID":781,"Group_Service_ID":32,"GlobalID":"{30776D2D-D19D-44C3-9C2F-832EE55BA2CB}","Shape__Area":64.199631332987167,"Shape__Length":32.072644064119643}},{"type":"Feature","id":914,"geometry":{"type":"Polygon","coordinates":[[[6.1272600384434766,46.172070403320696],[6.1272915727189714,46.172097670633065],[6.1272234592876096,46.172140443887166],[6.1271919069811434,46.172118009451403],[6.1272600384434766,46.172070403320696]]]},"properties":{"OBJECTID":914,"ID_Parking_Fondation":"F1180m","Polygon_ID":132,"Code_Tarif":"447","Nom_Parking":"P+R Trèfle-Blanc (moto)","Type_Vehicule":"moto","Adresse_Rue":"Chemin du Trèfle-Blanc","Adresse_No":null,"Adresse_NPA":1228,"Adresse_Localite":"Plan-Les-Ouates","Type_Parking":"extérieur","Capacite":null,"Statut":"ouvert","Group_Sector_ID":781,"Group_Service_ID":32,"GlobalID":"{039CB41E-E589-4C05-A435-10EBCD8AA78C}","Shape__Area":26.772036615728965,"Shape__Length":21.928901924871365}},{"type":"Feature","id":916,"geometry":{"type":"Polygon","coordinates":[[[6.1279448898083793,46.17136456826681],[6.1279889170394606,46.171340579836702],[6.1280318572233341,46.171417332607447],[6.1279856466957821,46.171437230002887],[6.1279448898083793,46.17136456826681]]]},"properties":{"OBJECTID":916,"ID_Parking_Fondation":"F1180m","Polygon_ID":132,"Code_Tarif":"447","Nom_Parking":"P+R Trèfle-Blanc (motos)","Type_Vehicule":"moto","Adresse_Rue":"Chemin du Trèfle-Blanc","Adresse_No":null,"Adresse_NPA":1228,"Adresse_Localite":"Plan-Les-Ouates","Type_Parking":"extérieur","Capacite":10,"Statut":"ouvert","Group_Sector_ID":781,"Group_Service_ID":32,"GlobalID":"{C1CD500A-0117-41DC-BE32-8BDBC426CE9A}","Shape__Area":36.823000975639033,"Shape__Length":26.343253047806005}},{"type":"Feature","id":917,"geometry":{"type":"Polygon","coordinates":[[[6.1472782879799661,46.192534740487069],[6.147603879365751,46.192439860607806],[6.1475430662754755,46.192336652125846],[6.1476208989830736,46.192315087825193],[6.1478676265566676,46.192759202581442],[6.1474769193785095,46.192872864597661],[6.1472782879799661,46.192534740487069]]]},"properties":{"OBJECTID":917,"ID_Parking_Fondation":"H3140m","Polygon_ID":194,"Code_Tarif":"687","Nom_Parking":"H-Opéra Motos","Type_Vehicule":"moto","Adresse_Rue":null,"Adresse_No":null,"Adresse_NPA":null,"Adresse_Localite":null,"Type_Parking":"intérieur","Capacite":10,"Statut":null,"Group_Sector_ID":1573,"Group_Service_ID":32,"GlobalID":"{9AD68262-17B9-4152-81A3-52019579AE12}","Shape__Area":1421.9352084400218,"Shape__Length":172.34058741512416}},{"type":"Feature","id":918,"geometry":{"type":"Polygon","coordinates":[[[6.1416451775906227,46.181302379404258],[6.1421418513221875,46.18091692840224],[6.1428581224866363,46.181015653367396],[6.1428736762897156,46.18106837620752],[6.1430287784579907,46.181084753743868],[6.1431650597663019,46.181185569540588],[6.1432130436762034,46.181288289515052],[6.1425116499800652,46.181799833857262],[6.1416451775906227,46.181302379404258]]]},"properties":{"OBJECTID":918,"ID_Parking_Fondation":"K3110","Polygon_ID":null,"Code_Tarif":"673","Nom_Parking":"Centre Communal de Carouge recharge électrique","Type_Vehicule":"auto","Adresse_Rue":null,"Adresse_No":null,"Adresse_NPA":null,"Adresse_Localite":null,"Type_Parking":"intérieur","Capacite":null,"Statut":null,"Group_Sector_ID":1668,"Group_Service_ID":32,"GlobalID":"{6BFCF7C2-4C4A-4CEA-BD76-A058BB52428D}","Shape__Area":6751.1297736359229,"Shape__Length":324.70034783421306}},{"type":"Feature","id":919,"geometry":{"type":"Polygon","coordinates":[[[6.1406146759152733,46.187603066129839],[6.1409074186269894,46.187513349104819],[6.1413685111987872,46.187374431631987],[6.1413823450342635,46.187402167817005],[6.1414917988108817,46.187384604412124],[6.1415069032029228,46.187411917048074],[6.1414383950409173,46.187430389545796],[6.1414206963389892,46.187447397815404],[6.1414300534426225,46.187460952990371],[6.1414117461424604,46.187467465759347],[6.1414623132746931,46.187545929266768],[6.1414367073002021,46.187554039604727],[6.1414731914227048,46.187614131558178],[6.1414094786841193,46.187664105799357],[6.1411443970071034,46.187744609298612],[6.1412441400269628,46.187911853386268],[6.1411708300276633,46.188052398819565],[6.1411434132049312,46.188065653341745],[6.1411597985455746,46.188092105369371],[6.1411101825161127,46.188111233150345],[6.1410899217963362,46.188088675343124],[6.1410632178085161,46.188098436481788],[6.1410527362346832,46.188088685693401],[6.1410007031345426,46.188103407763379],[6.1409716937921761,46.18807768496216],[6.1409285345964424,46.18809032106649],[6.1406146759152733,46.187603066129839]]]},"properties":{"OBJECTID":919,"ID_Parking_Fondation":"K3120e","Polygon_ID":186,"Code_Tarif":"675","Nom_Parking":"Octroi recharge électrique","Type_Vehicule":"auto","Adresse_Rue":"Place de l'Octroi","Adresse_No":"2","Adresse_NPA":1227,"Adresse_Localite":"Carouge","Type_Parking":"intérieur","Capacite":10,"Statut":"ouvert","Group_Sector_ID":1670,"Group_Service_ID":32,"GlobalID":"{2BAAA8C5-CF50-42E6-B3F8-4AEF40A57D7B}","Shape__Area":2853.5801214397652,"Shape__Length":263.16875828909679}},{"type":"Feature","id":921,"geometry":{"type":"Polygon","coordinates":[[[6.0619908072326094,46.175305245463079],[6.0623913685659288,46.175347745738868],[6.0623597747435936,46.175488156537483],[6.061964359935077,46.17543067604511],[6.0619908072326094,46.175305245463079]]]},"properties":{"OBJECTID":921,"ID_Parking_Fondation":"F1095","Polygon_ID":106,"Code_Tarif":"448","Nom_Parking":"P+R Vailly recharge électrique","Type_Vehicule":"auto","Adresse_Rue":"Route de Chancy","Adresse_No":null,"Adresse_NPA":1233,"Adresse_Localite":"Bernex","Type_Parking":"extérieur","Capacite":null,"Statut":"privé","Group_Sector_ID":1673,"Group_Service_ID":32,"GlobalID":"{4B6281D1-0758-474F-930D-A189AC8DE903}","Shape__Area":466.59994143832682,"Shape__Length":92.380682294155321}},{"type":"Feature","id":922,"geometry":{"type":"Polygon","coordinates":[[[6.1869184667377315,46.167133940353622],[6.1871702573968221,46.167042100763766],[6.1871911213613959,46.167099329333105],[6.1869686306339924,46.167184143035236],[6.1869184667377315,46.167133940353622]]]},"properties":{"OBJECTID":922,"ID_Parking_Fondation":"F1190","Polygon_ID":null,"Code_Tarif":"649","Nom_Parking":"P+R Veyrier Douane recharge électrique","Type_Vehicule":"auto","Adresse_Rue":null,"Adresse_No":null,"Adresse_NPA":null,"Adresse_Localite":null,"Type_Parking":"extérieur","Capacite":null,"Statut":null,"Group_Sector_ID":1674,"Group_Service_ID":32,"GlobalID":"{A98BD55A-E8B7-4B29-AF78-1ED93E25A1BB}","Shape__Area":136.30509844275562,"Shape__Length":54.922480777623846}},{"type":"Feature","id":965,"geometry":{"type":"Polygon","coordinates":[[[6.1053664573234583,46.193907055129259],[6.1053206908956383,46.193971455606615],[6.1051204922612836,46.193900936700906],[6.1051642559023076,46.193834372265002],[6.1053664573234583,46.193907055129259]]]},"properties":{"OBJECTID":965,"ID_Parking_Fondation":"E3120m","Polygon_ID":155,"Code_Tarif":"489","Nom_Parking":"Ch. de l'Echo 5 int. Motos","Type_Vehicule":"moto","Adresse_Rue":"Chemin de l'Echo","Adresse_No":"5","Adresse_NPA":1213,"Adresse_Localite":"Onex","Type_Parking":"intérieur","Capacite":6,"Statut":"privé","Group_Sector_ID":911,"Group_Service_ID":32,"GlobalID":"{058AFAD8-9BAB-47C0-B65E-90265A848BFE}","Shape__Area":140.57430046233407,"Shape__Length":51.024641414325842}},{"type":"Feature","id":980,"geometry":{"type":"Polygon","coordinates":[[[6.1721509470540701,46.211953105696175],[6.1724304938104595,46.212071049967022],[6.1722612823569074,46.212235875738543],[6.1719702872722229,46.212111953734045],[6.1721509470540701,46.211953105696175]]]},"properties":{"OBJECTID":980,"ID_Parking_Fondation":"F3130","Polygon_ID":182,"Code_Tarif":"575","Nom_Parking":"P+R Genève Plage recharge électrique","Type_Vehicule":"auto","Adresse_Rue":"Quai de Cologny","Adresse_No":"3 bis","Adresse_NPA":1223,"Adresse_Localite":"Cologny","Type_Parking":"intérieur","Capacite":10,"Statut":"ouvert","Group_Sector_ID":1613,"Group_Service_ID":32,"GlobalID":"{206E2794-2F51-4C86-8621-304D18AFAB23}","Shape__Area":577.56614028569436,"Shape__Length":96.590297420092199}},{"type":"Feature","id":1001,"geometry":{"type":"Polygon","coordinates":[[[6.0301545999893627,46.217587733635021],[6.0302498325413456,46.217079668614936],[6.0306641170920701,46.217116778421271],[6.0304954963473278,46.217611199039013],[6.0301545999893627,46.217587733635021]]]},"properties":{"OBJECTID":1001,"ID_Parking_Fondation":null,"Polygon_ID":null,"Code_Tarif":"740","Nom_Parking":"Satigny Ecole-Mairie","Type_Vehicule":null,"Adresse_Rue":null,"Adresse_No":null,"Adresse_NPA":null,"Adresse_Localite":null,"Type_Parking":null,"Capacite":null,"Statut":null,"Group_Sector_ID":2016,"Group_Service_ID":32,"GlobalID":"{A2C869C5-3DDA-40D0-B127-41A54DF5874D}","Shape__Area":1657.8275754950107,"Shape__Length":172.10553940951729}},{"type":"Feature","id":1005,"geometry":{"type":"Polygon","coordinates":[[[6.1508722626681971,46.184203799937158],[6.1502995668877452,46.183378171945293],[6.1506734428527343,46.183253023265273],[6.1507703265937739,46.183392662482156],[6.1508393852024374,46.183369897430445],[6.1512474310271754,46.183957971911788],[6.1511789329885787,46.183981217751487],[6.1512466904574961,46.184078448676864],[6.1508722626681971,46.184203799937158]]]},"properties":{"OBJECTID":1005,"ID_Parking_Fondation":"K3140e","Polygon_ID":null,"Code_Tarif":"653","Nom_Parking":"Val d'Arve recharge électrique","Type_Vehicule":"auto","Adresse_Rue":null,"Adresse_No":null,"Adresse_NPA":null,"Adresse_Localite":null,"Type_Parking":"intérieur","Capacite":null,"Statut":null,"Group_Sector_ID":1704,"Group_Service_ID":32,"GlobalID":"{F2DF51ED-CC2D-4B03-B943-F51602002ED3}","Shape__Area":3694.1903633866114,"Shape__Length":279.61717174241056}},{"type":"Feature","id":1006,"geometry":{"type":"Polygon","coordinates":[[[6.1453981657354495,46.221237952764248],[6.1452972167942352,46.221019128361327],[6.1451963536963214,46.220704861936916],[6.1451417060938081,46.220322105909823],[6.1453376105702775,46.220280348472933],[6.1454681709796946,46.22027787337791],[6.1457080475511834,46.221161447644469],[6.1453981657354495,46.221237952764248]]]},"properties":{"OBJECTID":1006,"ID_Parking_Fondation":"F1080e","Polygon_ID":null,"Code_Tarif":"655","Nom_Parking":"P+R Sécheron recharge électrique","Type_Vehicule":"auto","Adresse_Rue":null,"Adresse_No":null,"Adresse_NPA":null,"Adresse_Localite":null,"Type_Parking":null,"Capacite":null,"Statut":null,"Group_Sector_ID":1705,"Group_Service_ID":32,"GlobalID":"{C40CDFA0-01DA-4315-A836-76BA96FA12AD}","Shape__Area":2853.0356287445052,"Shape__Length":255.31289886573424}},{"type":"Feature","id":1030,"geometry":{"type":"Polygon","coordinates":[[[6.1000226784626745,46.204815180787172],[6.0995665916571369,46.204620421391134],[6.100252841054564,46.203884426555518],[6.1003991062231959,46.204035746924646],[6.1001132011792132,46.204350459285763],[6.1001335665616301,46.204409398561644],[6.1002878723134284,46.204566494206517],[6.1000226784626745,46.204815180787172]]]},"properties":{"OBJECTID":1030,"ID_Parking_Fondation":null,"Polygon_ID":null,"Code_Tarif":"2402","Nom_Parking":"Vernier piscine Lignon","Type_Vehicule":"auto","Adresse_Rue":null,"Adresse_No":null,"Adresse_NPA":null,"Adresse_Localite":null,"Type_Parking":"extérieur","Capacite":null,"Statut":null,"Group_Sector_ID":1708,"Group_Service_ID":6,"GlobalID":"{D64F7AD0-F89D-44B9-BB8A-31260F3E67FD}","Shape__Area":2706.0011076100309,"Shape__Length":262.69050704679995}},{"type":"Feature","id":1032,"geometry":{"type":"Polygon","coordinates":[[[6.0858019713554246,46.216151943268628],[6.0857384416420652,46.216200874511806],[6.0852228848227012,46.215882890777742],[6.0852782520528423,46.215832657244199],[6.0858019713554246,46.216151943268628]]]},"properties":{"OBJECTID":1032,"ID_Parking_Fondation":null,"Polygon_ID":null,"Code_Tarif":"2400","Nom_Parking":"Vernier zone blanche payante illimitée","Type_Vehicule":"auto","Adresse_Rue":null,"Adresse_No":null,"Adresse_NPA":null,"Adresse_Localite":null,"Type_Parking":"extérieur","Capacite":null,"Statut":null,"Group_Sector_ID":1192,"Group_Service_ID":6,"GlobalID":"{240E96B5-4C5C-4389-9FB5-D5E52E2A42B3}","Shape__Area":383.51765892830099,"Shape__Length":121.36147398045226}},{"type":"Feature","id":1035,"geometry":{"type":"Polygon","coordinates":[[[6.0875594054720574,46.217332840329881],[6.0868961436703515,46.216831207483629],[6.0869905066470391,46.216757204226717],[6.0876982516332028,46.217290401286526],[6.0876078659863948,46.217336251827099],[6.0875854271026828,46.217319541279394],[6.0875594054720574,46.217332840329881]]]},"properties":{"OBJECTID":1035,"ID_Parking_Fondation":null,"Polygon_ID":null,"Code_Tarif":"2401","Nom_Parking":"Vernier zone blanche 90 min.","Type_Vehicule":null,"Adresse_Rue":null,"Adresse_No":null,"Adresse_NPA":null,"Adresse_Localite":null,"Type_Parking":null,"Capacite":null,"Statut":null,"Group_Sector_ID":20,"Group_Service_ID":6,"GlobalID":"{BA6D04E1-2054-4BC3-968C-8D97ABFCB554}","Shape__Area":867.62326018893009,"Shape__Length":180.94745406362432}},{"type":"Feature","id":1036,"geometry":{"type":"Polygon","coordinates":[[[6.1140669306975512,46.211212351920906],[6.1140306943817846,46.211132400342549],[6.1144371858679234,46.211015989582108],[6.1144868255561908,46.211105564837972],[6.1140669306975512,46.211212351920906]]]},"properties":{"OBJECTID":1036,"ID_Parking_Fondation":null,"Polygon_ID":null,"Code_Tarif":"1200","Nom_Parking":"Vernier zone blanche 90min.","Type_Vehicule":"auto","Adresse_Rue":null,"Adresse_No":null,"Adresse_NPA":null,"Adresse_Localite":null,"Type_Parking":"extérieur","Capacite":null,"Statut":null,"Group_Sector_ID":20,"Group_Service_ID":6,"GlobalID":"{39E6FF16-AFFE-4303-A87B-FA3FA8892872}","Shape__Area":341.58512046703322,"Shape__Length":88.433265469945127}},{"type":"Feature","id":1066,"geometry":{"type":"Polygon","coordinates":[[[6.0957573225562696,46.197307661279154],[6.0958350883987551,46.197363546446745],[6.0950573598208031,46.197390509780931],[6.0950576592732908,46.197305576111503],[6.0957573225562696,46.197307661279154]]]},"properties":{"OBJECTID":1066,"ID_Parking_Fondation":"E6280","Polygon_ID":101,"Code_Tarif":"438","Nom_Parking":"CO du Renard","Type_Vehicule":"auto","Adresse_Rue":"Chemin du Lézard","Adresse_No":"24","Adresse_NPA":1219,"Adresse_Localite":"Aïre","Type_Parking":"extérieur","Capacite":39,"Statut":"privé","Group_Sector_ID":632,"Group_Service_ID":32,"GlobalID":"{25D93041-C5D0-4B85-81B9-3BA3B7FBF630}","Shape__Area":450.46254616323858,"Shape__Length":132.20267554980185}},{"type":"Feature","id":1101,"geometry":{"type":"Polygon","coordinates":[[[6.2164590448650214,46.245124518423118],[6.2162834491522823,46.244626210519201],[6.216532844890823,46.244539393985356],[6.2166881546279411,46.245131456152805],[6.2164590448650214,46.245124518423118]]]},"properties":{"OBJECTID":1101,"ID_Parking_Fondation":"E6170","Polygon_ID":null,"Code_Tarif":"677","Nom_Parking":"Ch. de la Caille 50","Type_Vehicule":"auto","Adresse_Rue":null,"Adresse_No":null,"Adresse_NPA":null,"Adresse_Localite":null,"Type_Parking":"extérieur","Capacite":null,"Statut":null,"Group_Sector_ID":1568,"Group_Service_ID":null,"GlobalID":"{8E6E2164-7021-4A93-9D16-9491A52C9F56}","Shape__Area":1175.0071854183072,"Shape__Length":163.13199628546607}},{"type":"Feature","id":1103,"geometry":{"type":"Polygon","coordinates":[[[6.1169182739807626,46.17175901191461],[6.1170009222855128,46.171708355765702],[6.1171163235312731,46.171785216334705],[6.1170152243281883,46.171841191178295],[6.1169182739807626,46.17175901191461]]]},"properties":{"OBJECTID":1103,"ID_Parking_Fondation":null,"Polygon_ID":null,"Code_Tarif":"679","Nom_Parking":"Ch. des Voirets 15","Type_Vehicule":"auto","Adresse_Rue":null,"Adresse_No":null,"Adresse_NPA":null,"Adresse_Localite":null,"Type_Parking":null,"Capacite":null,"Statut":null,"Group_Sector_ID":889,"Group_Service_ID":null,"GlobalID":"{645C22C9-6C7D-48C6-ADB4-21C43D15B4F4}","Shape__Area":111.32375195351099,"Shape__Length":42.654596749002089}},{"type":"Feature","id":1108,"geometry":{"type":"Polygon","coordinates":[[[6.1396022982366931,46.175987770572526],[6.139452301246024,46.175848794168367],[6.13959929773758,46.175782412296861],[6.1397459248440969,46.175930134184718],[6.1396022982366931,46.175987770572526]]]},"properties":{"OBJECTID":1108,"ID_Parking_Fondation":"C3110m","Polygon_ID":null,"Code_Tarif":"364","Nom_Parking":"HEG Battelle int. Motos","Type_Vehicule":"moto","Adresse_Rue":null,"Adresse_No":null,"Adresse_NPA":null,"Adresse_Localite":null,"Type_Parking":null,"Capacite":null,"Statut":null,"Group_Sector_ID":393,"Group_Service_ID":null,"GlobalID":"{3933C22B-A4DE-4047-9F37-B5847028E0AD}","Shape__Area":257.77472721203435,"Shape__Length":65.6054018168456}},{"type":"Feature","id":1126,"geometry":{"type":"Polygon","coordinates":[[[6.1609862631889882,46.279612363273479],[6.1609355518642239,46.27965037175678],[6.1609006059253302,46.279619539394588],[6.1608535909231055,46.279568486016473],[6.1608244657953781,46.279514108201518],[6.1609098757645224,46.279502214108611],[6.1609254792149031,46.279544286974165],[6.1609769260589582,46.279537614648518],[6.1609862631889882,46.279612363273479]]]},"properties":{"OBJECTID":1126,"ID_Parking_Fondation":"E6200","Polygon_ID":null,"Code_Tarif":"678","Nom_Parking":"Rte de Saint-Loup 29","Type_Vehicule":"auto","Adresse_Rue":null,"Adresse_No":null,"Adresse_NPA":null,"Adresse_Localite":null,"Type_Parking":"extérieur","Capacite":null,"Statut":null,"Group_Sector_ID":887,"Group_Service_ID":null,"GlobalID":"{2FB8B372-913E-4FA0-B480-9CBF8DA80BA5}","Shape__Area":112.53686979656605,"Shape__Length":47.21573328146728}},{"type":"Feature","id":1142,"geometry":{"type":"MultiPolygon","coordinates":[[[[6.1827258144320991,46.198517450191673],[6.1824410729618471,46.198552070639792],[6.1823006402146614,46.19807565898347],[6.1826232665018139,46.198039817930365],[6.1827258144320991,46.198517450191673]]],[[[6.1819977609438439,46.198588210597045],[6.1815825309726495,46.198637805107793],[6.1815280864909532,46.198331586729047],[6.1819784189554809,46.198298814256788],[6.1819977609438439,46.198588210597045]]],[[[6.1821068954938942,46.198985406698938],[6.1817820865383943,46.199013006190754],[6.1817366603687898,46.198828475945398],[6.1820378868799901,46.198797327396619],[6.1821068954938942,46.198985406698938]]],[[[6.182341275094795,46.198941666713417],[6.1823660085175014,46.19901308848268],[6.1822246529381744,46.199033254888427],[6.182204459906691,46.198927098604891],[6.1821634154450553,46.198792153478031],[6.1823127896647412,46.198779029149009],[6.182341275094795,46.198941666713417]]],[[[6.1822219157490386,46.199361373819031],[6.1820579193363425,46.199380578920845],[6.1819925420250881,46.199129577151119],[6.1821428638202232,46.199112324184597],[6.1822219157490386,46.199361373819031]]],[[[6.1825244674400528,46.200565015308541],[6.1822899068731898,46.200647258950667],[6.1822533686751591,46.20060116021714],[6.182442724067803,46.200542890763167],[6.1824268800243676,46.200516604854236],[6.1823773522786123,46.200524212491914],[6.1822346586228987,46.200088551570843],[6.1823104071382637,46.200064917696373],[6.1822984654026607,46.199999382799895],[6.1824465402449027,46.199978258266469],[6.1824575449346577,46.200002914055304],[6.1826181702798602,46.200476306980939],[6.1825867597899649,46.200513489922322],[6.1825244674400528,46.200565015308541]]]]},"properties":{"OBJECTID":1142,"ID_Parking_Fondation":null,"Polygon_ID":null,"Code_Tarif":"461","Nom_Parking":"Clinique des Grangettes","Type_Vehicule":"auto","Adresse_Rue":"Chemin des Grangettes","Adresse_No":"7","Adresse_NPA":1224,"Adresse_Localite":"Chêne-Bougeries","Type_Parking":"extérieur","Capacite":120,"Statut":"ouvert","Group_Sector_ID":1730,"Group_Service_ID":32,"GlobalID":"{303C078B-D8D6-4DF1-B1CE-B3A167727A40}","Shape__Area":4765.6762719390508,"Shape__Length":731.59396407119914}},{"type":"Feature","id":1168,"geometry":{"type":"Polygon","coordinates":[[[6.1408613979603253,46.207045816532926],[6.1406674247955477,46.20715053605025],[6.1405259538693855,46.207026058494726],[6.1407303103559414,46.20691721305937],[6.1408613979603253,46.207045816532926]]]},"properties":{"OBJECTID":1168,"ID_Parking_Fondation":"A6140","Polygon_ID":20,"Code_Tarif":"359","Nom_Parking":"Necker 2","Type_Vehicule":"auto","Adresse_Rue":"Rue Necker","Adresse_No":"2","Adresse_NPA":1201,"Adresse_Localite":"Genève","Type_Parking":"extérieur","Capacite":17,"Statut":"Ouvert","Group_Sector_ID":387,"Group_Service_ID":32,"GlobalID":"{23C9F21B-96A0-46D1-864A-B669D948ACAE}","Shape__Area":341.08878686163939,"Shape__Length":73.984286702131783}},{"type":"Feature","id":1169,"geometry":{"type":"Polygon","coordinates":[[[6.1506625247909872,46.200055700394621],[6.1500907845734059,46.19927728254045],[6.1501261056237189,46.199248386946451],[6.1502105204108775,46.199197812825993],[6.1503097152787447,46.19918801365835],[6.1511526533331322,46.199778614269377],[6.1511627879379995,46.199825583533936],[6.1506625247909872,46.200055700394621]]]},"properties":{"OBJECTID":1169,"ID_Parking_Fondation":null,"Polygon_ID":null,"Code_Tarif":"658","Nom_Parking":"Saint-Antoine case recharge électrique","Type_Vehicule":"auto","Adresse_Rue":null,"Adresse_No":null,"Adresse_NPA":null,"Adresse_Localite":null,"Type_Parking":"intérieur","Capacite":null,"Statut":"privé","Group_Sector_ID":1736,"Group_Service_ID":32,"GlobalID":"{7D62B854-C65C-42CE-88D6-517ECBB82804}","Shape__Area":3336.6704465115081,"Shape__Length":261.72687169153374}},{"type":"Feature","id":1170,"geometry":{"type":"Polygon","coordinates":[[[6.1992016167621431,46.196431450421649],[6.199177468524308,46.196212493679127],[6.199351889690174,46.196202786290712],[6.1993522159532093,46.196215704668525],[6.1996538954318403,46.196198354933003],[6.1997825694630189,46.196400808881627],[6.1992016167621431,46.196431450421649]]]},"properties":{"OBJECTID":1170,"ID_Parking_Fondation":null,"Polygon_ID":null,"Code_Tarif":"656","Nom_Parking":"Chêne-Bourg Gare case recharge électrique","Type_Vehicule":"auto","Adresse_Rue":null,"Adresse_No":null,"Adresse_NPA":null,"Adresse_Localite":null,"Type_Parking":"intérieur","Capacite":null,"Statut":"privé","Group_Sector_ID":1735,"Group_Service_ID":32,"GlobalID":"{8F6DFD78-B50B-42A5-A92D-E45CE50F078B}","Shape__Area":963.16373321467097,"Shape__Length":132.30091324765249}},{"type":"Feature","id":1176,"geometry":{"type":"Polygon","coordinates":[[[6.096392680769303,46.222835241361523],[6.0958873093316361,46.223106272557018],[6.0955720441562686,46.22281805914298],[6.0955388449254535,46.222773625893922],[6.0955332818700789,46.222721189455633],[6.0955687722429692,46.222672813337418],[6.0956531545320827,46.222658344523722],[6.0959768518705486,46.222605064373546],[6.0960320611654142,46.222591438519089],[6.0960679036278664,46.222576710459194],[6.096392680769303,46.222835241361523]]]},"properties":{"OBJECTID":1176,"ID_Parking_Fondation":"F1070","Polygon_ID":4,"Code_Tarif":"224","Nom_Parking":"Parking P+R Pré-Bois","Type_Vehicule":"auto","Adresse_Rue":"Ch. des Papillons","Adresse_No":"4","Adresse_NPA":1216,"Adresse_Localite":"Meyrin","Type_Parking":"NC","Capacite":209,"Statut":"Ouvert","Group_Sector_ID":144,"Group_Service_ID":32,"GlobalID":"{9FE8207D-9B21-4453-88D5-66CF6F943B6A}","Shape__Area":2194.7733807351833,"Shape__Length":185.18966796665211}},{"type":"Feature","id":1180,"geometry":{"type":"Polygon","coordinates":[[[6.1477809089918312,46.190666165348887],[6.1478916356500912,46.190644002982076],[6.1479731116263405,46.190812062846135],[6.1478668058473325,46.190837399581504],[6.1477809089918312,46.190666165348887]]]},"properties":{"OBJECTID":1180,"ID_Parking_Fondation":"H6160","Polygon_ID":null,"Code_Tarif":"681","Nom_Parking":"H-Pédiatrie consultations réservé","Type_Vehicule":"auto","Adresse_Rue":null,"Adresse_No":null,"Adresse_NPA":null,"Adresse_Localite":null,"Type_Parking":null,"Capacite":null,"Statut":null,"Group_Sector_ID":1160,"Group_Service_ID":32,"GlobalID":"{F83B9C87-0031-4E57-BB56-F9CA14DFCAA3}","Shape__Area":175.05539350495442,"Shape__Length":57.443977905742656}},{"type":"Feature","id":1187,"geometry":{"type":"MultiPolygon","coordinates":[[[[6.1699715692356518,46.276918849598133],[6.1697040864418069,46.277450566126838],[6.1696431672111043,46.277406136699227],[6.169903340214824,46.276885200961495],[6.1699715692356518,46.276918849598133]]],[[[6.1641553716692705,46.281687760693686],[6.1639403846536629,46.282101237550819],[6.1638150991477163,46.282066260481599],[6.164048450816348,46.281660300043661],[6.1641553716692705,46.281687760693686]]]]},"properties":{"OBJECTID":1187,"ID_Parking_Fondation":"N/A","Polygon_ID":117,"Code_Tarif":"2700","Nom_Parking":"Versoix Ville","Type_Vehicule":"auto","Adresse_Rue":null,"Adresse_No":null,"Adresse_NPA":1290,"Adresse_Localite":"Versoix","Type_Parking":"extérieur","Capacite":null,"Statut":"ouvert","Group_Sector_ID":550,"Group_Service_ID":6,"GlobalID":"{76159CCB-A9C1-4264-BFF3-1F2701EC6606}","Shape__Area":847.02164584837465,"Shape__Length":253.79215252608606}},{"type":"Feature","id":1189,"geometry":{"type":"Polygon","coordinates":[[[6.1678292318701811,46.277126494080214],[6.1678611333908115,46.277049851940106],[6.168255416323813,46.277131423131479],[6.1682298022609476,46.277210482448005],[6.1678292318701811,46.277126494080214]]]},"properties":{"OBJECTID":1189,"ID_Parking_Fondation":"N/A","Polygon_ID":117,"Code_Tarif":"2702","Nom_Parking":"Versoix Ville","Type_Vehicule":"auto","Adresse_Rue":null,"Adresse_No":null,"Adresse_NPA":1290,"Adresse_Localite":"Versoix","Type_Parking":"extérieur","Capacite":null,"Statut":"ouvert","Group_Sector_ID":1750,"Group_Service_ID":6,"GlobalID":"{62307635-6C7E-4F11-89B5-49D98697B0A4}","Shape__Area":285.5160734478066,"Shape__Length":81.848534365319352}},{"type":"Feature","id":1198,"geometry":{"type":"Polygon","coordinates":[[[6.0853938314621718,46.215636022233276],[6.0854641533785498,46.215588864960566],[6.086060014214314,46.215958014891513],[6.0860152929766604,46.21601848087618],[6.0853938314621718,46.215636022233276]]]},"properties":{"OBJECTID":1198,"ID_Parking_Fondation":null,"Polygon_ID":null,"Code_Tarif":"2401","Nom_Parking":"Vernier zone blanche payante illimitée","Type_Vehicule":"auto","Adresse_Rue":null,"Adresse_No":null,"Adresse_NPA":null,"Adresse_Localite":null,"Type_Parking":"extérieur","Capacite":null,"Statut":null,"Group_Sector_ID":1192,"Group_Service_ID":6,"GlobalID":"{5995C6D3-80D6-47C7-B449-6B48CABB0EAD}","Shape__Area":466.4103588046213,"Shape__Length":140.82150941756822}},{"type":"Feature","id":1200,"geometry":{"type":"Polygon","coordinates":[[[6.0862987353056726,46.216156668310354],[6.0862594893294073,46.21618188158746],[6.0861079308148209,46.216062397767828],[6.0861453242647459,46.216039859626335],[6.0862987353056726,46.216156668310354]]]},"properties":{"OBJECTID":1200,"ID_Parking_Fondation":null,"Polygon_ID":null,"Code_Tarif":"2401","Nom_Parking":"Vernier zone blanche payante illimitée","Type_Vehicule":"auto","Adresse_Rue":null,"Adresse_No":null,"Adresse_NPA":null,"Adresse_Localite":null,"Type_Parking":"extérieur","Capacite":null,"Statut":null,"Group_Sector_ID":1192,"Group_Service_ID":6,"GlobalID":"{263C9AD0-211A-4B4D-8EAD-6AAA0CE0A5F5}","Shape__Area":70.068551114155184,"Shape__Length":43.217257684751459}},{"type":"Feature","id":1201,"geometry":{"type":"Polygon","coordinates":[[[6.1350838812076818,46.230643150761878],[6.1346135951812943,46.230653969813744],[6.1345678605267686,46.230670572374557],[6.1344602994662143,46.230724505618092],[6.1343593882909193,46.230780781008114],[6.1342630152625706,46.230840691300216],[6.1341716196309646,46.230904354042949],[6.134084298158621,46.230970727769638],[6.1340014839655899,46.231039807599117],[6.1339212627295252,46.231110601553205],[6.1338810653661087,46.231147097823069],[6.1338424332786055,46.231182166377344],[6.1335377191394054,46.231463252196242],[6.1334634737036078,46.231531809936001],[6.1330792193555821,46.231886708192434],[6.1329497128240185,46.231819006873309],[6.1329519783696691,46.231805807692616],[6.1329519660646064,46.231785214634563],[6.132948845193229,46.231774758370989],[6.1329291588030372,46.231749233283473],[6.1328922276249687,46.231733467341314],[6.1328140379605607,46.23171412919006],[6.1327433209673758,46.231694574239633],[6.1326750198104127,46.231670571255435],[6.1326565279371925,46.231663056361036],[6.1326381733438309,46.231655547550275],[6.1325825464676642,46.231628777962342],[6.1325313547156011,46.231601252645326],[6.1324813471957897,46.23157257141537],[6.1324346964971532,46.231544739623594],[6.1323852356180479,46.231515164089501],[6.1323808930035462,46.231512503847007],[6.1319053048877663,46.231228049789678],[6.1318968519333303,46.231223047745424],[6.131888406864844,46.231218041293381],[6.1318799658158225,46.231213029489119],[6.1318715326527506,46.23120801327704],[6.1318631048051486,46.231202991727734],[6.131854683569113,46.231197964856214],[6.1318462676485748,46.231192932647481],[6.1318378596140333,46.231187896030946],[6.1318294555772717,46.231182854961645],[6.1318210594697042,46.231177807685668],[6.1318126686344634,46.231172756871345],[6.1318042844323353,46.231167699835389],[6.131795906820126,46.231162638376638],[6.1317873964741674,46.231157489910366],[6.1317788914436901,46.23115233610681],[6.131770393003209,46.23114717788053],[6.1317619011743316,46.231142014331965],[6.1317534172530763,46.231136845476186],[6.1317449373513737,46.231131671268194],[6.1317364653573092,46.231126491752953],[6.1317279999531999,46.231121307814952],[6.1317195411607441,46.231116118554702],[6.131711087683799,46.231110923957274],[6.1317026420929031,46.231105724952016],[6.1316942018175551,46.231100520609552],[6.1316857681537851,46.231095310944887],[6.1316773423976878,46.231090095973038],[6.1316689219355673,46.231084876563344],[6.1316605080850115,46.23107965183145],[6.1316521008460603,46.2310744217774],[6.1316437001970652,46.23106918730052],[6.1316353061813222,46.231063946602028],[6.131626918755587,46.231058701480755],[6.1316185379198309,46.231053451936724],[6.1316101623996344,46.231048197055493],[6.1316017947870876,46.23104293686702],[6.1315934337861693,46.231037671356397],[6.1315853885211489,46.231032592137396],[6.1315773498460073,46.231027508495714],[6.1315693177823158,46.231022419531861],[6.131561292308545,46.23101732614532],[6.1315532708324731,46.231012228306],[6.1315452572423865,46.231007126058984],[6.131537248946084,46.231002019374323],[6.1315292472613256,46.230996907367455],[6.1315212521663902,46.230991790937878],[6.131513262365317,46.230986670070642],[6.1315052791757214,46.230981543881207],[6.1314973025759789,46.230976413269104],[6.1314893312484839,46.230971279118698],[6.131481366532455,46.230966139646206],[6.1314734084279143,46.23096099485155],[6.1314654555955981,46.230955846518611],[6.1314575093747852,46.230950692863573],[6.1314495697438254,46.23094553478581],[6.1314416354067252,46.230940372270332],[6.1314349123766982,46.23093599931159],[6.1314281933224191,46.230931622799673],[6.1314214782439018,46.230927242734658],[6.1314147684370832,46.230922859131546],[6.1314080625844545,46.230918472874741],[6.1314013620035377,46.230914083079831],[6.1313946653984086,46.230909689731789],[6.1313864591248599,46.2309042991415],[6.1313782594629762,46.230898903229019],[6.1313700676871585,46.230893502908849],[6.1313618812268738,46.230888097251494],[6.131353702652639,46.230882687186423],[6.1313455293939771,46.230877271784202],[6.1313373640213671,46.230871851974271],[6.1313292052604229,46.230866426842162],[6.1313210531110585,46.230860996387932],[6.1313129088476908,46.230855561525942],[6.1313047698999883,46.230850121326831],[6.1312966388382835,46.230844676720046],[6.131288514388169,46.230839226791097],[6.1312803952320687,46.230833772424411],[6.1312722852796746,46.230828312765581],[6.1312641806211889,46.230822848669042],[6.1312560825743736,46.230817379250439],[6.1312479924135932,46.230811905424069],[6.1312399088644174,46.230806426275564],[6.1312318319052874,46.230800942704377],[6.1312237615577478,46.230795453811048],[6.1312156978001626,46.230789960495031],[6.1312076419502901,46.230784461871899],[6.1311995926904492,46.230778958826022],[6.1311915604538116,46.230773448779274],[6.131183536103201,46.230767934324852],[6.131175517046537,46.230762415432714],[6.1311675058975732,46.23075689123349],[6.1311595013602158,46.23075136171213],[6.131151504708904,46.230745827783061],[6.1311435146475874,46.230740289431331],[6.1311355299018446,46.230734745742502],[6.1311275543382076,46.23072919766102],[6.1311195840901069,46.230723644242381],[6.1311116217280794,46.230718086416083],[6.1311036659560205,46.230712524167096],[6.1310957167956035,46.230706956596045],[6.1310877742468302,46.230701383702829],[6.1310798395624424,46.230695807301423],[6.1310719114896868,46.230690225577909],[6.1310639913246421,46.230684638547267],[6.131056076453496,46.230679047078986],[6.1310481694684125,46.230673451203046],[6.1310402703909395,46.230667850020033],[6.1310323766075161,46.230662244399312],[6.1310244907100673,46.230656634370938],[6.1310166114242604,46.230651019020492],[6.1310087400244404,46.230645399262407],[6.1305982174410456,46.230352843951096],[6.1302923390927599,46.230140039100696],[6.1302843186031204,46.230144714475358],[6.1302831399138409,46.230143756142397],[6.1302819533618633,46.230142801317051],[6.1302807589038917,46.230141851798145],[6.1302795565615504,46.230140906686294],[6.1302783463132116,46.230139966880905],[6.1302771294765854,46.230139031497551],[6.1302759047555755,46.230138100521266],[6.130274672150243,46.230137173951981],[6.1302734329349118,46.230136252704206],[6.1302721858135714,46.230135336762864],[6.1302709321039179,46.230134425243612],[6.1302696705099295,46.230133518131396],[6.1302684010099231,46.230132616325626],[6.1302671249215877,46.230131718941912],[6.1302658422016663,46.230130827779156],[6.1302645516190344,46.230129940123952],[6.1302632531087582,46.230129058674663],[6.1302619493061625,46.23012818166243],[6.1302606375975701,46.230127309956721],[6.1302593180046463,46.230126442657962],[6.1302579930761505,46.230125581595161],[6.1302566602632496,46.230124724939429],[6.1302553208404218,46.230123873605145],[6.1302539748076175,46.230123027592391],[6.1302526221864726,46.230122186001665],[6.1302512616376843,46.230121350616812],[6.1302498957749645,46.230120520568484],[6.1302485220278724,46.230119694927218],[6.1302471429452243,46.23011887552186],[6.1302457559565688,46.230118061422978],[6.1302443636539188,46.230117252660584],[6.1302429634669844,46.230116448305225],[6.1302415579443919,46.23011565018583],[6.1302401457902516,46.230114858287322],[6.1302387270477601,46.23011407081087],[6.1302373029913344,46.230113288670921],[6.1302358710072138,46.230112512736873],[6.1302344337091741,46.230111742139322],[6.1302329910972411,46.230110976878294],[6.1302315405575616,46.230110217823153],[6.1302300847040003,46.230109464104494],[6.1302286235365315,46.230108715722402],[6.1302271557373365,46.230107973561189],[6.130225682624272,46.23010723673648],[6.1302242029012328,46.230106505233231],[6.1302227165465411,46.230105779950932],[6.1302212261522753,46.230105060919563],[6.1302197291480685,46.230104347209711],[6.1302182255338646,46.230103638821312],[6.130216717880093,46.230102936683878],[6.1302152035947239,46.230102240767351],[6.1302136839953594,46.230101550187342],[6.1302121590604761,46.230100865843283],[6.1302106274938906,46.230100187720126],[6.1302090919094168,46.230099514948463],[6.1302075496933046,46.230098848397752],[6.1302060034592927,46.230098187198557],[6.1302044518680114,46.230097533134732],[6.1302028936667918,46.230096884392374],[6.1302013314259707,46.230096241900974],[6.1301997638712047,46.230095604746083],[6.1301981909591596,46.230094974726583],[6.1301966127332168,46.230094350043544],[6.1301950304676769,46.230093731611504],[6.1301934428448641,46.230093120314812],[6.1301918499081456,46.230092514354617],[6.1301902529318273,46.230091914645406],[6.130188650619889,46.23009132117209],[6.1301870429940566,46.230090733035283],[6.1301854313069608,46.230090152048867],[6.1301838155802884,46.230089577313457],[6.1301821945180119,46.230089008813906],[6.1301805681201271,46.230088446550326],[6.1301789389786716,46.230087890552724],[6.1301773045016619,46.23008734079103],[6.1301756646890189,46.230086797265308],[6.1301740221111567,46.230086260904969],[6.1301723742194012,46.230085729881154],[6.1301707222663442,46.230085206007715],[6.1301690662737629,46.230084688385219],[6.130167406241581,46.230084177013694],[6.1301657421698232,46.230083671893112],[6.1301640740584498,46.23008317302353],[6.1301624018859053,46.230082681304296],[6.130160725673707,46.23008219583604],[6.1301088370661736,46.229873675857213],[6.1298935839728008,46.229719946607013],[6.1298693860096334,46.22965353817488],[6.1296629733142494,46.229525645607609],[6.1291731801673572,46.22920419978972],[6.1289718412459973,46.229054066046217],[6.1289409416412557,46.229031012922619],[6.1287227559276838,46.228868205489192],[6.1285924146262003,46.22877385052039],[6.1282976452355014,46.228560475360929],[6.1282714170888859,46.228541450195117],[6.1282704788158506,46.228540685365061],[6.1282695484487704,46.22853991522863],[6.1282686246701203,46.228539140670208],[6.1282677100717562,46.228538361719949],[6.128266802061785,46.228537578347741],[6.1282659032104263,46.228536791483094],[6.1282650122651381,46.228535999312079],[6.1282641279082286,46.228535202719129],[6.1282632527099841,46.22853440263377],[6.1282623854176936,46.228533597242034],[6.1282615259881261,46.228532788342804],[6.1282606757172253,46.228531975951164],[6.1282598320563615,46.228531158238134],[6.1282589975541244,46.228530337032673],[6.1282581722106171,46.228529512334795],[6.1282573534553961,46.228528683214954],[6.1282565438805783,46.228527849703241],[6.1282557421683661,46.228527012684069],[6.1282549496365215,46.228526171273025],[6.1282541662416268,46.228525327268969],[6.1282533894568223,46.228524477943552],[6.1282526231049648,46.228523626040165],[6.1282518646374387,46.228522769729857],[6.1282511140108946,46.228521910811558],[6.1282503725646773,46.228521047501374],[6.1282496402771516,46.228520180698744],[6.1282489158522822,46.228519310388641],[6.1282482006077785,46.228518435686695],[6.1282474945002248,46.228517558391758],[6.1282467975296102,46.228516678503823],[6.1282461084433795,46.228515794208995],[6.1282454285158003,46.228514906421708],[6.1282447577251995,46.228514016041458],[6.1282440960932325,46.228513122168771],[6.1282434436199207,46.228512224803652],[6.1282428002836369,46.228511324845563],[6.1282421648099588,46.228510421379951],[6.1282415397692773,46.228509515336448],[6.1282409238871969,46.228508605800499],[6.1282403158461358,46.228507693656525],[6.128239718238035,46.228506778934587],[6.1282391297885823,46.228505860720226],[6.1282385492018294,46.228504938998434],[6.1282379790262809,46.22850401559807],[6.1282374179877594,46.22850308960475],[6.128236867403885,46.22850216013407],[6.1282363246609659,46.228501228055308],[6.1282357910333509,46.22850029428303],[6.1282352678603402,46.228499357033357],[6.1282347538243087,46.228498417190728],[6.1282342501995828,46.228497475669535],[6.1282337544374661,46.228496530640925],[6.1282332690866452,46.228495583933757],[6.1282327928511249,46.228494635533082],[6.1282323257742695,46.228493683639947],[6.1282318691086575,46.228492730068311],[6.1282314228543537,46.22849177481821],[6.128230984462709,46.228490816060614],[6.128230556460621,46.228489856523929],[6.1282301375955219,46.228488894394282],[6.1282297291416548,46.228487930586098],[6.1282293311207949,46.22848696419998],[6.1282289409192074,46.228485996105285],[6.128228562424832,46.228485026347123],[6.1282281917498524,46.228484054880326],[6.1282278327820618,46.228483081750156],[6.1282274816552285,46.22848210601186],[6.1282271422140084,46.228481129509596],[6.1282268118880525,46.228480151313754],[6.1282264906773847,46.228479171424361],[6.1282261798779754,46.228478189856475],[6.1282258794898734,46.228477206610066],[6.1282255882169867,46.228476221670128],[6.1282253073337571,46.228475235951102],[6.1282250368617461,46.228474248553567],[6.1282247754833366,46.228473260361959],[6.1282245245162477,46.228472270491814],[6.1282242826426865,46.228471279827517],[6.1282240617386403,46.228470333491394],[6.1282238499281734,46.228469386361098],[6.128223647233046,46.228468437537288],[6.128223453609781,46.228467488818758],[6.1282232691018059,46.228466538406721],[6.1282230936874447,46.228465587200546],[6.1282229273666502,46.228464635200282],[6.1282227701177669,46.228463683305314],[6.128222623280168,46.228462729731852],[6.1282224842184378,46.228461776248658],[6.1282223542720491,46.22846082107187],[6.1282222346935171,46.228459866015513],[6.1282221228909188,46.228458911049415],[6.1282220202035846,46.228457954389732],[6.1282219278841694,46.228456997850479],[6.1282218893722806,46.228456014045584],[6.1282218612282469,46.228455030361033],[6.128221842156127,46.228454046781806],[6.1282218321559236,46.228453063307917],[6.1282218325452895,46.228452079054939],[6.1282218432808353,46.228451095821761],[6.1282218631100367,46.22845011179448],[6.1282218920110871,46.228449127872537],[6.1282219312800219,46.228448144070938],[6.1282219808951996,46.228447161289147],[6.1282220382863128,46.228446178597601],[6.1282221073629364,46.228445195142072],[6.1282221854898271,46.228444212691315],[6.1282222726668678,46.228443231245244],[6.1282223689158615,46.228442249904553],[6.1282224768287161,46.228441268699235],[6.1282225925174956,46.228440287584228],[6.1282227185307905,46.22843930838841],[6.1282228549336839,46.228438328413574],[6.1282230003650637,46.228437350342929],[6.1282231548683601,46.228436372377544],[6.1282233197395239,46.228435394532589],[6.1282234936392923,46.228434418591803],[6.1282236779068784,46.228433442771355],[6.1282238290641899,46.228432442274993],[6.1282239905893832,46.228431441898977],[6.1282241624390963,46.228430443442242],[6.1282243433606993,46.228429445090796],[6.1282245346284698,46.228428447759143],[6.1282247362425002,46.228427451447288],[6.1282249482027122,46.228426456155269],[6.1282251705091317,46.228425461883056],[6.1282254018657527,46.228424468615536],[6.1282256435685802,46.228423476367816],[6.1282258956176046,46.228422485139944],[6.1282261566951286,46.228421495816285],[6.1282264281189125,46.228420507512347],[6.1282267098888399,46.228419520228279],[6.1282270019832996,46.228418534863415],[6.1282273031279857,46.228417550503309],[6.1282276145971801,46.228416568062443],[6.1282279351165885,46.228415586626348],[6.1282282659605052,46.228414607109414],[6.1282286071506276,46.228413628612351],[6.1282289586435583,46.228412652933933],[6.1282293191867288,46.228411678260294],[6.128229688758438,46.228410705490802],[6.1282300699505976,46.228409734655642],[6.1282304588753282,46.228408765709574],[6.1282308594205483,46.228407798697802],[6.1282312690159557,46.228406832690794],[6.128231687618241,46.228405869487403],[6.1282321165233595,46.228404909102714],[6.1282325557746455,46.228403949737775],[6.1282330027367919,46.228402993161446],[6.1282334613194136,46.228402038519398],[6.1282339289306265,46.228401085781506],[6.1282344055486391,46.228400135847245],[6.1282348924911592,46.228399187832252],[6.1282353884405198,46.22839824262082],[6.128235893418406,46.22839729931362],[6.1282364086991006,46.228396358825066],[6.1282369329866473,46.228395421140156],[6.1282374675987388,46.228394485374494],[6.1282380112176043,46.22839355241242],[6.1282385638433619,46.228392622253978],[6.1282391254759476,46.228391694899166],[6.1282396974113897,46.228390770363006],[6.1282402783536334,46.228389848630478],[6.1282408683027025,46.228388929701588],[6.1282414672586389,46.2283880135763],[6.128242076517382,46.228387100269678],[6.1282426934869569,46.228386189751625],[6.1282433207594034,46.228385282052265],[6.1282439570169895,46.228384378055942],[6.1282446022813772,46.228383476863264],[6.1282452552349982,46.228382579358524],[6.1282459184913893,46.228381684672534],[6.1282465907546442,46.228380792790112],[6.128247272003029,46.228379904610769],[6.1282479622366139,46.228379020134454],[6.1282486614769871,46.228378138461807],[6.1282493697025897,46.228377260492152],[6.1282500856389488,46.228376385311165],[6.128250810538824,46.228375514732583],[6.1282515457415299,46.228374646972675],[6.1282522886334103,46.228373782900817],[6.1282530392144219,46.228372922516918],[6.1282538000765792,46.228372065851147],[6.12825456862792,46.22837121287337],[6.1282553461644387,46.228370363598671],[6.1282561326860572,46.22836951802698],[6.1282569268968885,46.228368676143347],[6.1282577300712067,46.228367838862184],[6.1282585409562973,46.228367004369588],[6.1282593608049405,46.228366174479483],[6.128260188321029,46.228365349176833],[6.1282610248439831,46.228364526677773],[6.1282618703086751,46.22836370968065],[6.128262722188297,46.228362895457053],[6.1282635843273123,46.228362085850989],[6.1282644528379082,46.228361280817346],[6.1282653303335932,46.228360479486689],[6.1282662154967475,46.228359682743516],[6.1282671083274378,46.228358890587764],[6.1282680101432288,46.228358102135104],[6.1282689196265547,46.22835731826985],[6.1282698367773412,46.228356538992053],[6.12827076159566,46.228355764301696],[6.1282716940814126,46.228354994198746],[6.128272634234663,46.228354228683258],[6.1282735820771475,46.228353466855772],[6.1282745375653525,46.228352710515161],[6.1282755007210792,46.228351958762026],[6.1282764715442903,46.228351211596269],[6.1282774500349602,46.228350469017975],[6.1282784361931784,46.22834973102713],[6.1282794299971153,46.228348998523167],[6.1282804301726461,46.228348270591532],[6.1282814380156223,46.228347547247424],[6.1282824535260954,46.228346828490686],[6.1282834753863833,46.228346115205817],[6.1282845049141565,46.228345406508375],[6.1282855420877125,46.2283447032978],[6.1282865856328099,46.228344004659604],[6.1282876368237185,46.228343311508297],[6.1282886943644437,46.228342623828816],[6.1282897582766829,46.228341940721712],[6.1282908298347065,46.228341263101484],[6.1282919077642335,46.228340590053669],[6.1282929933178831,46.228339923392156],[6.1282940852430601,46.228339261303027],[6.1282951835397048,46.228338603786256],[6.1282962881645515,46.22833795264075],[6.1287247361997945,46.228057242672868],[6.1286162200292971,46.227979538685922],[6.1276915086246682,46.227353854841695],[6.1269823488927795,46.227792778621222],[6.1267881835827351,46.227627378260429],[6.1261755243926208,46.227104264700259],[6.1257858013183313,46.227349144588281],[6.125498827695143,46.227115402699454],[6.1253370011292034,46.226873347452212],[6.1253921289931812,46.226843525456999],[6.1252066154883442,46.226670349786026],[6.1251636737198156,46.226629634953397],[6.1248786621024518,46.226359489504432],[6.1242866281882185,46.22580478976213],[6.1242253019787718,46.225733374557151],[6.1235630585011762,46.225981441696263],[6.1234738484456912,46.226012707337311],[6.1232558065039546,46.226086663341754],[6.1230657168483811,46.226179923652836],[6.1227366091137965,46.226366098596301],[6.1221384809028985,46.226696916092017],[6.1220659187739273,46.226737276335115],[6.121985376428678,46.226755958127185],[6.1218931049196179,46.226707951304839],[6.1214407832163982,46.226291848147227],[6.1213217796287314,46.226160690088463],[6.1212493430714661,46.226080956392686],[6.121230074123587,46.226047500605794],[6.1212196609792313,46.226012353302963],[6.1212154923087381,46.225976287428807],[6.1212259318336883,46.225941654324593],[6.1212443758450314,46.225908469577334],[6.1212698029917441,46.225875817975506],[6.1212966036455851,46.225845435218304],[6.1216761918324574,46.225505510183332],[6.1219774206150968,46.225252520794697],[6.1220959850783814,46.225148530587674],[6.1217597938835713,46.224841130327881],[6.1207726365278328,46.224159036539923],[6.1202457244157262,46.223794177155995],[6.1200769072008976,46.223677280666699],[6.1198842586494582,46.223514401296896],[6.1198751781543308,46.223509072505578],[6.1198201025183803,46.223473960101714],[6.1185699950335222,46.222686325177882],[6.1185227032896581,46.22265634771864],[6.1185228481166885,46.222655721429966],[6.1185672895576309,46.222641221835381],[6.1178145551935446,46.222165030473946],[6.1178138690903827,46.222164567202],[6.1178131908714226,46.222164099523845],[6.1178125192627979,46.222163626524939],[6.1178118542425493,46.222163149104659],[6.117811197128411,46.2221626663788],[6.1178105478985803,46.222162179246745],[6.1178099052790307,46.222161686793925],[6.1178092705436615,46.222161189934951],[6.1178086436925989,46.222160688669781],[6.1178080247476849,46.222160182098982],[6.1178074123692969,46.222159672006271],[6.1178068091928708,46.22215915662315],[6.1178062125829822,46.222158637718088],[6.1178056251750812,46.222158113522596],[6.1178050443337302,46.222157585805199],[6.1178044726724918,46.222157053696762],[6.1178039088954694,46.222156517182221],[6.1178033529808777,46.22215597716086],[6.1178028049724196,46.222155431833905],[6.1178022661003677,46.222154883914847],[6.1178017351124954,46.222154331589579],[6.1178012133047686,46.222153774873298],[6.1178006993594609,46.222153214650291],[6.1178001945723972,46.222152650935669],[6.1177996976476976,46.222152083714349],[6.1177992099031497,46.222151512102009],[6.1177987299991257,46.222150937882354],[6.1177982592533455,46.222150360171142],[6.1177977976876505,46.222149778068889],[6.117797345258345,46.222149193374499],[6.1177969006914719,46.222148605173381],[6.1177964652828161,46.222148013480705],[6.1177960403064047,46.222147419210984],[6.1177956231923725,46.22214682143462],[6.1177952152147457,46.222146221066026],[6.1177948163953619,46.222145617205889],[6.1177944267123827,46.222145010753586],[6.1177940461657947,46.222144401709159],[6.1177936760732292,46.222143789188372],[6.1177933137994378,46.222143174959641],[6.1177929619796547,46.222142557254529],[6.1177926124675439,46.222141951272384],[6.1177922720918119,46.222141342698059],[6.1177919408524968,46.222140731531624],[6.1177916187277077,46.222140118672478],[6.1177913057392974,46.22213950322115],[6.1177910018872783,46.222138885177756],[6.1177907071497755,46.222138265441593],[6.1177904228445144,46.222137643128498],[6.1177901463579394,46.222137019107464],[6.1177898802817721,46.222136393408952],[6.1177896233420066,46.222135765118239],[6.1177893754948895,46.222135136034332],[6.1177891367841628,46.222134504358195],[6.1177889071879772,46.222133870989424],[6.1177886880021575,46.222133235943041],[6.117788477909011,46.222132600103436],[6.1177882782262198,46.222131962586282],[6.1177880876580293,46.222131323376409],[6.117787906204339,46.222130682473804],[6.1177877338433362,46.22213004077792],[6.1177875718926877,46.222129397404551],[6.1177874190347366,46.222128753237882],[6.117787276565263,46.222128108293099],[6.1177871431885382,46.222127462555044],[6.1177870202221429,46.222126815139433],[6.1177869063484582,46.222126166930586],[6.1177868015455816,46.222125518827866],[6.1177867071530843,46.222124869047576],[6.1177866218532477,46.222124218474036],[6.1177865469201116,46.222123568021864],[6.1177864823754504,46.222122916791513],[6.1177864269016489,46.222122265667373],[6.1177863805205313,46.222121613749941],[6.1177863445279037,46.22212096105438],[6.1177863176061349,46.222120308464966],[6.1177863010509901,46.222119655996927],[6.1177862948843948,46.222119002750766],[6.1177862977667949,46.222118350510179],[6.1177863097418426,46.222117697476314],[6.1177863320616979,46.222117045463229],[6.1177863647700814,46.222116392672021],[6.1177987984302282,46.222024434354161],[6.1176722087743975,46.22192878146285],[6.11743682880196,46.222071732650178],[6.1173055764076851,46.221990995579297],[6.1172913318203843,46.221969420714061],[6.116957974423209,46.221777180110379],[6.1166930519706924,46.221640853243365],[6.1164270519618977,46.221511260783238],[6.1160488645036475,46.221337388384882],[6.1157628116070022,46.221203803126016],[6.1154596905668015,46.221057601309631],[6.1150152674261777,46.220832437553341],[6.1145110025613398,46.220563204900003],[6.1139460399316228,46.220263739596113],[6.1138368056242847,46.220274137153687],[6.1139880910931339,46.220136103009068],[6.1140585256436566,46.220071713018847],[6.1142773023723604,46.219862823851741],[6.1143882605591449,46.219747541436895],[6.1144697955581924,46.219661277753573],[6.1146116522271985,46.219494656122698],[6.1147458532008496,46.219318126209863],[6.1148715667421767,46.219138700360404],[6.1149920474976742,46.218955739308939],[6.115211001774826,46.218628664665786],[6.1153723967553608,46.218476776953928],[6.1156446807350608,46.218164495134346],[6.1156980319874616,46.218102501312316],[6.1158406448203735,46.217951678446653],[6.115871192253957,46.217921537946822],[6.1160814943232991,46.217726797228643],[6.1162430498782294,46.217579607496589],[6.1162435199281315,46.217579039003141],[6.1162439976867429,46.217578473299078],[6.1162444831322365,46.217577911283826],[6.1162449775821397,46.217577352073185],[6.1162454797189127,46.217576796551306],[6.1162459895425432,46.217576244718302],[6.1162465083487305,46.217575696589307],[6.1162470348417486,46.217575152149138],[6.1162475677258472,46.217574611382609],[6.1162481095925667,46.217574074320076],[6.1162486591461178,46.217573540946361],[6.1162492163646336,46.217573012160955],[6.1162497812918986,46.217572486164912],[6.1162503538840651,46.217571964757113],[6.1162509341631131,46.217571447038154],[6.1162515208114252,46.217570933892254],[6.1162521164422596,46.217570424450429],[6.1162527184424071,46.217569919581592],[6.1162533281293365,46.217569418401602],[6.1162539441855062,46.217568921794744],[6.1162545679067035,46.21756842977608],[6.1162551993147209,46.217567941446269],[6.1162558370700593,46.217567458588967],[6.1162564825122949,46.217566979420461],[6.1162571343237939,46.217566504825044],[6.1162577925044825,46.217566034802701],[6.11625845835015,46.217565569368666],[6.1163700752728847,46.217489882749106],[6.1164760827413334,46.217421058806778],[6.1165722883422067,46.217360841522208],[6.1166697548239535,46.217302170198835],[6.1167685101216573,46.217243789195045],[6.1167755460971165,46.217239543207256],[6.1167825884188707,46.217235302691449],[6.1167896384045832,46.217231066763489],[6.1167966934626667,46.217226835392928],[6.1168037548452299,46.21722261039384],[6.1168108213220513,46.217218389052739],[6.1168178954409429,46.217214173198883],[6.1168249759061162,46.217209962817044],[6.1168320627394834,46.217205757007839],[6.116839154623408,46.217201556655446],[6.1168462528755017,46.217197360875666],[6.1168533587696663,46.217193170583123],[6.1168604697143598,46.217188985747363],[6.1168675870491409,46.217184804584853],[6.1168747107083359,46.217180629793759],[6.1168818407356529,46.217176459575235],[6.1168889758136382,46.217172294813608],[6.1168961185555091,46.217168134639721],[6.1169032663479461,46.217163979922695],[6.1169104205085407,46.217159829778254],[6.1169175810154677,46.217155685105844],[6.1169247478687376,46.217151545905438],[6.1169319197944034,46.217147411262467],[6.1169390993621633,46.21714328210669],[6.1169462840023447,46.217139157508257],[6.1169534749888568,46.217135038381905],[6.1169606723216354,46.217130924727506],[6.116967874726936,46.217126815630557],[6.1169750847742819,46.217122712020824],[6.1169822998721806,46.217118613867889],[6.1169895213382777,46.217114520287524],[6.1169965186646653,46.217110796552852],[6.1170035223375612,46.217107078290205],[6.1170105297873159,46.217103364569823],[6.1170175436053444,46.217099655422032],[6.1170245612002692,46.217095950816486],[6.1170315851635078,46.21709225078358],[6.1170386141774884,46.217088556207472],[6.117045648285985,46.217084865289401],[6.1170526874451374,46.217081179828156],[6.1170597316769371,46.217077498924354],[6.1170667809594956,46.217073823477371],[6.117073835336468,46.217070151688411],[6.1170808947641957,46.217066485356284],[6.1170874896348861,46.217063108681359],[6.117094088304416,46.217059735649336],[6.117100692046721,46.217056367174756],[6.1171073008835668,46.21705300235822],[6.1171139134974615,46.217049642084021],[6.1171205299102596,46.217046285452632],[6.1171271513957937,46.21704293337875],[6.1171337766583527,46.217039585847139],[6.1172151977731426,46.217000969166754],[6.1172229572624817,46.216997508055094],[6.1172307116991202,46.216994041485634],[6.117238459809192,46.21699056854375],[6.1172462041404732,46.216987091058684],[6.1172539434190112,46.216983608115783],[6.117261676349159,46.216980119699898],[6.1172694055441825,46.216976624941942],[6.1172771296646218,46.216973125625607],[6.1172848474366965,46.216969620836281],[6.1172925601560033,46.216966110589198],[6.1173002691402631,46.216962594000023],[6.1173079717541619,46.216959072837284],[6.1173514305631276,46.21694141695933],[6.1176787494583138,46.216815412065678],[6.1180282786174764,46.216667003903495],[6.118360492353351,46.216526841977583],[6.1186557663230641,46.216403293418573],[6.118673416003876,46.216397532229657],[6.1191748930063659,46.216233826186567],[6.1191757927913688,46.216233278900404],[6.1191767002413346,46.216232736202279],[6.1191776140388159,46.216232198976478],[6.1191785341837974,46.216231667223049],[6.1191794606763201,46.216231140941922],[6.1191803935162925,46.216230620133182],[6.1191813327037909,46.216230104796772],[6.1191822769649313,46.216229594018081],[6.1191832288474206,46.216229089626303],[6.1191841857817604,46.216228590691742],[6.1191851490417504,46.216228098128987],[6.1191861186711067,46.216227610139079],[6.1191870946479368,46.216227127621515],[6.119188075654769,46.216226651460559],[6.1191890617133868,46.216226180756841],[6.1191900540977171,46.216225716424837],[6.119191052829537,46.216225257565185],[6.1191920553174688,46.216224804147608],[6.1191930654268019,46.216224357116943],[6.1191940792922344,46.216223915528303],[6.119195098187677,46.216223480296279],[6.1191961234306103,46.216223050536556],[6.1191971537035146,46.216222627133483],[6.1191981890282721,46.216222209187613],[6.119199229382966,46.21622179759833],[6.1192002734720319,46.216221392350526],[6.1192013238867355,46.216220993474479],[6.1192023793532497,46.216220600055657],[6.1192034385540763,46.216220212978293],[6.1192045027848776,46.216219832257529],[6.119205570750025,46.216219457878232],[6.1192066437451356,46.216219089855556],[6.1192077217920584,46.216218727290084],[6.1192088035514649,46.216218371965503],[6.1192098903626979,46.21621802209809],[6.1192109808863497,46.21621767947159],[6.1192120751662031,46.216217342287131],[6.1192131731584647,46.216217012343549],[6.1192142762026025,46.21621668785717],[6.1192153816635368,46.216216370596548],[6.1192164921544192,46.216216059692549],[6.1192176063796104,46.216215755130001],[6.1192187243390865,46.216215456908927],[6.1192198447154116,46.21621516591361],[6.1192209688477979,46.216214880360319],[6.1192220979884189,46.216214602063076],[6.1192232282719354,46.216214330077008],[6.1192243635636121,46.216214065347003],[6.1192255012938972,46.216213806943287],[6.1192266414628325,46.216213554865917],[6.1192277853660393,46.216213309129969],[6.1192289329817555,46.216213070634957],[6.1192300830360304,46.216212838466227],[6.119231234211477,46.216212613508134],[6.1192323891212084,46.216212394891542],[6.1192335477433986,46.216212183515779],[6.1192347075085101,46.21621197845122],[6.119235869690467,46.216211780612397],[6.1192370356066332,46.216211589115041],[6.119238202665839,46.216211403928867],[6.1192393721199467,46.216211226867848],[6.1192405440345299,46.216211055233728],[6.1192417170483555,46.216210891709693],[6.1192428925008162,46.21621073451189],[6.1192440703919262,46.216210583640432],[6.1192452494040666,46.216210439979612],[6.1192464295374043,46.216210303529351],[6.1192476121092749,46.216210173405429],[6.1192487970980043,46.216210050507236],[6.1192499819121036,46.21620993480451],[6.119251169164837,46.216209825428074],[6.1192523562430292,46.21620972324714],[6.1192535457379904,46.216209628291921],[6.1192547363758614,46.216209539647892],[6.1192559281348533,46.216209458214443],[6.119257119719264,46.216209383976427],[6.1192583137204704,46.216209316964203],[6.1192595075689491,46.216209256247978],[6.1187910401094818,46.215974461140398],[6.1184372706722812,46.216027991225282],[6.1183194489335246,46.215838379989606],[6.1180161277337657,46.21534968097744],[6.118013043498153,46.21534470379482],[6.1180099514236295,46.215339729219508],[6.1180068502143685,46.215334757236199],[6.1180037398486284,46.215329788744427],[6.1180006216657699,46.215324821960451],[6.1179974943482218,46.215319857768549],[6.1179943578741875,46.215314897068168],[6.1179912122655011,46.215309938959827],[6.1179880575440446,46.215304982544133],[6.1179848949617224,46.215300029635117],[6.1179817232447391,46.215295079318174],[6.117978543688821,46.215290131608469],[6.1179753537025512,46.215285186475626],[6.1179721558555054,46.215280244849474],[6.1179689488956264,46.215275304915956],[6.1179657340749323,46.215270368489058],[6.1179625101414921,46.215265433754816],[6.117959277051539,46.215260502512116],[6.1179560348051218,46.215255574760839],[6.1179527847415578,46.21525064871738],[6.1179495255215652,46.215245726165421],[6.1179462584844293,46.215240805321237],[6.1179429822908666,46.215235887968561],[6.1179396969407911,46.215230974107378],[6.1179364024779535,46.215226061938807],[6.1179331991263242,46.215221293886913],[6.1179299879357441,46.215216528442262],[6.1179267676104629,46.215211765589636],[6.1179235394461848,46.215207005344254],[6.1179203034430216,46.215202247706131],[6.1179170596007815,46.215197492675138],[6.1179138066239318,46.215192740236283],[6.1179105457862928,46.215187991304042],[6.1179072771315441,46.215183244079611],[6.1179040006159324,46.215178500361823],[6.1179007149656695,46.21517375923608],[6.1178974227721605,46.215169020732738],[6.1178941214439631,46.215164284821441],[6.1178908109811809,46.215159551502211],[6.1178874939751235,46.215154820805338],[6.11788416781254,46.215150093599952],[6.1178808338328601,46.215145368102341],[6.1178774919923802,46.215140646111415],[6.1178218447081472,46.215064797945288],[6.1177787493334463,46.215005290161493],[6.1176206977614829,46.214789074907507],[6.1174852627542098,46.214602050990507],[6.117349903895219,46.214415985061883],[6.1172143912246728,46.214229673344917],[6.1170790797974259,46.214043331424008],[6.1169440576747949,46.213857388583037],[6.1168087223577388,46.213671412212967],[6.1166494718133855,46.213452588574611],[6.1164908602684269,46.213234720457464],[6.1163616636954456,46.213057359788905],[6.1162798414261079,46.21294560252305],[6.1162966232427038,46.212912978540132],[6.1163110081836809,46.212885015644716],[6.1163182040625941,46.212871027038815],[6.1162172429589301,46.212732363382003],[6.1161825319427647,46.212685818758239],[6.1160907275265837,46.212562718044644],[6.1159596397608453,46.21239700098478],[6.1159443954550756,46.212378823125135],[6.1159278958721206,46.212358919341256],[6.1158643675972826,46.212284373191494],[6.1157982377679536,46.212210336319401],[6.115782824649469,46.21219377499775],[6.1157534369087898,46.212161720048435],[6.1157246059882233,46.212130270811791],[6.1156647297048039,46.212067841181529],[6.1156412131466791,46.212043816382106],[6.1155166058564667,46.211919300433003],[6.1154553489765844,46.211859303451206],[6.1154071229325115,46.211812414760722],[6.115315890249108,46.211727783582774],[6.1152698302828217,46.211682267067701],[6.1151899979450786,46.211610599946177],[6.1151206326547483,46.211546943107983],[6.1150448685105241,46.211475176946905],[6.1149687966331214,46.211399556454786],[6.1149421098546819,46.211371470006846],[6.1148707243673304,46.211293934102173],[6.1148141275405656,46.211305288169136],[6.1147972522458991,46.211274229960537],[6.1147549144158777,46.211167410710793],[6.1147302801911705,46.21111836754784],[6.1147297162298404,46.211117525120059],[6.1147291418382741,46.211116685269019],[6.1147285595857168,46.211115848924457],[6.1147279668810599,46.211115016056027],[6.1147273663592294,46.211114184895258],[6.1147267566589285,46.211113358125232],[6.1147261378239666,46.211112533947123],[6.1147255098324402,46.211111713260301],[6.1147248739799593,46.211110896080058],[6.1147242276753513,46.211110082375889],[6.114723573531629,46.211109271278765],[6.1147229115269415,46.211108463688213],[6.114722239048211,46.211107660473211],[6.1147215587304427,46.211106859865282],[6.1147208705297791,46.211106063663316],[6.1147201718988917,46.211105270038026],[6.1147194666806968,46.211104480833932],[6.1147187510103347,46.211103695105905],[6.1147180287527165,46.211102913799024],[6.1147172960648861,46.211102135068856],[6.1147165567897472,46.211101360759841],[6.1147158083361521,46.211100590841589],[6.1147150507259918,46.211099824414624],[6.1147142865503996,46.21109906150938],[6.1147135131964285,46.211098302994863],[6.1147127319595214,46.211097548886372],[6.1147119415661138,46.211096798269125],[6.1147111445634934,46.211096052972501],[6.1147103384262218,46.211095310267723],[6.1147095243841392,46.211094572868369],[6.114708702481142,46.211093838975536],[6.1147078726733319,46.21109311038807],[6.1147070350045558,46.211092385307097],[6.1147061894529218,46.211091664632086],[6.1147053372920226,46.211090949277633],[6.1147044759746851,46.211090237414538],[6.1147039953799345,46.211089856605483],[6.1147035094934834,46.211089480232765],[6.1147030170416024,46.211089107381788],[6.1147025180243038,46.211088738052524],[6.1147020123977418,46.211088374043861],[6.1147015002058236,46.21108801355691],[6.1147009827220922,46.211087657506319],[6.1147004586729814,46.211087304977426],[6.1146999293102304,46.211086957784353],[6.1146993933601586,46.211086615012412],[6.1146988508446425,46.211086275762192],[6.1146983043110223,46.211085941862983],[6.1146977511901301,46.211085612384871],[6.1146971927774247,46.211085287343167],[6.1146966277774748,46.211084966722581],[6.1146960587813366,46.211084650553516],[6.1146954413417971,46.211084301427334],[6.1146948172711655,46.211083958521172],[6.1146941866131987,46.211083620036106],[6.1146935506197133,46.211083287786288],[6.1146929079950878,46.211082961756468],[6.1146922600787237,46.211082640163013],[6.1146916055312568,46.211082324789565],[6.1146909456482224,46.211082015651336],[6.1146902791559743,46.211081711833678],[6.1146896086237934,46.211081414266445],[6.114688932756045,46.211081122934445],[6.1146882502790714,46.211080836923003],[6.1146875637621401,46.211080557161971],[6.1146868719096785,46.211080283636214],[6.1146861747216592,46.211080016345598],[6.1146854722199651,46.211079754390809],[6.1146847656564471,46.211079499585857],[6.1146840550529591,46.211079251031286],[6.114683339113915,46.211079008712005],[6.1146826191348511,46.211078772643056],[6.1146818951158552,46.211078542824588],[6.1146811670568759,46.211078319256515],[6.1146804336623681,46.211078101923661],[6.1146796975015345,46.211077891755842],[6.1146789573007183,46.211077687838454],[6.114678214355556,46.211077490186668],[6.1146774660529095,46.21107729966954],[6.1146767150058157,46.211077115417986],[6.1146759612143624,46.211076937432111],[6.1146752033610268,46.211076766596044],[6.1146744440369867,46.211076602940253],[6.1146736806729391,46.211076445534857],[6.1146729132689108,46.211076294379893],[6.114672144394155,46.211076150405155],[6.1146713740487,46.211076013610658],[6.1146705996631958,46.211075883066627],[6.1146698238069801,46.211075759702773],[6.1146690452063552,46.211075642604591],[6.1146682638175527,46.21107553357087],[6.1146674822754621,46.211075430833183],[6.1146666979889774,46.211075334361084],[6.1146659122098344,46.211075245968708],[6.114665123686283,46.211075163841876],[6.1146643350095102,46.211075088011135],[6.1146635448400284,46.211075020260061],[6.1146626025890782,46.211075024499003],[6.1146616614584497,46.211075035948646],[6.1146607201964986,46.211075052794826],[6.1146597787374795,46.21107507773592],[6.1146588371470756,46.211075108073565],[6.1146578966770919,46.211075145621898],[6.1146569573493688,46.211075189481406],[6.1146560178683744,46.211075239636962],[6.1146550795077337,46.211075297003184],[6.1146541422894325,46.211075360680574],[6.1146532062134158,46.211075430669212],[6.1146522712577829,46.211075507868522],[6.114651336148861,46.211075591363802],[6.1146504034777864,46.211075681185513],[6.1146494719490505,46.211075777318435],[6.114648541540709,46.211075880662015],[6.1146476135701766,46.211075990332013],[6.1146466867419544,46.211076106313236],[6.1146457610560327,46.21107622860567],[6.1146448377860301,46.211076358123961],[6.1146439169758136,46.211076493069207],[6.1146429972859684,46.211076635225183],[6.114642080033982,46.211076783707519],[6.1146411639242952,46.211076938501073],[6.1146402515480531,46.211077099636242],[6.1146393416096725,46.211077267097828],[6.1146384328135381,46.21107744087066],[6.1146375277508387,46.211077620985122],[6.1146366251040574,46.21107780832542],[6.1146357249170373,46.21107800109268],[6.1146348284635037,46.21107820020157],[6.1146339344477774,46.211078405636904],[6.114633042869924,46.211078617398655],[6.1146321550254656,46.211078835502036],[6.1149178496741321,46.210952983056984],[6.1147365025478901,46.210700817584815],[6.1147352425013501,46.210701206761279],[6.1147339799950862,46.210701590510745],[6.1147327124816799,46.210701967003914],[6.1147314399393036,46.210702337140255],[6.1147301649809611,46.210702700050717],[6.1147288862672662,46.210703057518977],[6.1147276025245798,46.210703408630387],[6.1147263163659353,46.210703752515926],[6.1147250264738844,46.210704090059849],[6.1147237328702921,46.210704420362696],[6.1147224355113341,46.210704745223289],[6.1147211344408499,46.210705062842862],[6.1147198309325548,46.210705374135976],[6.1147185237126296,46.210705678188035],[6.1147172140549069,46.210705975913648],[6.1147159006637395,46.210706267297603],[6.1147145835610814,46.210706551440481],[6.1147132640205113,46.210706829256921],[6.1147119420639715,46.210707099847497],[6.1147106163740128,46.210707364096415],[6.1147092882461695,46.210707622018923],[6.1147079577023682,46.210707872715545],[6.1147066247426496,46.210708116186304],[6.1147052893450216,46.210708353330581],[6.1147039515095196,46.210708584148485],[6.1147026099844313,46.210708806825807],[6.1147012672951275,46.210709024091351],[6.1146999222117051,46.21070923323159],[6.1146985746685605,46.210709436944839],[6.1146972247313753,46.210709632532762],[6.1146958736518657,46.210709821809473],[6.1146945201563874,46.210710003860292],[6.1146931642230626,46.210710179584666],[6.1146918071693044,46.210710348098367],[6.1146904489951615,46.210710509401352],[6.1146890883831988,46.210710664377963],[6.114687725355255,46.210710812128646],[6.1146863625024244,46.21071095268389],[6.1146849972117998,46.210711086912674],[6.1146836308007524,46.210711213930821],[6.1146822619737362,46.210711333723069],[6.1146808933219008,46.210711446319863],[6.1146795235277276,46.210711552605417],[6.1146781513176212,46.210711651665051],[6.1146767792827204,46.210711743529245],[6.1146754061273469,46.210711828182774],[6.1146740318297645,46.21071190652502],[6.1146726577072963,46.210711977671828],[6.1146712811688992,46.210712041592764],[6.114669904805627,46.21071209831824],[6.1146685285956552,46.210712148747618],[6.1146671512652881,46.210712191966358],[6.11466577283643,46.210712227074993],[6.1146643945389547,46.210712256787019],[6.114663016438513,46.210712278404159],[6.1146616384913814,46.210712293725237],[6.1146602594457073,46.210712300936216],[6.1146588805533604,46.210712301851167],[6.1146575018361524,46.210712295570637],[6.1146561232722316,46.210712282994045],[6.1146547449053683,46.210712262322573],[6.1146533666918303,46.210712235355061],[6.1146519886533932,46.210712201192081],[6.1146506120857209,46.210712159848804],[6.1146492343976924,46.210712111294882],[6.1146478581584738,46.210712056460075],[6.1146464820944448,46.210711994429836],[6.1146451075011186,46.2107119252193],[6.114643733082981,46.210711848813297],[6.1146423588400616,46.210711765211855],[6.1146409873414731,46.210711675344747],[6.114639614722555,46.210711578266988],[6.114638244869961,46.210711474024166],[6.1146368751924944,46.210711362585833],[6.1146355069857927,46.210711243967246],[6.1146341402279116,46.210711119067838],[6.1146328994240511,46.210710983950307],[6.1146316600909794,46.21071084165257],[6.1146304235023026,46.210710693089197],[6.1146291883843285,46.210710537345527],[6.1146279547371174,46.210710374421616],[6.1146267225387803,46.210710205216813],[6.1146254931067041,46.210710028846997],[6.1146242651453813,46.210709845296897],[6.1146230399504216,46.210709654581741],[6.114621816204207,46.210709457585772],[6.1146205952243582,46.210709253424703],[6.1146193769889052,46.210709042997998],[6.1146181615197621,46.210708825406236],[6.1146169475213963,46.210708600634234],[6.1146157375629651,46.21070836961173],[6.114614529075296,46.210708131409035],[6.1146133233320494,46.210707886940696],[6.1146121216506248,46.210707635322471],[6.1146109227136733,46.210707377438624],[6.1146097252474352,46.2107071123745],[6.1146085331167273,46.210706841075144],[6.1146073424567717,46.210706562595533],[6.1146061558368237,46.210706277865519],[6.1146049719831383,46.210705985970385],[6.1146037921694445,46.21070568782487],[6.1146026163957377,46.21070538342893],[6.1146014433883407,46.210705071867885],[6.1146002731253404,46.210704754041224],[6.1145991081978845,46.210704429979316],[6.1145979460367759,46.210704098752387],[6.1145967879156284,46.210703761274999],[6.1145956351299979,46.210703417562407],[6.1145944850888014,46.210703067584177],[6.1145933391094642,46.210702710456118],[6.1145921971700847,46.21070234707755],[6.1145910605662994,46.210701977463799],[6.1145899267069108,46.210701601584418],[6.1145887981830649,46.210701219469819],[6.1145876736992006,46.210700831104774],[6.1145865545508302,46.210700436504517],[6.1145854394425054,46.210700035653836],[6.1145843296915627,46.210699627668454],[6.1145832239587632,46.210699214332109],[6.1145821235614441,46.210698794760553],[6.114581027204145,46.210698368938566],[6.1145799374779495,46.210697936896544],[6.114578851769795,46.21069749950356],[6.1145777701235255,46.21069705496069],[6.1145766950865088,46.210696605097219],[6.1145756253849974,46.210696148998537],[6.1145745597235042,46.210695686649402],[6.1145735006711881,46.210695218979708],[6.1145724469544396,46.210694745074782],[6.114571398573184,46.210694264934638],[6.1145703555056068,46.210693779458694],[6.1145693190691457,46.210693287762716],[6.114568286650738,46.210692790715754],[6.1145672621589808,46.210692287463978],[6.1145662416853828,46.210691778861225],[6.1145652278428591,46.210691264038431],[6.1145642206094992,46.210690743895064],[6.1145632186898284,46.210690218415891],[6.1145618851291603,46.210689368755915],[6.1145605581557971,46.210688514674722],[6.1145592391091412,46.210687654388778],[6.1145579266498302,46.210686789681638],[6.1145566207778304,46.210685920553331],[6.1145553215369706,46.210685045204968],[6.1145540301789811,46.210684165450722],[6.1145527454302311,46.210683280375839],[6.1145514672688295,46.210682390879768],[6.1145501970122016,46.210681496078358],[6.1145489333648237,46.210680595956333],[6.1145476776003047,46.210679691428339],[6.11454642971868,46.210678782494419],[6.1145451884463071,46.210677868239877],[6.1145439537831603,46.210676948664741],[6.1145427270028705,46.210676024683664],[6.1145415081055283,46.210675096296612],[6.1145402970910432,46.210674163503633],[6.1145390926857708,46.21067322539006],[6.114537896163406,46.210672282870533],[6.1145367075239525,46.210671335945023],[6.1145355254936851,46.21067038369894],[6.114534351324421,46.210669427946335],[6.1145331863555441,46.210668466903527],[6.1145320279739499,46.210667501439588],[6.1145308774752767,46.210666531569679],[6.1145297348594756,46.210665557293822],[6.1145286001265697,46.210664578612025],[6.1145274719809857,46.210663595509054],[6.1145263530138712,46.210662608015333],[6.1145252419296261,46.210661616115644],[6.1145241387063614,46.21066062070949],[6.1145230446835059,46.210659620013111],[6.1145219572259943,46.210658615795012],[6.1145208776514535,46.210657607170944],[6.1145198072553058,46.210656594156177],[6.114518744720165,46.21065557763486],[6.1145176900678795,46.210654556707574],[6.1145166432985167,46.210653531374383],[6.1145156057075951,46.210652501650408],[6.1145145759776547,46.210651468419911],[6.1145135541087061,46.210650431682893],[6.114512541418188,46.210649390555162],[6.1144147084322231,46.210539354918495],[6.1143609231100067,46.210481577260232],[6.1143452328678922,46.210464832542634],[6.1142733594886902,46.2103874056736],[6.1142694343006276,46.210388889075048],[6.1141501731325505,46.210257719914537],[6.1139825151503358,46.210091278772595],[6.1136854198821,46.209802706152338],[6.1136835389086599,46.209800869392716],[6.1136816657961859,46.209799029126579],[6.1136798005666453,46.209797184454573],[6.11367794451556,46.209795335391846],[6.1136760963254284,46.209793482822612],[6.1136742559963935,46.209791626746934],[6.1136724248676657,46.209789765381103],[6.1136706015999547,46.209787900508793],[6.1136687874887734,46.209786032145203],[6.1136669812605113,46.209784159375744],[6.1136651828932678,46.20978228309977],[6.1136633937044422,46.209780402433125],[6.1136616136722202,46.209778518275201],[6.1136598402053917,46.20977663059557],[6.1136580772126043,46.209774738540467],[6.1136563220807592,46.209772842978914],[6.1136545748318625,46.209770943011414],[6.1136528367395293,46.209769039552675],[6.1136511078037099,46.209767132602629],[6.1136493867507626,46.20976522124672],[6.1136476748544064,46.209763306399552],[6.1136459708190278,46.209761388045884],[6.1136442759402048,46.209759466200964],[6.1136425902178564,46.209757540864828],[6.1136409123784548,46.209755611122709],[6.1136392436955926,46.209753677889388],[6.113637584169247,46.209751741164773],[6.1136359325039047,46.209749800933707],[6.1136342899950522,46.209747857211362],[6.1136326566428023,46.209745909997764],[6.1136310311514563,46.209743959277745],[6.113629414838643,46.209742004166984],[6.1136278076603903,46.209740046464425],[6.1136262096386647,46.20973808527058],[6.1136246194779176,46.209736120570277],[6.1136230384956542,46.209734151479275],[6.1136214666479995,46.209732179796447],[6.1136199039567973,46.209730204622396],[6.1136183491266882,46.209728225941831],[6.1136168047266501,46.20972624468471],[6.113615268209533,46.209724259021634],[6.1136137408270024,46.209722270766768],[6.1136122226229519,46.209720278121239],[6.1136107135534754,46.209718282883841],[6.1136092136186102,46.209716285054675],[6.1136077215666269,46.209714282819576],[6.1136062399448035,46.209712278007885],[6.1136047661839719,46.209710269689694],[6.1136033028751511,46.209708257895507],[6.113601847405433,46.209706243494246],[6.113600401092202,46.20970422560179],[6.1135989652091585,46.209702205132693],[6.1135975371870552,46.209700181157132],[6.1135961183214276,46.209698153690312],[6.1135947085904503,46.209696123631694],[6.1135933092895929,46.209694090996486],[6.1135919178497158,46.209692054854813],[6.1135905355663649,46.209690015221838],[6.1135891637130975,46.209687973012301],[6.1135877996989318,46.209685928195761],[6.1135864461367895,46.209683879903146],[6.1135851004356017,46.20968182810406],[6.1135837651426561,46.209679774627858],[6.1135824390062394,46.209677717660369],[6.1135811207087958,46.209675658085857],[6.1135798128634891,46.209673595035284],[6.1135785154482054,46.209671529408176],[6.1135772258720333,46.209669461174023],[6.1135759454304601,46.209667390348045],[6.1135746754408995,46.209665316046028],[6.1135734145640193,46.209663240051654],[6.1135721628435915,46.209661160566007],[6.1135709202578123,46.209659078488556],[6.1135696868065548,46.209656993819316],[6.1135684637854828,46.209654906573476],[6.1135672486253263,46.209652815821165],[6.1135660438733739,46.209650723391668],[6.1135648495515689,46.209648628385601],[6.1135636630687609,46.209646530772545],[6.1135624870379681,46.209644429683394],[6.1135613201198797,46.2096423269019],[6.1135601623363547,46.209640221528595],[6.1135590149829211,46.209638113578684],[6.1135578754685405,46.209636003021792],[6.1135567476798416,46.209633889903458],[6.1135556277301033,46.20963177417817],[6.1135545181885709,46.209629656775661],[6.1135534178035371,46.209627535881936],[6.1135523278267367,46.209625413311031],[6.1135512456669794,46.209623289032592],[6.1135501752548471,46.209621161293278],[6.1135491126597969,46.209619031846373],[6.1135480604948294,46.209616899822933],[6.1135470174644482,46.209614765207682],[6.1135459848422196,46.209612628915217],[6.1135074291520741,46.209623476222539],[6.1135002245075141,46.209626536924716],[6.1131988432708422,46.209334520807886],[6.1131963472163475,46.209335750152569],[6.1130358606588153,46.209179913648939],[6.112907378258968,46.209055658656723],[6.112881086845265,46.20903403701152],[6.1126654901501878,46.208811192254117],[6.1124916008370525,46.20863627247833],[6.1124752420819233,46.208621957789866],[6.1124062003024822,46.208543512122304],[6.1122911790051413,46.208375557467015],[6.112130833121924,46.208118006906105],[6.1120460347866228,46.207959495055249],[6.1119888214520568,46.207875592119329],[6.1119754724456605,46.207856001876706],[6.1119374386015082,46.207800232781587],[6.1115955758173595,46.207299625458035],[6.1111671175097237,46.206702851604597],[6.1110159998959963,46.206525799678076],[6.1109924463657856,46.206497631259126],[6.1108429700472975,46.206295221762495],[6.1108359831449537,46.206286031083287],[6.110659586880633,46.206053971051993],[6.1106236549927866,46.206007112460682],[6.1105573405419005,46.20599499581882],[6.1104982948962121,46.205976648881311],[6.1104444605291626,46.205951797325],[6.1103968565657576,46.205921265574133],[6.1103554505881581,46.205886487360011],[6.1103215047188737,46.205848470805606],[6.1102927778319582,46.205809258818427],[6.1102807828275543,46.205785421576202],[6.110271506662265,46.2057669874889],[6.1102562395811404,46.205723260971133],[6.1102456586689016,46.205678506398243],[6.1102385495308988,46.205624349558903],[6.110237564943616,46.205568738055007],[6.1102408782258699,46.205507038571682],[6.1102639488319603,46.205372591591093],[6.1103326225793113,46.204972047732078],[6.1103993227320466,46.204680190990601],[6.1104200477577679,46.204589817355142],[6.1104505883800622,46.204415598452073],[6.1104717963794926,46.204294825492759],[6.1104795983026214,46.204252106515845],[6.1105364957865271,46.203928825136508],[6.110632635188467,46.203802845084333],[6.1106638299878409,46.203762011888308],[6.1107552866985744,46.203244775517319],[6.1108285131533036,46.202830619677435],[6.1106777796273315,46.202818185161703],[6.1107458000906494,46.202417659577854],[6.1107700912638157,46.20241967468305],[6.1108513394684367,46.20247597260542],[6.110888860371257,46.202487851031051],[6.1109245038408311,46.202287766658706],[6.1110403359103307,46.201637543355176],[6.1111342335162586,46.201672914714607],[6.1112795054407014,46.201726273336249],[6.1112596171540225,46.201567210022759],[6.1112344475931044,46.201568178849193],[6.1112508178356126,46.201399910066399],[6.1113020880408788,46.200866743036094],[6.1113352785292498,46.200437492411375],[6.1113381859244127,46.200276287943488],[6.1112865031698762,46.199983478865946],[6.1113095583023611,46.199667868401903],[6.1113558228056695,46.199221081944316],[6.1113708000325557,46.199076406426173],[6.1113904291245778,46.198932239080357],[6.1114680436194071,46.198448570717936],[6.1115997214956659,46.197841017766905],[6.1116190400245518,46.197750380037384],[6.1117253068364112,46.19740062631557],[6.1117945097495285,46.197200150201773],[6.1118311066759707,46.197097955836497],[6.1118316861034625,46.197096456572346],[6.1118322758269557,46.197094960128325],[6.111832874595156,46.197093464690418],[6.1118334836813029,46.197091971173208],[6.1118341030854184,46.197090479576737],[6.1118347314903962,46.197088990785204],[6.1118353702352088,46.197087503014963],[6.1118360192760885,46.197086018064851],[6.1118366773397215,46.197084535020274],[6.1118373444261049,46.197083053881158],[6.1118380218304091,46.197081574662796],[6.1118387095527096,46.197080097365152],[6.1118394062758457,46.197078622872432],[6.1118401133168758,46.19707715030043],[6.1118408293587665,46.197075680533374],[6.1118415557186161,46.197074212687035],[6.1118422911011416,46.19707274674618],[6.1118430354845286,46.197071283610235],[6.1118437901858105,46.197069822395051],[6.1118445551831959,46.197068364000017],[6.111845329181353,46.197066908409916],[6.111846112202163,46.197065454725298],[6.1118469055191014,46.19706400386081],[6.1118477078587308,46.197062554901855],[6.1118485204943616,46.197061108763045],[6.1118493421307774,46.197059665429116],[6.1118501727680057,46.197058224900125],[6.1118510137231645,46.197056786291881],[6.1118518636572441,46.197055351387988],[6.1118527226139872,46.197053918389599],[6.1118535918667591,46.197052488211327],[6.1118544701203161,46.197051060837993],[6.1118553573527175,46.197049637168988],[6.1118562549031124,46.197048215420757],[6.1118571601589879,46.197046796462182],[6.111858075710904,46.197045380323779],[6.1118590015369447,46.197043967904932],[6.1118599350904059,46.197042557376342],[6.1118608789179802,46.197041150567379],[6.1118618304511099,46.197039746548043],[6.111862792280216,46.197038345348886],[6.111863764383421,46.197036947869321],[6.1118647441921441,46.197035553179468],[6.1118657330017276,46.197034161294447],[6.1118667321072264,46.197032772229662],[6.1118677388964029,46.197031386853965],[6.1118687559596143,46.197030005197796],[6.1118697820236241,46.197028626346615],[6.111870817088394,46.197027250300337],[6.1118718611319673,46.19702587795836],[6.1118729128811236,46.197024508406123],[6.1118739748823989,46.197023143472876],[6.1118750459063884,46.19702178044512],[6.1118761258872913,46.197020422021126],[6.1118772148689562,46.197019066402071],[6.1118783115342339,46.197017714472111],[6.1118794184955014,46.19701636536233],[6.1118805331184545,46.19701502084105],[6.1118816580373352,46.197013679139964],[6.1118827906399282,46.197012341127923],[6.1118839322212777,46.197011006820276],[6.111885082781507,46.197009676216958],[6.1118862423204936,46.19700834931799],[6.1118874095431188,46.197007026108125],[6.111888587039866,46.197005706617873],[6.1118897722201426,46.197004390816659],[6.1118909650840401,46.197003078704611],[6.1118921682219884,46.19700177031212],[6.1118933790435515,46.197000465608731],[6.1118942756307737,46.196999295761728],[6.1118951812188342,46.196998128719656],[6.1118960957856965,46.196996965381928],[6.1118970193314039,46.196995805748529],[6.1118979505826667,46.196994648904841],[6.1118988921080311,46.196993495780717],[6.1118998413389489,46.196992345446283],[6.1119007995267047,46.196991199715619],[6.1119017654200674,46.196990056774638],[6.1119027415875555,46.19698891755322],[6.1119037241652903,46.196987781106266],[6.1119047169951699,46.196986649278344],[6.1119057175306324,46.196985520240062],[6.1119067270230083,46.196984395805586],[6.1119077455161195,46.196983274176006],[6.1119087716709517,46.196982157134968],[6.111909805531301,46.196981042883614],[6.1119108496437722,46.196979933251299],[6.1119119001446389,46.196978827292845],[6.1119129596463164,46.196977724139295],[6.1119140281048194,46.196976625589514],[6.1119151042250559,46.196975531628276],[6.1119161893460792,46.196974440471969],[6.1119172821287373,46.196973353904163],[6.1119183825950589,46.19697227102553],[6.1119194920182434,46.196971192750631],[6.11192060912503,46.196970118164828],[6.111921733915441,46.196969047268176],[6.1119228676627309,46.196967980975273],[6.1119240090936584,46.19696691837148],[6.1119251581862324,46.196965860356237],[6.1119263149624201,46.196964806030046],[6.1119274806954964,46.19696375630766],[6.1119286540903088,46.19696271117386],[6.1119298351686329,46.19696166972912],[6.1119310239086921,46.19696063287293],[6.1119322203104378,46.196959600605268],[6.1119334243957431,46.196958572026752],[6.1119346361427347,46.196957548036707],[6.1119358568466273,46.196956528650475],[6.1119370839169482,46.19695551383753],[6.1119383186489173,46.196954503613171],[6.1119395623597805,46.196953497093055],[6.1119408124151056,46.196952496045746],[6.1119420701540168,46.196951498687525],[6.1119433355326978,46.196950506817245],[6.1119446085949543,46.19694951863611],[6.111945888001749,46.196948535927717],[6.111947176365395,46.196947557823023],[6.1119484710955083,46.196946584291695],[6.1119497734873161,46.196945615348888],[6.1119510822455041,46.196944650979368],[6.1119523999606322,46.196943691213619],[6.1119537240202337,46.196942736920604],[6.1119550544682451,46.196941786301458],[6.1119563938292485,46.196940842084949],[6.1119577382833814,46.196939901527067],[6.1119590916725235,46.196938966472359],[6.1119604501328393,46.196938035975741],[6.1119618175281287,46.19693711098234],[6.1119631912898456,46.196936190562219],[6.1119645713960393,46.196935275614806],[6.1119659591639408,46.196934365255956],[6.1119673532982466,46.196933459470394],[6.111968753777103,46.196932559157545],[6.1119701618956901,46.196931664332674],[6.1119715763806557,46.19693077408111],[6.1119729972101329,46.196929889302275],[6.1119744243841359,46.196929009996133],[6.1119758591978934,46.196928136177981],[6.1119773003780677,46.19692726693313],[6.111978747924633,46.196926402261553],[6.1119802017938305,46.196925543962152],[6.1119816620294225,46.196924690236017],[6.1119831285876094,46.196923842882079],[6.1119846028074409,46.196923000116641],[6.1119860820765446,46.196922162808697],[6.1119875676901341,46.196921330973517],[6.1119890596482618,46.196920504611015],[6.1119905579728453,46.196919682821843],[6.1119920626199589,46.196918867404804],[6.1119937647959919,46.196917814993476],[6.1119954746336473,46.196916767170698],[6.1119971907938586,46.196915725720046],[6.1119989146157314,46.196914688857937],[6.1120006447820776,46.196913657468528],[6.1120023799977332,46.19691263153657],[6.1120041241482816,46.196911611107858],[6.1120058733480906,46.196910596136611],[6.1120076288923846,46.196909586638057],[6.1120093920544427,46.196908583526898],[6.1120111615829309,46.196907584989042],[6.1120129374559147,46.196906591923891],[6.1120147183780951,46.196905604316228],[6.1120165069400816,46.196904622196485],[6.1120183018245244,46.196903646448945],[6.1120201030754471,46.196902675274643],[6.1120219106488758,46.19690171047251],[6.1120237245668312,46.196900751143048],[6.1120255435120878,46.196899798170556],[6.1120273701190317,46.196898849786535],[6.1120292017532627,46.196897907759443],[6.1120310397319555,46.196896971205078],[6.1120328840551617,46.196896040123406],[6.1120347334056566,46.196895115398632],[6.1120365903959346,46.196894196161843],[6.1120384524354296,46.196893282382511],[6.1120403195022668,46.1968923749601],[6.1120421942087813,46.196891473025623],[6.1120440726474206,46.196890577432825],[6.112045958725763,46.196889687327939],[6.112047849853349,46.196888802680576],[6.1120497459863623,46.196887925289538],[6.1120516484857772,46.196887052471787],[6.1120535573077648,46.196886186026184],[6.1120554711570536,46.196885325937465],[6.1120573900555737,46.19688447130622],[6.1120593152766896,46.196883623047142],[6.1120612455470509,46.196882780245552],[6.1120631808447907,46.196881943800825],[6.1120651211697705,46.196881113712998],[6.1120670678174083,46.19688028999736],[6.1120690195142275,46.19687947173918],[6.1120709762384138,46.196878659837921],[6.1120729393070601,46.196877853409354],[6.1120749061078312,46.196877053322403],[6.1120768792311591,46.196876259607663],[6.1120788573818032,46.196875472249815],[6.1120808392645953,46.196874691233653],[6.1120828274918253,46.196873915690148],[6.1120848207244407,46.196873147403032],[6.112086817711158,46.196872384558127],[6.1120888210203583,46.196871628085361],[6.1120908280617323,46.196870877954275],[6.112092840130436,46.196870134180067],[6.1120948572264018,46.196869396762821],[6.1120968793716761,46.196868664803027],[6.1120989065224007,46.196867940099537],[6.1121009374051845,46.196867221737733],[6.1121029733372509,46.196866508833388],[6.1121050142747038,46.196865803185396],[6.1121070589442663,46.196865103879063],[6.1121091086631001,46.196864410030173],[6.1121111633873317,46.196863723437652],[6.1121132218436998,46.196863043186838],[6.1121152840321278,46.196862369277625],[6.1121173512479343,46.196861701725346],[6.1121194234910918,46.196861040529939],[6.1121214994443722,46.196860386575679],[6.1121235791517661,46.196859738063644],[6.112125662569265,46.196859096792672],[6.1121277510141416,46.196858461878627],[6.1121298444863612,46.196857833321474],[6.1121319403955106,46.196857211090773],[6.1121340413319372,46.196856595216943],[6.1121361446833795,46.196855986568998],[6.1121382530620991,46.196855384277981],[6.1121403651729915,46.196854788328579],[6.1121424822892187,46.196854199635524],[6.1121446018424175,46.196853617268928],[6.112146725127702,46.196853041243948],[6.1121488521451077,46.196852471560703],[6.1121509828726568,46.196851909118514],[6.1121531173323698,46.196851353017991],[6.112155255502274,46.196850804158593],[6.1121573974043155,46.19685026164084],[6.1121595430384552,46.196849725464737],[6.1121616911094883,46.196849195615094],[6.1121638441639892,46.196848673921195],[6.1121659983821086,46.196848157639053],[6.1121681576056535,46.196847648613264],[6.1121703192441501,46.196847146813354],[6.1121724846367105,46.196846650455647],[6.1121746537175365,46.196846162238486],[6.1121768252352693,46.196845680347735],[6.1121789991898936,46.196845204783429],[6.1121811768547119,46.196844736460235],[6.1121833582516674,46.196844274478686],[6.1121855407683325,46.196843819707752],[6.1121877282904586,46.196843372193186],[6.1121899169542466,46.196842930989796],[6.1121921093501728,46.196842496128092],[6.1121943041610498,46.196842068492224],[6.1121965026821323,46.196841648097426],[6.1121987036401473,46.196841234029151],[6.1122009057178843,46.196840827171414],[6.1122031115058402,46.196840427554804],[6.1122053210258942,46.196840034279873],[6.1122075316657325,46.196839648215551],[6.1122097447424526,46.196839268477682],[6.1122119602341725,46.196838895965648],[6.1122141781408974,46.196838530679514],[6.112216399779693,46.196838171735024],[6.1122186225382977,46.196837820001157],[6.1122208464166521,46.196837475477892],[6.1122230740051746,46.196837138195804],[6.1122253040306402,46.196836807240068],[6.1122275351758404,46.196836483494991],[6.1122297687580094,46.196836166076359],[6.1122320047331904,46.196835856783004],[6.1122342418500564,46.196835553800824],[6.1122364813819257,46.19683525804458],[6.1122387233506874,46.196834968614695],[6.1122409385363339,46.196834661775803],[6.11224315484169,46.19683436214752],[6.1122453735840274,46.196834068845696],[6.1122475947412909,46.196833782769701],[6.1122498170402926,46.196833503004932],[6.1122520417323178,46.196833231365453],[6.1122542675660698,46.196832966037142],[6.1122564958147718,46.196832707934739],[6.1122587252052023,46.19683245614349],[6.1122609556934497,46.196832212462375],[6.1122631886186278,46.196831975107635],[6.1122654226635902,46.196831744963511],[6.1122676591454335,46.196831521145867],[6.1122698954518837,46.196831304523563],[6.1122721341513424,46.1968310960266],[6.1122743740144951,46.196830892941428],[6.112276614975416,46.196830697966284],[6.1122788570780999,46.196830509302316],[6.1122811002785644,46.196830328748469],[6.1122833459159969,46.196830154521002],[6.1122855913999272,46.196829986589492],[6.1122878379817136,46.196829826768095],[6.1122900857051743,46.196829673257859],[6.1122923345264404,46.196829527857723],[6.1122945844894589,46.196829388768769],[6.1122968355722627,46.196829256890446],[6.1122990865014994,46.196829131308057],[6.1123013385286677,46.196829013835767],[6.1123035916974748,46.196828902674703],[6.1123058446908747,46.196828798708985],[6.1123081000992743,46.196828701969153],[6.1123103540369872,46.196828612409483],[6.1123126103897292,46.196828530075685],[6.1123148665889779,46.196828454037842],[6.1123171226127333,46.19682838519541],[6.1123193797343811,46.19682832446307],[6.1123216367025384,46.19682827002665],[6.1123238947904168,46.196828222800889],[6.1123261527248554,46.196828181871105],[6.1123284104618811,46.196828149036158],[6.1123306680454297,46.196828122497145],[6.1123329267268218,46.196828104068224],[6.1123351852547207,46.196828091935259],[6.1123374449023808,46.196828087012946],[6.1123397030794173,46.196828089270781],[6.1123419611029233,46.196828097824593],[6.1123442202243377,46.196828114488454],[6.11234647789699,46.196828137433094],[6.1123487366674754,46.196828168487734],[6.1123509952845332,46.196828205838393],[6.1123532524308759,46.196828250369215],[6.1123555094018247,46.19682830209544],[6.1123577662192714,46.196828360117635],[6.1123600241345608,46.196828426249908],[6.1123622793058985,46.196828498647669],[6.1123645355751437,46.196828579155522],[6.1123667903956802,46.196828665944068],[6.1123690450407464,46.196828759928032],[6.1123712995104302,46.196828861107448],[6.1123735525094647,46.196828969466999],[6.1123758053549828,46.196829084122527],[6.1123780567298382,46.196829205958238],[6.1123803079073697,46.196829335888737],[6.1123825576361819,46.196829472100035],[6.1123848071895859,46.196829615506708],[6.1123870552723272,46.196829766093558],[6.112389301906374,46.196829922961136],[6.1123915483430711,46.19683008792358],[6.1123937933310595,46.196830259166781],[6.1123960381436167,46.196830437605335],[6.1123982801903054,46.196830623208868],[6.1124005220615993,46.196830816007811],[6.1124027624841739,46.19683101508749],[6.1124050014360725,46.196831221347324],[6.1124072388954813,46.196831435686768],[6.1124094749280724,46.196831655407543],[6.1124117094680841,46.196831883207913],[6.1124139425374855,46.196832118188489],[6.1124161741581648,46.196832359449751],[6.1124184043082206,46.196832607891238],[6.11242063298765,46.196832863512867],[6.1124228601964576,46.196833126314722],[6.1124250846612984,46.196833395382058],[6.112427307655544,46.196833671629584],[6.1124295291791748,46.196833955057265],[6.1124317492320799,46.19683424566513],[6.1124339665411362,46.196834542538511],[6.1124361823795921,46.196834846592076],[6.1124383967473754,46.196835157825824],[6.1124406083493152,46.196835476224521],[6.1124428172073166,46.196835800888735],[6.112445025889949,46.196836132748352],[6.1124472305114841,46.196836471757699],[6.1124494336623831,46.196836817947208],[6.1124516340693926,46.196837170402212],[6.1124538330057661,46.196837530037435],[6.1124560291982402,46.196837895938209],[6.1154776189160867,46.197140631377593],[6.1162442199363047,46.197218311522931],[6.1162720326902322,46.197071480991767],[6.1163406977053043,46.19707769569407],[6.1165931832133928,46.197100545223151],[6.1166164384630788,46.197103246912569],[6.11671391048153,46.197112163354042],[6.1169071016589278,46.197129835994417],[6.1169516738248682,46.197133912881192],[6.1169657629380794,46.197135431080049],[6.1171062491721475,46.197150482271908],[6.117219611978852,46.197162598383734],[6.1173740017012257,46.197178815253125],[6.1173814522740448,46.197179687943837],[6.1174853639169857,46.197191423186176],[6.1175276073330886,46.197197073116072],[6.117547558457753,46.197199098039533],[6.1175917127893475,46.197203579137138],[6.1178100240604785,46.197227857497168],[6.1178995945531209,46.197237627766228],[6.1181009783816309,46.197259314209525],[6.1192918470000546,46.197381575844965],[6.1194993177750101,46.19740255004141],[6.1197455071543363,46.197427730926123],[6.1199636549143275,46.197449794456617],[6.1202831872106369,46.197482603415011],[6.1203212016364983,46.197486192970402],[6.1204185644978599,46.197495600650612],[6.1205848329203834,46.197511924022578],[6.1208543722967903,46.197540335262921],[6.1211989574232168,46.197574650643809],[6.1215670514669478,46.19761032266242],[6.1215752602189859,46.197465263912058],[6.1215941891168679,46.197336674032364],[6.1216208538865962,46.19715719730651],[6.1216774385009085,46.196836998972508],[6.121718488965775,46.196587149329524],[6.1214977245335458,46.196196993103662],[6.121550554315573,46.196122836057938],[6.1216161190254796,46.196079522286539],[6.1216649606590456,46.196083340371132],[6.1217030855037553,46.196086399045662],[6.1221592281218555,46.196056317861093],[6.1223376276664654,46.19600070636649],[6.1224845156766827,46.195977229923791],[6.122695387725364,46.196001064793677],[6.1229846142928661,46.195985030341738],[6.1231094269492461,46.195946164696821],[6.1232520525777776,46.195881140413277],[6.123288757940724,46.195874103712761],[6.1234474269124322,46.1958439374731],[6.1236213100217487,46.195866759963366],[6.1238110783919062,46.195950471878412],[6.1239497743249736,46.195966477058313],[6.1240851023935736,46.196018701980442],[6.1242557406517646,46.196011774430097],[6.1245080618826719,46.196085531105766],[6.1246382397528576,46.196169017036247],[6.1246509887119567,46.196177527222012],[6.1246581730252636,46.19619092356281],[6.1246849014410261,46.196205436440202],[6.1247474080658195,46.196214771784462],[6.1247623827034108,46.196269098311134],[6.1248075099876056,46.196315037365068],[6.1248995254794343,46.196351981290285],[6.1250575636926392,46.196397423159929],[6.1250830415017141,46.196399780113083],[6.12518216522583,46.196411706229341],[6.1252811997247587,46.196416704535658],[6.1253060172522664,46.196434980894814],[6.1253587675822248,46.196445747971723],[6.1253941172487583,46.196462886462847],[6.12541623537959,46.19648554073391],[6.1255114331516349,46.196493732142415],[6.1255728789505319,46.196550846001166],[6.1256977939239805,46.196609760172329],[6.1257659340795634,46.196627000376665],[6.125864222087877,46.196634603066606],[6.1258997679515161,46.196692317720398],[6.1260041086969075,46.196777092914239],[6.1260433491457933,46.196778619234678],[6.1260678640666226,46.19679914471449],[6.1261238951814638,46.196824255508517],[6.1261358845424754,46.196863619513081],[6.1261660380984315,46.19688150881786],[6.1263335239255392,46.196933281917929],[6.1264561790449736,46.196934003346392],[6.1266424132329806,46.197034205529832],[6.1267936668167833,46.197088364951405],[6.1268845217574066,46.19710670712287],[6.1269826763451949,46.197146105772575],[6.127058936174361,46.197139257837385],[6.1272155467905147,46.197121390744591],[6.1273738874929018,46.197098286681985],[6.1272034579762984,46.196541451299915],[6.126985284008966,46.195843331648092],[6.1268492876803489,46.195408146698561],[6.126885420609848,46.195403700474067],[6.1271236016372619,46.195373785217008],[6.1271242497007634,46.1953575984083],[6.1270564549301723,46.195052892738914],[6.1269736514431967,46.194678627843338],[6.1269566210803728,46.194601809879408],[6.1271235164329987,46.194628536755935],[6.1272380265558688,46.194654996272462],[6.1273581205920653,46.194683068040803],[6.1274724717412976,46.194705328435418],[6.1276973299634241,46.194713848265607],[6.1276979692874631,46.194714736487633],[6.1276986177211432,46.194715623016172],[6.1276992740126994,46.194716506037288],[6.1276999381620163,46.194717385551002],[6.1277006101474853,46.194718262456668],[6.1277012886739639,46.194719136739295],[6.1277019763317071,46.194720008428995],[6.1277026718473282,46.194720876611285],[6.1277033752207606,46.194721741286131],[6.1277040864302919,46.194722603352965],[6.1277048054760392,46.194723462811844],[6.1277055323795837,46.194724318763257],[6.127706267140943,46.19472517120726],[6.1277070084649603,46.194726020128776],[6.1277077589202538,46.194726866457323],[6.1277085159382612,46.194727709263439],[6.1277092807923657,46.194728549461509],[6.1277100535259832,46.194729385252771],[6.1277108340957502,46.194730218435993],[6.1277116212498397,46.194731047197315],[6.1277124162400538,46.194731873350641],[6.1277132532128098,46.194732731480805],[6.1277140980433531,46.194733586103617],[6.1277149520485503,46.194734436334542],[6.1277158139116361,46.194735283058087],[6.1277166823373301,46.194736126259137],[6.1277175599377278,46.194736965068344],[6.1277184454176377,46.194737799470708],[6.1277193374601691,46.194738630350614],[6.1277202386774166,46.19473945683869],[6.1277211464572483,46.194740279804222],[6.1277220634335086,46.194741097478591],[6.1277229869723655,46.194741911630437],[6.1277239183690444,46.194742722274846],[6.1277248576669399,46.194743527612957],[6.1277258048226466,46.194744329443651],[6.1277267585843589,46.194745125952998],[6.1277277214990908,46.194745918969936],[6.1277286897029128,46.194746707549882],[6.1277296671031518,46.194747490838616],[6.1277306510659999,46.194748270604848],[6.1277311905140905,46.194748679932999],[6.12773173654654,46.194749084839167],[6.1277322878680307,46.194749485308449],[6.1277328457521891,46.194749882255216],[6.1277334102205927,46.194750274780077],[6.1277339799781521,46.194750662867968],[6.1277345562983569,46.194751047433385],[6.1277351379293394,46.194751426662414],[6.1277357261229186,46.194751802368891],[6.1277363196056367,46.194752173638463],[6.1277369183774715,46.1947525404711],[6.1277375224384096,46.194752902866711],[6.127738168871983,46.194753281049422],[6.1277388206163357,46.194753653895681],[6.1277394776715299,46.1947540214056],[6.1277401413109684,46.194754384493571],[6.1277408115780894,46.194754741360775],[6.1277414871343261,46.194755093791031],[6.1277421680013155,46.194755440884819],[6.1277428541791323,46.194755782642254],[6.1277435469845836,46.194756118178887],[6.1277442437839698,46.194756449263515],[6.1277449471893002,46.194756775026804],[6.1277456546319176,46.194757094539199],[6.1277463686805298,46.194757408730233],[6.1277470867447672,46.1947577175698],[6.1277478101414058,46.19475802017358],[6.1277485375537317,46.194758317425872],[6.1277492702767589,46.194758609341761],[6.1277500083323151,46.194758895021835],[6.1277507504034183,46.194759175350441],[6.1277514965118218,46.194759449428147],[6.1277522479310669,46.194759718169465],[6.1277530033875074,46.194759980659896],[6.1277537615644198,46.194760237783818],[6.1277545263689639,46.194760488686939],[6.1277552939156132,46.194760733324117],[6.1277560642042967,46.194760971695416],[6.1277568398038191,46.194761204730263],[6.1277576194406143,46.194761431514216],[6.1277584018195048,46.194761652032291],[6.1277591882356424,46.194761866299416],[6.1277599773939251,46.194762074300634],[6.127760770567769,46.194762276950378],[6.1277615665053808,46.194762472434725],[6.1277623651633748,46.194762662552641],[6.1277631678803548,46.194762845520174],[6.1277639939540363,46.194763026959748],[6.1277648227697625,46.194763202133394],[6.1277656543275452,46.194763371041113],[6.1277664886491472,46.194763532783469],[6.1277673257345562,46.194763687360449],[6.127768165561994,46.194763835671466],[6.1277690081531775,46.194763976817143],[6.1277698521912995,46.194764111681792],[6.1277706989714789,46.194764240280513],[6.1277715472202336,46.194764361698773],[6.1277723969375923,46.194764475936694],[6.1277732494186816,46.19476458300916],[6.127774103346721,46.19476468380067],[6.1277749600168185,46.194764778326245],[6.1277758168602769,46.194764865656353],[6.1277766751723481,46.194764945806],[6.1277775349530108,46.194765018775236],[6.1277783961805223,46.194765085463487],[6.1277792588766387,46.194765144971306],[6.1277801217461256,46.194765197283651],[6.1277809847673348,46.194765243299933],[6.1277818492571212,46.194765282135826],[6.1277827152154734,46.194765313791287],[6.1277835800303668,46.194765339135621],[6.1277844463138251,46.194765357299552],[6.1277853127706692,46.194765368268015],[6.1277861794008981,46.194765372040983],[6.1277870448876204,46.194765369502882],[6.1277879118429563,46.194765359784341],[6.127788777676499,46.194765342855284],[6.1277896436617123,46.194765319630179],[6.1277905085251829,46.194765289194535],[6.1277913735619993,46.194765251563396],[6.1277922374769833,46.19476520672179],[6.1277931002485495,46.19476515556903],[6.1277939618982709,46.194765097205774],[6.1277948236997659,46.194765032546478],[6.1277956843793771,46.194764960676615],[6.1277965426420655,46.194764881581207],[6.1277973997612474,46.194764796174752],[6.1277982557586732,46.194764703557702],[6.1277991106342382,46.194764603730135],[6.1277999630711584,46.194764497576443],[6.1278008143862577,46.194764384212228],[6.1278016632627077,46.194764264521844],[6.1278025020377571,46.194764133917865],[6.1278033383524839,46.194763997887172],[6.1278041722285357,46.194763855530276],[6.1278050049394324,46.194763707761808],[6.1278058351899807,46.194763554566592],[6.1278066630018788,46.194763395045264],[6.1278074883534561,46.19476323009718],[6.1278083125398375,46.194763059737461],[6.1278091329924047,46.194762883036553],[6.1278099509846475,46.194762700908917],[6.1278107664948305,46.194762514254037],[6.1278115795880659,46.194762320373528],[6.1278123901992769,46.19476212196578],[6.1278132583187199,46.194761902633836],[6.1278141239778909,46.194761677875206],[6.1278149859248208,46.194761445875905],[6.1278158441379089,46.1947612075354],[6.1278166986171838,46.194760962853742],[6.1278175493625415,46.194760711830881],[6.127818395078906,46.194760454451767],[6.1278192383349079,46.194760191645926],[6.1278200765835908,46.194759921584449],[6.1278209110766948,46.194759646081209],[6.1278217418359606,46.194759364236738],[6.1278225675662163,46.194759076036036],[6.127823388267414,46.194758781479102],[6.1278242052130878,46.194758481480406],[6.1278250171297133,46.194758175125465],[6.1278258252908131,46.194757863328768],[6.1278266271276625,46.194757545160748],[6.1278274252306977,46.194757220651582],[6.1278282182830255,46.194756890685561],[6.1278290049894029,46.194756555247707],[6.1278297879619785,46.194756213468665],[6.1278305645886295,46.19475586621774],[6.1278313361645989,46.194755513510039],[6.1278321027114844,46.194755154446085],[6.1278328629124852,46.194754789910277],[6.127833618062831,46.194754419917622],[6.1278343681624028,46.194754044468198],[6.1278351106208735,46.194753663531863],[6.1278358493455425,46.19475327625431],[6.1278365804074566,46.194752884389288],[6.1278376907023722,46.194752238721257],[6.1278387933778573,46.194751586666854],[6.1278398909593008,46.194750930954569],[6.127840980921289,46.194750268855898],[6.1278420658108965,46.194749602199849],[6.1278431430593994,46.194748930056839],[6.1278442139403291,46.194748253341508],[6.1278452784536972,46.194747572053657],[6.127846336621066,46.194746885293966],[6.1278473884425724,46.194746193062429],[6.127848432601338,46.194745496243385],[6.1278494703924808,46.194744794851914],[6.1278505005208705,46.194744088872994],[6.1278515243032858,46.194743377422178],[6.1278525417182017,46.194742661398962],[6.1278535514703023,46.194741940788262],[6.1278545548764907,46.194741214705665],[6.1278555505982402,46.194740484935089],[6.1278565386788459,46.194739749677545],[6.1278575203702417,46.194739010747021],[6.1278584944205496,46.19473826632958],[6.1278594620816049,46.194737518239165],[6.1278604208063285,46.194736764646791],[6.1278613731418039,46.194736007381422],[6.1278623191314194,46.194735244644178],[6.1278632561413753,46.194734478203856],[6.127864186762058,46.194733708090524],[6.1278651084464455,46.194732932475233],[6.1278660237416211,46.194732153186962],[6.1278669313739949,46.194731369311199],[6.1278678313435897,46.194730580848002],[6.1278687236287697,46.194729788696719],[6.127869606934345,46.19472899284235],[6.1278704838722931,46.194728192415603],[6.1278713531474764,46.194727387401329],[6.1278722134430277,46.194726578684005],[6.1278730673493298,46.194725766293637],[6.1278739122977113,46.194724949300806],[6.1278747495616175,46.194724128619889],[6.127875577845928,46.194723304235914],[6.1278763997409254,46.194722476178917],[6.1278772126780057,46.194721643519415],[6.1278780179090209,46.194720808071324],[6.1278788141820266,46.194719968020685],[6.1278796027705802,46.194719124281974],[6.1278803797675447,46.194718277709548],[6.1278811490800047,46.194717427449092],[6.1278819093911974,46.194716574384998],[6.1278826607444179,46.194715716718356],[6.1278834043915502,46.194714856263097],[6.1278841403759028,46.194713991220361],[6.1278848673373014,46.194713124273449],[6.1278855853407537,46.194712252723988],[6.1278862956380902,46.194711378385939],[6.1278869969341843,46.194710501244217],[6.1278876905674364,46.194709619514995],[6.1278883751777453,46.194708735881605],[6.1278890508084718,46.194707848545121],[6.1278897187547345,46.194706957520594],[6.1278903763828589,46.194706064576771],[6.1278910263264939,46.194705167944932],[6.1278916685857778,46.194704267625077],[6.1278923005268879,46.194703365385934],[6.1278929234883783,46.194702459443683],[6.1278935387437654,46.194701550712885],[6.1278941449978594,46.194700639178379],[6.1278947422289836,46.194699725739696],[6.1278953304805279,46.194698808597892],[6.1278959097307384,46.19469788865247],[6.127896479979694,46.194696965903397],[6.127897041205693,46.194696041250083],[6.127897593430383,46.194695113793145],[6.1278981379489865,46.19469418354759],[6.127898672171102,46.194693250483304],[6.1278991973702874,46.194692315514828],[6.127899713568203,46.194691377742714],[6.1279002207647997,46.194690437166933],[6.1279007176215989,46.194689495571374],[6.1279012067939451,46.194688550287701],[6.1279016869433844,46.194687603099858],[6.1279021567746526,46.194686653992726],[6.1279026175829774,46.194685702981367],[6.1279030706852371,46.194684749181469],[6.1279035121741297,46.194683793447176],[6.1279039459352846,46.194682835823777],[6.1279043706734573,46.194681876296151],[6.1279047850935333,46.194680914849222],[6.1279051905122905,46.194679950598704],[6.1279055868864667,46.194678985343394],[6.1279059729424432,46.194678018168744],[6.1279063537960665,46.19467705183343],[6.1279067269218999,46.194676083608911],[6.1279070884344451,46.194675113450046],[6.1279074422192137,46.194674141402039],[6.1279077856858573,46.194673167434772],[6.1279081201078585,46.19467219246274],[6.1279084454852413,46.194671216485915],[6.1279087605661511,46.194670237690367],[6.1279090665808047,46.194669258789503],[6.1279093635725541,46.194668277984427],[6.1279096502460924,46.194667295260068],[6.1279099265799095,46.194666311515896],[6.127910195164235,46.19466532678198],[6.1279104534088145,46.194664341028236],[6.1279107026304134,46.194663353370274],[6.1279109415122148,46.194662364692505],[6.127911170054217,46.194661374994887],[6.1279113908251324,46.194660385206973],[6.1279116012779511,46.194659393499776],[6.1279118013909439,46.194658400772802],[6.1279119924593211,46.194657407041007],[6.1279121744614296,46.194656413203894],[6.1279123461454299,46.194655417447493],[6.1279125087631598,46.194654421585753],[6.1279126610410692,46.1946534247042],[6.1279128029574803,46.194652427702195],[6.1279129371245427,46.194651429710518],[6.1279130596565894,46.194650430683936],[6.1279131744175466,46.194649431567107],[6.127913277521853,46.194648432314764],[6.1279133728767459,46.194647432072721],[6.1279134565750528,46.194646431695247],[6.1279135325238414,46.194645430328045],[6.127913598111224,46.194644428840427],[6.1279136533371714,46.194643427232407],[6.1279136994967729,46.194642425519042],[6.1279137352949817,46.194641423685304],[6.127913762026898,46.194640421746243],[6.1279137783973665,46.19463941968673],[6.1279137857015664,46.194638417521894],[6.1279137826442689,46.194637415236649],[6.1279137705207685,46.194636412846101],[6.1279137480357573,46.194635410335145],[6.1279137164628423,46.194634408618221],[6.1279136745284672,46.194633406780959],[6.1279136235278635,46.194632404838352],[6.127912994396862,46.194381761329488],[6.1279121079527448,46.194040010878204],[6.1279118370200871,46.193932101248009],[6.1279106783467041,46.193482442061438],[6.1279093540017948,46.193032777361417],[6.1279080839237601,46.192583119600108],[6.1279065709214287,46.192133490515381],[6.1279053430531993,46.191683749594553],[6.1279044897823143,46.191233893379],[6.1279039095044574,46.190921164992957],[6.1279037150733524,46.190784272005125],[6.1279037066577775,46.190773490977506],[6.1279036879031779,46.19076270893008],[6.1279036600612358,46.190751927676772],[6.1279036231537756,46.190741146318082],[6.1279035771806347,46.190730364854112],[6.1279035208251837,46.19071958416913],[6.1279034554257779,46.190708802479421],[6.1279033822342193,46.190698021598834],[6.1279032974085226,46.190687239683371],[6.1279032047907238,46.190676458577038],[6.1279031031073314,46.190665677365374],[6.127902991041597,46.190654896932756],[6.1279028699320142,46.190644115495374],[6.127902739735192,46.190633334852073],[6.1279026004944503,46.190622553204015],[6.1279024508714528,46.190611772334968],[6.1279022921829123,46.190600991360604],[6.1279021244071537,46.190590211180329],[6.1279019475875156,46.190579429995282],[6.1279017616806986,46.190568649604309],[6.1279015654132989,46.190557869092942],[6.1279013600803562,46.190547088476279],[6.1279011469553488,46.190536308668719],[6.1279009221963472,46.190525527826296],[6.1279006896452675,46.19051474779301],[6.1279004044611254,46.190504754372803],[6.1279001102115442,46.19049476084723],[6.1278998068748196,46.190484768115816],[6.127899493177539,46.190474775263972],[6.1278991704148185,46.190464782306734],[6.1278988372698411,46.190454790128584],[6.1278984950811495,46.190444796945677],[6.1278981438052762,46.19043480455683],[6.1278977834423269,46.190424812962078],[6.1278974127188857,46.190414821246932],[6.1278970329299645,46.190404829426463],[6.1278966427805868,46.190394837485577],[6.1278962435657451,46.190384845439361],[6.12789583526384,46.190374854187226],[6.1278954178748801,46.190364863729172],[6.1278949901470519,46.190354872251319],[6.1278945533321973,46.190344881567547],[6.1278941061351748,46.190334891662829],[6.1278936498944123,46.190324900753289],[6.1278931845666493,46.190314910637902],[6.1278927101518201,46.190304921316546],[6.1278922253765238,46.190294931874824],[6.1278917315358754,46.190284942327743],[6.1278912273347723,46.190274952660296],[6.1278907153417208,46.19026496380198],[6.1278901916931634,46.190254974808191],[6.1278896602526816,46.190244986623547],[6.127889083324022,46.190235327195182],[6.1278884973300372,46.19022566766143],[6.1278879022707642,46.190216008022304],[6.1278872981244383,46.190206349177316],[6.127886683596123,46.19019669111136],[6.1278860587073405,46.190187032925031],[6.1278854247532824,46.190177374633279],[6.1278847817122868,46.190167717135665],[6.1278841296059534,46.190158059532706],[6.1278834671176039,46.190148402708779],[6.1278827955639406,46.190138745779528],[6.1278821149233158,46.190129089644337],[6.127881423922374,46.190119433388752],[6.1278807238561948,46.190109777027814],[6.1278800133862514,46.190100122345335],[6.1278792938727573,46.190090466658091],[6.1278785652723764,46.190080811764915],[6.1278778275850065,46.190071157665848],[6.1278770795373489,46.190061503446387],[6.1278763211076752,46.190051850005936],[6.1278755549078925,46.190042196475197],[6.1278747783261087,46.190032543723497],[6.1278739926790733,46.190022890866423],[6.1278731966501256,46.190013238788417],[6.1278723915342521,46.190003587504471],[6.1278715773531793,46.189993936115179],[6.1278707528118312,46.189984284605494],[6.1278699191835964,46.189974633889904],[6.1278691587280436,46.189965656089583],[6.1278683891856183,46.189956679083338],[6.1278676092828759,46.189947701956697],[6.1278668203149218,46.189938724724712],[6.1278660209649658,46.189929748271744],[6.1278652125281621,46.189920772612865],[6.1278643937093689,46.189911797732996],[6.1278635658253764,46.189902822747804],[6.127862728876134,46.189893847657274],[6.1278618815233541,46.189884874245195],[6.1278610238319215,46.189875899813259],[6.1278601570319662,46.189866927074867],[6.1278592811668364,46.18985795423113],[6.1278583949197927,46.189848982166374],[6.1278574996075506,46.189840009996288],[6.1278565939133571,46.189831038605242],[6.1278556791323808,46.189822068008304],[6.1278547552862275,46.189813097305965],[6.1278538210581495,46.189804127382679],[6.1278528764481841,46.189795158238397],[6.1278519227731199,46.189786188988805],[6.1278509600111706,46.189777220533259],[6.1278499868673597,46.189768252856744],[6.1278490046584624,46.189759285074885],[6.1278480120676386,46.189750318072051],[6.1278470103900187,46.189741351863297],[6.1278459983522495,46.189732385534107],[6.1278449772059806,46.189723420898467],[6.1278439470162773,46.189714455258013],[6.127842906423024,46.189705491296067],[6.1278412936012945,46.189692050147649],[6.1278396911408581,46.189678609119639],[6.1278380964948465,46.189665166383051],[6.1278365122102425,46.189651723766858],[6.1278349383085189,46.189638280371646],[6.1278333721779843,46.189624837066681],[6.1278318164304064,46.189611392982684],[6.1278302710656973,46.189597948119683],[6.1278287334938248,46.189584502447488],[6.1278272062832588,46.189571056895716],[6.1278256881604714,46.189557610549819],[6.1278241804205749,46.18954416342492],[6.1278226817469204,46.189530716405343],[6.1278211921610701,46.189517268591658],[6.1278197116630198,46.189503819983912],[6.1278182415261613,46.189490371496511],[6.1278167804987804,46.189476921315681],[6.1278153285159034,46.189463472139536],[6.1278138869375685,46.189450021284983],[6.1278124544253085,46.189436570535733],[6.1278114863102484,46.189427287127792],[6.1278105285559725,46.189418003840267],[6.1278095798891163,46.189408719758653],[6.1278086416046831,46.189399434898014],[6.1278077137026976,46.18939014925833],[6.1278067948664567,46.189380863724018],[6.1278058851176,46.189371577395626],[6.1278049857294636,46.189362291187592],[6.1278040967237501,46.189353004200584],[6.1278032168054057,46.189343716419458],[6.1278023472478598,46.189334428758706],[6.127801486777595,46.189325140303957],[6.1278006366681153,46.189315851969546],[6.1277997969410078,46.189306562856103],[6.1277989663012544,46.189297272948636],[6.1277981447271204,46.189287983146464],[6.1277973348304871,46.189278692580331],[6.1277965327261059,46.189269401205102],[6.1277957409824104,46.189260109950197],[6.1277949595994361,46.189250818815793],[6.127794188620495,46.189241526002881],[6.127793426685459,46.189232234194769],[6.1277926738594672,46.189222940693114],[6.1277919313941336,46.189213647311909],[6.1277911992894456,46.189204354051078],[6.1277904762720787,46.189195059996187],[6.1277897636153673,46.189185766061684],[6.1277890600459255,46.189176471333127],[6.1277883668588284,46.189167175825524],[6.1277877289507794,46.189158758153567],[6.1277871001299458,46.189150339687494],[6.1277864803963187,46.189141920427382],[6.1277858710016488,46.189133502187083],[6.127785272010871,46.18912508226834],[6.1277846820857018,46.189116662454957],[6.127784101225985,46.189108242746919],[6.1277835294535219,46.189099822244827],[6.1277829680416049,46.189091401863095],[6.1277824170119679,46.189082980702366],[6.1277818750478117,46.189074559647011],[6.1277813421708451,46.189066137797575],[6.127780819654463,46.189057716068525],[6.1277803062035439,46.189049294444821],[6.127779801839794,46.1890408720271],[6.1277793078582601,46.189032448830332],[6.1277788229422567,46.189024025738895],[6.1277783483867339,46.18901560276786],[6.1277778828967406,46.189007179902234],[6.1277774278106021,46.188998755358114],[6.1277769817682044,46.1889903318188],[6.1277765448130106,46.188981907485385],[6.127776118218323,46.188973483272406],[6.1277757007107247,46.188965058265346],[6.127775293563646,46.18895663337873],[6.1277748954820446,46.188948208597409],[6.1277745064875457,46.188939783022079],[6.1277741278535158,46.1889313575671],[6.1277737595799788,46.188922932232565],[6.1277733990985297,46.188914506088892],[6.127773048977522,46.188906080065642],[6.1277727092386458,46.188897653263382],[6.1277723682048535,46.188889226446065],[6.1277720362581549,46.188880798834631],[6.1277717146935711,46.188872370444209],[6.1277714021727414,46.1888639430586],[6.1277710987389371,46.188855514878902],[6.1277708056656275,46.188847086819607],[6.1277705229744441,46.188838657981279],[6.127770249326927,46.188830230147751],[6.1277699860615655,46.188821801535234],[6.1277697318832285,46.188813372128614],[6.1277694867486092,46.188804943726794],[6.1277692519960656,46.188796514545942],[6.1277690276039527,46.188788085485513],[6.127768811003814,46.188779655615946],[6.1277686060374679,46.188771226781299],[6.127768410158124,46.188762797152599],[6.1277682233441828,46.188754367629187],[6.1277680469122693,46.188745937326821],[6.1277678795240194,46.188737508029199],[6.1277677225178229,46.188729077952594],[6.1277675758720163,46.188720647996405],[6.1277674370181616,46.18871221723105],[6.1277673097980729,46.188703787500636],[6.1277671903698954,46.188695356961055],[6.1277670825971224,46.188686926556969],[6.1277669825946379,46.188678496243199],[6.1277668942475678,46.188670066064866],[6.1277668136923742,46.18866163507743],[6.1277667447709474,46.188653205124915],[6.127766683641366,46.188644774363233],[6.127766632872178,46.18863634372196],[6.1277665924633293,46.188627913201131],[6.1277665159234012,46.188619476862286],[6.1277664484704504,46.188611039729295],[6.1277663926511901,46.18860260363126],[6.1277663459188672,46.188594166739151],[6.1277663082518448,46.188585729952408],[6.1277662822401515,46.188577293301108],[6.1277662652937979,46.188568856755197],[6.1277662587076565,46.188560420329637],[6.1277662612085022,46.188551983110067],[6.1277662740479153,46.188543546910317],[6.1277662972693667,46.18853510993155],[6.1277663308510171,46.188526673073177],[6.1277663734979191,46.188518236320213],[6.1277664264834737,46.188509800587063],[6.1277664898726272,46.188501363175448],[6.1277665636003844,46.188492926783717],[6.1277666463933409,46.188484490497302],[6.1277667382515197,46.188476054316276],[6.1277668417866531,46.188467617371266],[6.1277669543653355,46.188459181431085],[6.127767077325931,46.188450744711858],[6.1277672106250893,46.188442309012466],[6.1277673530111088,46.188433872518985],[6.1277675057356822,46.188425437045396],[6.127767668842151,46.188417000792761],[6.1277678410138243,46.188408564645506],[6.1277680248190087,46.188400129533093],[6.1277682164161043,46.188391693611628],[6.1277684196683886,46.188383257825592],[6.1277686319857967,46.188374822144951],[6.127768854641805,46.188366387484074],[6.1277690876795994,46.188357952044242],[6.1277693314549637,46.188348963422726],[6.1277695843170994,46.188339974007171],[6.12776984753941,46.188330984712024],[6.1277701198052075,46.188321996421664],[6.1277704024528292,46.188313007352278],[6.1277706941438463,46.188304019287663],[6.1277709949000503,46.188295031328423],[6.1277713060380776,46.188286042590207],[6.127771627514532,46.188277054871783],[6.1277719580561198,46.188268067258711],[6.1277722976627924,46.188259079751063],[6.1277726476512751,46.188250091464312],[6.127773007978158,46.188241104197495],[6.1277733760534741,46.188232117920336],[6.1277737558056042,46.188223130879273],[6.1277741433277786,46.188214143928498],[6.1277745425050645,46.188205157113153],[6.1277749494307221,46.188196171287579],[6.1277753667381649,46.188187184682981],[6.1277757943840188,46.188178199098218],[6.1277762310948942,46.188169213618835],[6.1277766781658949,46.188160228259854],[6.1277771330068624,46.188151242991196],[6.1277775995029309,46.18814225785794],[6.1277780750423574,46.188133273729512],[6.1277785596685304,46.188124288807018],[6.1277790546330895,46.188115304904372],[6.1277795586626329,46.18810632110705],[6.1277800730521959,46.188097337430179],[6.1277805965068453,46.188088353858667],[6.1277828973115298,46.188008612704031],[6.1277830150204879,46.188006469222394],[6.1277831249376238,46.188004326549887],[6.1277832245162092,46.188002182857552],[6.1277833150296095,46.188000039059837],[6.1277833964778727,46.187997895156769],[6.1277834688609509,46.187995751148357],[6.1277835322005298,46.187993606135166],[6.1277835864532708,46.187991461916013],[6.1277836316408267,46.187989317591544],[6.1277836677631861,46.187987173161716],[6.1277836935253935,46.187985028611436],[6.1277837115174663,46.187982883970911],[6.1277837191493774,46.187980739209941],[6.1277837190111155,46.187978594358661],[6.1277837085126654,46.187976449386987],[6.1277836902223841,46.187974305224472],[6.1277836615936252,46.187972160042108],[6.1277836238780443,46.187970015653775],[6.1277835770972766,46.187967871160126],[6.1277835212296985,46.187965727460522],[6.1277834563186335,46.18796358275614],[6.1277833821907244,46.18796144424244],[6.1277832989976417,46.187959305623423],[6.1277832080344483,46.187957166914025],[6.1277831066894306,46.187955028983716],[6.1277829962792278,46.187952890948019],[6.127782876782228,46.187950753706424],[6.1277827482200538,46.187948616359449],[6.1277826105927309,46.187946478907122],[6.1277824638786234,46.187944342248876],[6.1277823080993317,46.187942205485292],[6.1277821432332509,46.187940069515733],[6.127781969302025,46.187937933440878],[6.1277817862840269,46.18793579816009],[6.1277815942008154,46.187933662773901],[6.1277813930308467,46.187931528181814],[6.1277811827957018,46.187929393484396],[6.1277809634737599,46.187927259581024],[6.1277807337699945,46.187925126456669],[6.1277804962961202,46.187922993242033],[6.1277802497354612,46.1879208608215],[6.1277799940879421,46.187918729194976],[6.1277799182193853,46.187917630697235],[6.1277798319690051,46.187916532978456],[6.1277797353584118,46.187915435139338],[6.1277796296610072,46.187914338094281],[6.1277795148768188,46.187913241843255],[6.1277793884374283,46.187912145456821],[6.1277792529111776,46.187911049864411],[6.1277791082981423,46.187909955066104],[6.1277789533249711,46.187908860147431],[6.1277787879482482,46.187907766907188],[6.1277786135064138,46.18790667356155],[6.1277784286610579,46.187905581894398],[6.127778234750541,46.187904490121909],[6.1277780304365503,46.187903400027871],[6.1277778157406821,46.187902310712829],[6.1277775919580462,46.187901222191883],[6.1277773590886104,46.187900134465011],[6.1277771158372731,46.187899047517192],[6.1277768621825155,46.187897962247781],[6.1277765994409075,46.187896877772516],[6.1277763262957903,46.187895794975645],[6.1277760440638724,46.18789471297287],[6.1277757527451469,46.187893631764176],[6.127775451001261,46.187892553133373],[6.1277751388972224,46.187891474382148],[6.12777481766304,46.187890398223885],[6.1277744873420348,46.187889322859682],[6.1277741466391769,46.187888248274533],[6.1277737968062116,46.187887176282302],[6.1277734365913847,46.18788610506909],[6.127773067246487,46.18788503644884],[6.1277726875197018,46.187883968607586],[6.1277722999794833,46.187882902474911],[6.1277719007407523,46.18788183800563],[6.1277714936885763,46.187880775244899],[6.1277710762112125,46.187879715062046],[6.1277706496470898,46.187878655673352],[6.1277702126577696,46.187877598862464],[6.1277697665600135,46.187876543745148],[6.1277693113537355,46.187875490321304],[6.1277688470173608,46.187874439490393],[6.1277683735725015,46.187873390352998],[6.1277678897241694,46.187872342894046],[6.1277673967456634,46.187871298028057],[6.1277668946586994,46.187870254855575],[6.1277663834416147,46.187869214276041],[6.1277658617993787,46.187868176274385],[6.1277653323437002,46.187867139981272],[6.1277647924628473,46.187866106266036],[6.1277642434735329,46.187865074244328],[6.1277636853324378,46.18786404571501],[6.1277631180828172,46.187863018879163],[6.1277625417031159,46.187861994636272],[6.1277619561932664,46.187860972986364],[6.1277613602582681,46.18785995391427],[6.1277607564881249,46.187858937450208],[6.1277601435878992,46.187857923579074],[6.1277595215574738,46.187856912300909],[6.1277588903969793,46.187855903615599],[6.127758250106325,46.187854897523323],[6.1277576006639114,46.187853894923371],[6.1277569420913141,46.187852894916347],[6.1277562743886209,46.187851897502291],[6.1277555975341302,46.187850903580582],[6.1277549128444697,46.187849912266906],[6.1277542190247374,46.187848923546127],[6.1277535160531844,46.187847938317724],[6.1277528039515223,46.187846955682268],[6.1277520826980254,46.187845976539158],[6.1277513535877848,46.187845000903508],[6.1277506153473862,46.187844027860791],[6.1277498692502412,46.187843058325434],[6.1277491127063008,46.187842092267474],[6.127748348327188,46.187841128817446],[6.1277475760913438,46.187840168874857],[6.1277467947036781,46.187839212424628],[6.1277460041642673,46.187838259466794],[6.1277452057680355,46.187837310016363],[6.1277443982200079,46.187836364058313],[6.1277435828152118,46.187835421607652],[6.1277427582586066,46.187834482649407],[6.1277419258452426,46.187833547198522],[6.1277409829106757,46.187832521394299],[6.1277400321192905,46.187831499097484],[6.1277390721544567,46.187830481192478],[6.1277381043545285,46.187829465895462],[6.127737128676169,46.187828455005274],[6.1277361438243529,46.187827448506859],[6.1277351511374656,46.187826444616491],[6.1277341505504097,46.187825446032349],[6.1277331421282843,46.187824450056226],[6.1277321258060633,46.187823459386358],[6.1277311016487639,46.187822471324516],[6.1277300682963292,46.187821488553872],[6.1277290283821264,46.187820509305666],[6.1277279793161519,46.187819533549856],[6.1277269223500745,46.187818563100329],[6.1277258588222141,46.187817596173275],[6.1277247861209219,46.187816633638],[6.1277237068579105,46.187815674625192],[6.1277226184214282,46.187814720004205],[6.127721523379841,46.187813770704537],[6.1277204204815234,46.187812824912257],[6.1277193097047746,46.187811883526862],[6.1277181910495546,46.187810946548282],[6.1277170645159176,46.187810013976545],[6.1277159313988356,46.187809085826721],[6.1277147904033615,46.187808162083726],[6.1277136415294438,46.187807242747617],[6.1277124860721077,46.187806327833385],[6.1277113227363262,46.187805417325983],[6.1277101515004802,46.18780451212487],[6.1277089736811483,46.187803611345643],[6.1277077879834509,46.187802714973273],[6.1277065957023238,46.187801823022816],[6.1277053955427148,46.187800935479167],[6.127704188778063,46.187800053256844],[6.1277029741349542,46.187799175441405],[6.1277017528867654,46.187798302947236],[6.1277005197884185,46.187797438412531],[6.127699280106655,46.187796578299718],[6.1276980338198213,46.187795723508209],[6.1276967796545092,46.187794873123572],[6.1276955201791541,46.187794028075324],[6.1276942528253295,46.187793187433869],[6.1276929775714502,46.187792352098711],[6.1276916970074664,46.187791522099936],[6.1276904098600786,46.187790696523059],[6.1276891148126227,46.187789876252445],[6.12768781445505,46.187789061318213],[6.1276865075140607,46.187788250805852],[6.1276851926729883,46.187787445599767],[6.1276838725218408,46.187786645730114],[6.1276825457656106,46.187785851181701],[6.1276812124042648,46.187785061954671],[6.1276798724378887,46.187784278048966],[6.1276785258880704,46.187783498565132],[6.1276771740064859,46.187782725317092],[6.1276758142464836,46.187781956475959],[6.1276744491547275,46.187781193870542],[6.1276730787746319,46.187780435702116],[6.1276717017677038,46.187779683754457],[6.127670318155749,46.18777893712808],[6.1276689292553259,46.187778194938666],[6.1276675337282001,46.187777458970025],[6.1276661328909574,46.187776728337717],[6.1276647254269863,46.187776003926203],[6.1276633126746116,46.187775283951609],[6.1276618932954827,46.187774570197796],[6.1276604686062877,46.187773861780315],[6.1276590386069891,46.187773158699251],[6.1276576020026097,46.187772460939506],[6.1276561600665165,46.187771769415527],[6.1276547128203189,46.187771083227936],[6.1276532602423694,46.187770403276126],[6.1276518023544035,46.187769728660726],[6.1279416275662095,46.18780062288613],[6.1281937413974532,46.18781432878162],[6.1284993425071379,46.187825740442385],[6.1285005277363167,46.187825688532747],[6.1285017140871991,46.187825643833612],[6.1285029002864633,46.187825605430476],[6.1285040876075199,46.18782557423782],[6.1285052747769679,46.187825549341213],[6.1285064630464623,46.187825532554577],[6.1285076498910183,46.187825521149392],[6.1285088378356321,46.187825517854208],[6.1285100256286507,46.187825520855057],[6.1285112132700839,46.187825530151912],[6.1285124007382246,46.187825546644184],[6.1285135893281319,46.187825570346995],[6.1285147751547431,46.187825601215181],[6.1285159621247436,46.187825638394408],[6.1285171489431134,46.187825681869661],[6.1285183342715879,46.187825733424773],[6.1285195194484396,46.18782579127592],[6.1285207031786575,46.187825855408015],[6.1285218867356175,46.18782592673557],[6.1285230688243049,46.187826005243544],[6.1285242507614104,46.187826090047537],[6.1285254312301678,46.187826182031948],[6.1285266102306535,46.187826281196813],[6.1285277890795831,46.187826386657633],[6.1285289651652102,46.187826499283858],[6.1285301410992075,46.187826618206117],[6.1285313142698925,46.187826744293716],[6.1285324872890081,46.18782687667737],[6.1285336575448008,46.187827016226379],[6.1285348263539818,46.187827162056344],[6.1285359936948787,46.187827315066784],[6.1285371595891931,46.187827474358137],[6.1285383227201446,46.187827640814895],[6.1285394843828369,46.187827814452042],[6.1285406433255822,46.18782799345572],[6.1285418007783923,46.187828180539277],[6.1285429554895536,46.187828373888742],[6.1285441087540926,46.187828573519177],[6.128545257981969,46.187828779400483],[6.1285464057415986,46.187828992462265],[6.1285475507378937,46.18782921268938],[6.1285486929925392,46.187829439182437],[6.1285498325056107,46.187829671941422],[6.1285509692770095,46.187829910966371],[6.1285539953086099,46.187830448138989],[6.1285570185769629,46.187830992476911],[6.1285600404203793,46.187831542196278],[6.1285630595005625,46.187832099080964],[6.1285660758392249,46.187832662231529],[6.1285690894362768,46.187833231647964],[6.1285721002917164,46.187833807330229],[6.1285751097006091,46.187834389293457],[6.1285781150729042,46.187834977507514],[6.128581118976979,46.187835572901896],[6.1285841201394922,46.187836174562129],[6.1285871185820842,46.187836781588814],[6.1285901142614385,46.187837395780846],[6.128593107199249,46.187838016238736],[6.1285960973954596,46.18783864296249],[6.1285990848284611,46.18783927685152],[6.1286020695415262,46.187839916107016],[6.1286050502180052,46.187840561613335],[6.1286080294263279,46.187841214300036],[6.1286110059146885,46.187841872353111],[6.1286139783448386,46.187842537556527],[6.1286169493500786,46.187843208141359],[6.1286199162970458,46.187843885876511],[6.1286228805241523,46.187844568978043],[6.1286258419880122,46.187845259244938],[6.1286287994153366,46.187845955762633],[6.1286317541010371,46.187846658546235],[6.1286347060668778,46.187847366696232],[6.1286376552694843,46.18784808201157],[6.1286408026015655,46.187848907590244],[6.1286439472137744,46.18784973853532],[6.1286470890844473,46.187850575746268],[6.1286502269185341,46.187851419208044],[6.1286533607160978,46.187852268920643],[6.1286564917937385,46.187853123999652],[6.128659618834857,46.187853985329525],[6.1286627431344396,46.187854852925213],[6.1286658647141268,46.187855725887374],[6.1286689809406143,46.187856605984742],[6.1286720944471762,46.18785749144854],[6.1286752052338933,46.187858382278797],[6.1286783119624246,46.18785928025931],[6.1286814146760307,46.187860183591198],[6.1286845133747514,46.187861092274488],[6.1286876093103277,46.187862008123069],[6.1286907012309522,46.187862929323089],[6.1286937904317558,46.187863855889496],[6.1286968742792958,46.187864789591146],[6.1286999554286385,46.187865727759799],[6.128703032519784,46.187866673078695],[6.1287061055960566,46.187867623749],[6.128709175930795,46.187868580685198],[6.1287122409556307,46.187869542957742],[6.1287153032389332,46.187870511496115],[6.1287183614856868,46.187871486285381],[6.1287214157176182,46.187872466426015],[6.1287244595028287,46.187873450043988],[6.1287274992514922,46.18787443991279],[6.1287305349636441,46.187875436032435],[6.1287335653658426,46.187876437488427],[6.1287365930482594,46.187877444310857],[6.1287396166940509,46.187878457384123],[6.1287426363033983,46.187879476708225],[6.1287456518978196,46.187880501383745],[6.1287486634773671,46.187881531410646],[6.1287516710203658,46.187882567688384],[6.1287546745485422,46.187883609317524],[6.1287576727451052,46.187884657182494],[6.1287606682002229,46.187885711313292],[6.1287636583670517,46.187886769881054],[6.1287666457923837,46.187887834714651],[6.1287696278861787,46.187888905784085],[6.1287726059650875,46.187889982204894],[6.1287755787340972,46.187891063962105],[6.1287785487616349,46.187892151985174],[6.1287815134792707,46.187893245344597],[6.1287844741603612,46.187894344954906],[6.1287874295315747,46.187895449901497],[6.1287903821829417,46.187896560214618],[6.1287933295243953,46.187897675864036],[6.128796272829403,46.187898797764333],[6.1287992108027716,46.187899925900417],[6.1288021447830179,46.187901058488507],[6.1288053135219673,46.187902286470333],[6.1288084782460555,46.187903519803541],[6.1288116376603048,46.18790475847311],[6.1288147930597345,46.187906002494081],[6.1288179444226536,46.187907252765875],[6.1288210904757072,46.187908508374022],[6.1288242325139155,46.187909769333594],[6.1288273692206001,46.187911036528916],[6.1288305019340976,46.18791230817623],[6.1288336293161461,46.187913586059338],[6.1288367526832719,46.187914869293841],[6.1288398707405474,46.187916157864699],[6.1288429834663747,46.187917452671343],[6.1288460921989651,46.187918751929971],[6.1288491968950698,46.187920057439428],[6.1288522962813392,46.187921368285252],[6.1288553903577201,46.187922684467409],[6.128858480419292,46.187924006001005],[6.1288615651493652,46.187925333770387],[6.1288646445912001,46.187926665976697],[6.1288677199965758,46.187928004433829],[6.1288707887971121,46.187929348212286],[6.128873854899437,46.187930696457755],[6.1288769143752395,46.187932050924005],[6.1288799698362304,46.187933410741643],[6.1288830239806984,46.187934771443601],[6.128886074131942,46.187936136597514],[6.1288891176567111,46.187937507972173],[6.1288921571666188,46.187938884698298],[6.1288951926617408,46.187940266775804],[6.1288982215519896,46.187941654174622],[6.1289012451323241,46.187943046909801],[6.1289042647195471,46.187944444096964],[6.1289072789752597,46.187945847519956],[6.1289102879211352,46.187947256279273],[6.1289132915571241,46.187948670374993],[6.1289162898832901,46.187950089807067],[6.1289192829212658,46.187951513676076],[6.1289222706277311,46.187952943780907],[6.1289252530243719,46.187954379222099],[6.1289282314278148,46.187955819115267],[6.1289312032047452,46.187957265229201],[6.1289341696935393,46.187958715780077],[6.1289371308724325,46.187960171667314],[6.1289400880365026,46.187961632906003],[6.1289430385740342,46.187963100365415],[6.1289459838451172,46.187964571362357],[6.1289489237846251,46.187966048595094],[6.1289518584143217,46.187967531164247],[6.1289547877558181,46.1879690181703],[6.1290685515462906,46.18802706784512],[6.1290780521153874,46.188097937479498],[6.1291527901342429,46.188136071960216],[6.1299257627702195,46.188530446873912],[6.1302991812289376,46.188721766819874],[6.1303260709262268,46.188734760684653],[6.1303979582674568,46.188772568858077],[6.1310132498773138,46.189086062628775],[6.1315883619852247,46.189379121571569],[6.1318493343996616,46.189222338074956],[6.1318818593567368,46.189237829598135],[6.1320067953388202,46.18930181224691],[6.1325112432651494,46.18955914542569],[6.1325993590859662,46.189604100049337],[6.1327658052671872,46.189688514781658],[6.1329897782454337,46.189801041853912],[6.133159737715558,46.189886852484712],[6.1332847637359951,46.189950283222039],[6.1332989728843383,46.189957374331954],[6.1334176904635349,46.190019293316929],[6.1335513925714364,46.190088935704388],[6.1337451175086084,46.190189319991461],[6.1338746347248767,46.190255403904736],[6.1340692756058761,46.190355618281025],[6.1343076679723039,46.190478914027501],[6.1344149051137329,46.190534126989107],[6.1346519351791207,46.190654979791645],[6.1348734806435763,46.190767824953859],[6.1350237267765335,46.19084476428624],[6.1351055532279073,46.190761263814593],[6.1352200433813913,46.190643784510314],[6.1353487613658713,46.190512063754269],[6.1355460591321869,46.190311340393635],[6.1355894598904621,46.190266408651169],[6.135633025889657,46.190221389733125],[6.1358515505933733,46.189997749620581],[6.1358730849259953,46.189975229146569],[6.1361428683570614,46.189699938589996],[6.1362907303798311,46.18954886076947],[6.1366737272458343,46.189156547069629],[6.137010832162483,46.188811259821968],[6.1371779827456399,46.188829690637107],[6.1373972528825274,46.188854288846073],[6.137431408161409,46.188852528139229],[6.1376625196326522,46.18884208301666],[6.1377988891837632,46.188835914097076],[6.1378498660477501,46.188833794863342],[6.1379877675651491,46.188827536321512],[6.138024710364224,46.188825944331676],[6.1382178883312459,46.188817557271676],[6.1382538823107868,46.188815826512624],[6.1384899043679226,46.18880608318694],[6.1385202374017265,46.188804678451156],[6.138766838940203,46.188793252629864],[6.1389083497029402,46.188787136225166],[6.1392574698849574,46.188771014815877],[6.1395092761339276,46.188758878106889],[6.1395612505311119,46.188756694917906],[6.1397070267227987,46.188643207191888],[6.1403430938892969,46.188804564347535],[6.1407131648098572,46.188898319439119],[6.140788249415289,46.188917363328137],[6.1409650073271598,46.188961845016472],[6.1414415782049394,46.189082664520896],[6.1416949709868112,46.188524722625637],[6.1418910190483285,46.188096162868447],[6.1419511824268147,46.188001242594126],[6.1427643633617599,46.187345806860051],[6.1435736483278474,46.187037973263294],[6.1439183357398885,46.186936120759555],[6.1448408220719601,46.186801972908263],[6.1452649685501104,46.186773257859848],[6.1454061460733769,46.186764988316185],[6.1459703005608803,46.186753585241384],[6.1467148797159492,46.186796759701949],[6.147477706710073,46.186837951012144],[6.1481968469161536,46.186865791673128],[6.1488688158800278,46.186804574998021],[6.1499199299167842,46.186740341276632],[6.1510959005479364,46.186654676713623],[6.151778922144973,46.18665236578336],[6.1522529560839327,46.186618280129053],[6.1525880743726447,46.186560062584448],[6.1530898875824072,46.186441849788295],[6.1534427288123776,46.186289167383229],[6.1537543627630598,46.186109746496427],[6.1541863633235021,46.185665192412856],[6.154411608230931,46.185236873672494],[6.1545323718707561,46.184706959800927],[6.1543921390748766,46.183837793572977],[6.1541756939389991,46.182503173465555],[6.1540292813980724,46.181395518507493],[6.1538744269797538,46.180189038117639],[6.1538314559487626,46.179841447574226],[6.1538336112754948,46.1798362305951],[6.1538357768967424,46.179831016432296],[6.1538379528550413,46.179825803286867],[6.153840137813031,46.179820592943017],[6.1538423331080851,46.179815383616535],[6.1538445386977179,46.179810177106404],[6.1538467533082706,46.17980497249831],[6.1538489782346044,46.179799769807097],[6.1538512134767487,46.179794569032701],[6.153853459034651,46.179789370175193],[6.1538557135922805,46.179784174119185],[6.1538579771921009,46.179778979065844],[6.1538602523812989,46.179773786843576],[6.1538625365914292,46.179768596523346],[6.1538648298224938,46.179763408105245],[6.1538671346428817,46.17975822251816],[6.1538694472106767,46.179753037918964],[6.1538717713678102,46.179747856150833],[6.1538741045458387,46.179742676284782],[6.1538764480184209,46.179737499235024],[6.1538788018067461,46.179732324102091],[6.1538811646372231,46.179727149971818],[6.1538835364461111,46.179721979542485],[6.1538859198868723,46.17971681014528],[6.153888312327263,46.179711643549695],[6.1538907137886376,46.179706478856133],[6.1538931268392725,46.179701316993579],[6.153895547615984,46.179696157018405],[6.153897980003312,46.179690998974785],[6.1539004214115103,46.179685842833308],[6.153902871819362,46.179680689493281],[6.1539053338377956,46.179675538084865],[6.1539078035610197,46.179670389463219],[6.1539102848948133,46.179665242773169],[6.1539127752282727,46.179660098884604],[6.1539152745826025,46.17965495689814],[6.1539177842526627,46.17964981682853],[6.1539203042171513,46.179644679575134],[6.1539228344973962,46.179639544238604],[6.1539253724824343,46.179634411688852],[6.1539279220780001,46.179629281070639],[6.1539304806944495,46.179624152354542],[6.1539330483105159,46.179619026439944],[6.1539356275159065,46.179613903356355],[6.1539382144473178,46.179608782160116],[6.15394081167317,46.179603663780092],[6.1539434192147393,46.179598547316935],[6.1539460370506864,46.179593433670014],[6.1539486626127546,46.179588321910437],[6.1539512997640475,46.179583212981832],[6.1539539459361992,46.179578105955322],[6.1539566011079252,46.179573001730326],[6.1539592665741303,46.17956790032158],[6.1539619423560294,46.17956280082965],[6.1539646271587349,46.17955770323978],[6.153967320939814,46.179552609350885],[6.1539700263313959,46.179547517393544],[6.1539727394489878,46.179542427323497],[6.1539754628397256,46.179537340969169],[6.15397819654617,46.179532256531665],[6.1539809392734339,46.179527173996178],[6.153983692295097,46.179522094276962],[6.1539864543163523,46.17951701735926],[6.1539892253371962,46.179511943243043],[6.1539920066736826,46.179506871043642],[6.1539947983045957,46.1795018016605],[6.1539975989350353,46.179496735078843],[6.1540004085651399,46.179491671298699],[6.1540032285108008,46.179486609435365],[6.1540060587508858,46.179481550388232],[6.1540088979905487,46.179476494142619],[6.1540117462509807,46.179471439799059],[6.1540146047846092,46.179466389171239],[6.1540174723390173,46.179461340445386],[6.1540203501878175,46.179456294535811],[6.1540232370361778,46.179451251427714],[6.1540261342001834,46.179446210236463],[6.1540290403424729,46.179441172746102],[6.1540319555055545,46.179436137157808],[6.1540348809629881,46.179431104385742],[6.1540378167148342,46.179426074429898],[6.1540407601713714,46.179421047260831],[6.1540437152170799,46.17941602292273],[6.1540466779675693,46.179411001371335],[6.1540496510336009,46.17940598173675],[6.1540526343728006,46.179400965817869],[6.1540556267327835,46.179395951801006],[6.1540586280922422,46.179390940585634],[6.1540616397248469,46.179385933085946],[6.1540646603782303,46.179380927488282],[6.1540676900311047,46.179375924692103],[6.1540707299783417,46.179370924712138],[6.1540737789251176,46.179365927533667],[6.154076838166243,46.179360933171409],[6.1540799050907884,46.17935594249532],[6.1540829836257531,46.179350953750792],[6.1540860698654303,46.179345967792969],[6.1540891676942184,46.179340984666091],[6.1540922732277377,46.179336004326025],[6.1540953890343371,46.179331027701537],[6.1540985138616771,46.179326052979128],[6.1541016476885346,46.179321081058177],[6.1541047917884715,46.17931611285286],[6.1541079449091409,46.179311146549608],[6.1541111083028648,46.179306183961984],[6.1541142794012815,46.179301224161108],[6.1541174620888572,46.179296267191191],[6.1541206524811241,46.17929131300798],[6.1541238531676372,46.179286361640976],[6.1541270628536928,46.179281413075465],[6.1541302815179275,46.17927646821083],[6.154133510497755,46.179271525262962],[6.15413674845583,46.17926658601607],[6.1541399954133791,46.17926164957057],[6.1541432526652153,46.179256715941293],[6.1541465176004735,46.179251785998183],[6.1541497941461225,46.179246857986584],[6.1541530783751304,46.179241933661132],[6.1541563728984752,46.179237012151852],[6.1541596764212816,46.179232093444071],[6.1541629889222591,46.179227178437166],[6.1541663104227755,46.179222266231726],[6.154169642217501,46.179217356842486],[6.154172983011768,46.179212450254695],[6.1541763327842016,46.179207547367788],[6.1541796928509482,46.17920264729711],[6.1541830619171476,46.179197750027868],[6.1541864399827668,46.179192855560061],[6.1541898270265962,46.179187964793165],[6.1541932230486731,46.17918307772716],[6.1541966293862647,46.179178192577908],[6.154200044702038,46.179173311129531],[6.154203469017248,46.179168432482598],[6.1542069023106931,46.179163557536569],[6.1542103458983739,46.179158685406712],[6.1542137971694126,46.179153816962994],[6.1542172587347626,46.17914895133547],[6.1542207292995377,46.179144088509382],[6.1542242101373201,46.179139229398942],[6.1542276986796765,46.179134373075179],[6.15423119751632,46.17912951956761],[6.1542347040363339,46.179124669746173],[6.1542382208293445,46.179119823640335],[6.1542417466217758,46.17911498033596],[6.1542452827084437,46.179110139847765],[6.1542488264785096,46.179105303045681],[6.1542523805215303,46.179100469959238],[6.1542559435640003,46.179095639674209],[6.1542595143110486,46.179090812175886],[6.1542630953311264,46.17908598839319],[6.154266686624184,46.179081168326064],[6.1542702856218172,46.179076351045673],[6.1542738936188641,46.179071536566667],[6.1542775118889175,46.179066725803303],[6.1542811391371375,46.179061918740757],[6.1542847740686675,46.179057115364365],[6.1542884192944465,46.179052314804181],[6.1542920735196356,46.179047517045397],[6.1542957367229585,46.17904272298744],[6.1542994089044862,46.179037932630386],[6.1543030900853779,46.179033145074747],[6.1543067815179935,46.179028362134133],[6.1543104806764415,46.179023581080763],[6.1543141900866143,46.179018804642453],[6.1543179072013752,46.179014030990793],[6.1543216346102954,46.179009260155311],[6.1543253696813451,46.179004493905374],[6.1543291150466173,46.178999730471617],[6.1543328693900099,46.178994970738685],[6.1543366314379755,46.178990213792403],[6.1543404037588481,46.178985460561783],[6.1543441850579406,46.178980711031947],[6.1543479753351535,46.178975965202987],[6.1543517746117109,46.178971222175477],[6.1543555828451728,46.178966483748212],[6.1543594000780084,46.178961748122354],[6.1543632250153939,46.17895701528316],[6.1543670602045184,46.178952287058998],[6.1543709043929766,46.178947561636249],[6.1543747575383394,46.178942840813775],[6.1543786196830998,46.178938122792687],[6.1543824908271461,46.178933407573012],[6.1543863709281581,46.178928696953655],[6.1543902600285056,46.178923989135669],[6.1543941567908806,46.17891928590322],[6.1543980638475047,46.178914585486879],[6.1544019798821958,46.178909888771415],[6.1544059036001961,46.178905195742061],[6.1544098375910865,46.178900506428256],[6.1544137792653384,46.178895820800527],[6.1544177312337593,46.178891137988984],[6.1544216908641838,46.178886459762921],[6.1544256607887924,46.178881784353003],[6.1544296383754675,46.178877113528628],[6.1544336249614782,46.178872445505611],[6.1544376205255951,46.178867781183449],[6.1544416250466156,46.178863121461603],[6.1544456385669193,46.178858464541065],[6.1544496610653283,46.178853811321346],[6.1544536912470598,46.178849161787774],[6.1544577316804663,46.178844516869169],[6.1544617798183587,46.178839874737207],[6.1544658382291564,46.178835236320815],[6.1544699043020188,46.178830602489917],[6.1544739793742425,46.178825971460405],[6.1544780634244978,46.178821344131748],[6.1544821551368418,46.178816721388571],[6.1544862571432963,46.17881210146151],[6.1544903668118041,46.178807486119993],[6.1544944867744311,46.178802873594584],[6.1544986143990998,46.178798265654656],[6.1545027510018882,46.178793661415554],[6.1545068952878941,46.178789060862549],[6.1545110498468185,46.17878446402505],[6.1545152120890005,46.178779870873647],[6.1545193833092995,46.178775281423079],[6.1545235634864,46.178770696572712],[6.154527752662811,46.178766114523725],[6.1545319495012869,46.178761537060268],[6.1545361566126306,46.178756963312331],[6.1545403714072311,46.178752393250441],[6.1545445951798863,46.178747826889399],[6.1545488266145965,46.178743265113809],[6.154553068322131,46.178738707053746],[6.1545573177129773,46.178734152679802],[6.1545615760818899,46.178729602006619],[6.1545658421340361,46.178725055019505],[6.1545701184378174,46.178720512647367],[6.154574402424883,46.178715973961282],[6.1545786940951288,46.178711438961244],[6.1545829960383287,46.178706907676748],[6.1545873056434814,46.178702380977754],[6.1545916242267023,46.178697857979529],[6.1545959517880036,46.178693338682116],[6.1546002870113581,46.178688823970163],[6.1546046312127176,46.178684312959021],[6.1546089843921186,46.178679805648628],[6.1546133452547531,46.178675302024338],[6.1546177150742638,46.178670803000237],[6.1546220938717537,46.178666307676913],[6.15462648033132,46.178661816939098],[6.1546308757688948,46.178657329902059],[6.1546352801845234,46.178652846565797],[6.154639693556951,46.178648367829744],[6.1546441133178389,46.178643892765002],[6.1546485433515175,46.178639421415781],[6.1546529810472244,46.178634954651997],[6.1546574276997683,46.178630492488459],[6.1546618833515723,46.178626033126235],[6.1546663466441496,46.17862157924894],[6.1546708189359993,46.178617128172988],[6.1546752988898241,46.178612681682509],[6.1546797878004629,46.178608239792212],[6.1546842843943228,46.178603801587997],[6.1546887899662233,46.178599367084487],[6.1546933044948737,46.178594937181224],[6.1546978266855668,46.178590511863426],[6.1547023578542994,46.178586090246348],[6.1547068967062284,46.178581672315318],[6.1547114445149704,46.178577258984525],[6.1547160012805113,46.178572850253929],[6.1547205657292601,46.178568445209322],[6.1547251378612291,46.17856404385072],[6.154729718928805,46.178559647991776],[6.1547343089955895,46.17855525493416],[6.1547389067031215,46.17855086736143],[6.1547435120938623,46.178546483474747],[6.1547481264626578,46.17854210328877],[6.1547527497882273,46.178537727702995],[6.1547573807757621,46.178533356702673],[6.1547620207413134,46.178528989403134],[6.1547666683688931,46.178524626689025],[6.1547713236584247,46.178520268560355],[6.1547759879259338,46.178515914132433],[6.1547797245471703,46.178512945445945],[6.1547834688094865,46.178509982244378],[6.1547872207553125,46.17850702272888],[6.1547909803422431,46.178504068698352],[6.1547947475915334,46.178501119253298],[6.1547985225031177,46.178498174393788],[6.15480230507701,46.178495234119794],[6.1548060965868041,46.178492299345486],[6.1548098944641341,46.178489369141943],[6.1548137000037713,46.178486443523916],[6.1548175132057041,46.178483522491369],[6.1548213353648071,46.178480606059068],[6.1548251638701386,46.17847769509698],[6.1548290000378785,46.178474788720415],[6.1548328438466342,46.178471887828763],[6.1548366953389664,46.178468990623216],[6.1548405557671613,46.178466098917291],[6.1548444225417258,46.178463212681592],[6.1548482956836859,46.178460331016673],[6.1548521777828391,46.178457453951992],[6.1548560675442765,46.178454581472799],[6.1548599649468816,46.178451714478541],[6.1548638687169319,46.178448852055041],[6.1548677814229107,46.17844599513122],[6.1548717004963613,46.17844314277815],[6.1548756272321441,46.17844029501056],[6.1548795616090057,46.178437452727934],[6.1548835036482394,46.178434615030788],[6.1548874520337273,46.178431782803806],[6.1548914093763329,46.178428955177111],[6.154895373065246,46.178426133020551],[6.1548993444164672,46.178423315449493],[6.1549033234299824,46.178420502463958],[6.1549073087685748,46.178417695848012],[6.1549113030855143,46.178414892932913],[6.1549153037487345,46.178412095487928],[6.1549193120530443,46.178409303527893],[6.1549233267249184,46.178406516138615],[6.1549273503326285,46.178403734248981],[6.1549313802866346,46.178400957829538],[6.1549354166294155,46.178398185081413],[6.1549394618868059,46.1783954187324],[6.1549435135117818,46.178392656954102],[6.1549475727777736,46.178389900660719],[6.1549516384113767,46.178387148938057],[6.1549557116859814,46.17838440270036],[6.1549597926017032,46.178381661947576],[6.154963879884999,46.178378925765486],[6.1549679748093356,46.17837619506836],[6.1549720773959917,46.1783734689567],[6.1549761863077377,46.178370749214608],[6.1549803028817651,46.178368034058032],[6.1549844258233293,46.178365323472192],[6.1549885563847644,46.1783626192707],[6.1549926946085369,46.178359919654675],[6.1549968391785503,46.178357225508833],[6.1550009914109109,46.178354535948429],[6.1550051499895506,46.178351851858217],[6.155009314914496,46.178349173238146],[6.1550134887753565,46.178346500117762],[6.1550176676877122,46.178343832452796],[6.1550218542623512,46.178341169373269],[6.1550260484781321,46.178338511778669],[6.1550302490401663,46.178335859654226],[6.1550344572432936,46.178333213014696],[6.1550386717927648,46.178330571845308],[6.1550428927096945,46.178327935246642],[6.1550471212465618,46.178325305032345],[6.1550513561509153,46.178322679388764],[6.1550555986963458,46.17832005923006],[6.155059847588122,46.178317444541527],[6.1550641028261257,46.178314835323143],[6.15506836572649,46.178312230690238],[6.1550726349519431,46.178309632426917],[6.1550769118184867,46.17830703964848],[6.155081195052567,46.178304451440766],[6.1550854846329273,46.178301868703208],[6.1550897805383498,46.178299292335254],[6.1550940841060946,46.178296720552723],[6.1550983940202091,46.178294154240383],[6.1551027115541466,46.17829159431237],[6.1551070341607712,46.178289038940299],[6.1551113644085502,46.178286489053136],[6.1551157022974206,46.178283944650858],[6.1551200452166075,46.178281406603411],[6.1551243957980635,46.178278873141409],[6.1551287514310564,46.178276345134854],[6.1551331159787557,46.178273823527348],[6.1551374855991057,46.178271306475771],[6.155141861565812,46.178268794894386],[6.155146245152431,46.178266289697291],[6.1551506350852927,46.178263789970366],[6.1551550313856769,46.178261294814142],[6.155159434011189,46.178258806027486],[6.1551638429830184,46.178256322710972],[6.1551682583011047,46.178253844864578],[6.1551726812603578,46.178251372503112],[6.1551771092710927,46.178248905597002],[6.1551815449017289,46.17824644507521],[6.1551859856050779,46.178243989109404],[6.1551904339283379,46.178241539527896],[6.1551948885978787,46.178239095416508],[6.1551993496137367,46.178236656775269],[6.1552038169547263,46.178234224503612],[6.1552082906631851,46.178231796802642],[6.1552127706968225,46.178229375471219],[6.1552172557819178,46.178226959595236],[6.1552217485081284,46.178224549204096],[6.1552262475806456,46.178222144283104],[6.1552307529782899,46.17821974573166],[6.1552352647222284,46.178217352650364],[6.1552397815177011,46.178214965024452],[6.1552443059543016,46.178212582883397],[6.1552488367160034,46.17821020711191],[6.1552533725291907,46.178207836795806],[6.1552579146887219,46.178205471949795],[6.1552624644681382,46.178203113488131],[6.1552670192990764,46.178200760481836],[6.1552715804763842,46.178198412945669],[6.1552761479787188,46.178196071779098],[6.1552807205326614,46.178193736067854],[6.1552853007276696,46.178191405841496],[6.1552898859529597,46.178189081969961],[6.1552944775246541,46.178186763568569],[6.1552990754426435,46.178184450637225],[6.1553036783909256,46.17818214406077],[6.1553082889803221,46.178179842969101],[6.1553129046000858,46.178177548232306],[6.1553175265873241,46.178175258066162],[6.15532215487851,46.178172975169048],[6.1553267882211786,46.178170697727289],[6.1553314279102294,46.178168425755615],[6.1553360739243947,46.178166160153538],[6.155340724990082,46.178163900006822],[6.1553453823808963,46.178161646229626],[6.1553500461180155,46.178159397922585],[6.155354714906669,46.178157155070856],[6.1553593913152618,46.178154918603482],[6.1553640714594104,46.178152688476111],[6.1553687579498524,46.178150463818866],[6.1553734507654374,46.178148245531233],[6.1553781499273112,46.178146032713634],[6.1553828541195683,46.178143826250874],[6.155387564658156,46.178141625258213],[6.1553922802270487,46.178139430620355],[6.1553970008475005,46.178137241437852],[6.1554017290878518,46.178135058639654],[6.155406461084989,46.17813288128206],[6.1554112007020407,46.178130710308757],[6.1554159453494073,46.178128545690278],[6.1554206950483721,46.178126386527126],[6.1554254497776526,46.178124233718762],[6.1554302121480262,46.178122086395277],[6.1554349782327913,46.17811994631127],[6.1554397506850771,46.178117810797936],[6.1554445294413016,46.17811568255356],[6.1554493132490693,46.178113559764554],[6.1554541021084379,46.178111442430883],[6.1554588972717035,46.17810933236624],[6.1554636974864874,46.178107227756875],[6.1554685027528464,46.17810512860293],[6.1554733143231912,46.178103036717914],[6.1554781309450437,46.178100950288311],[6.1554829526184935,46.178098869313999],[6.1554877805958439,46.178096795608688],[6.155492613624725,46.178094727358712],[6.155497452978798,46.178092665478268],[6.1555022960896446,46.178090609038456],[6.1555071455044148,46.178088559867582],[6.1555119999707326,46.178086516152085],[6.1555168594674292,46.178084478791369],[6.1555217252892938,46.178082447800151],[6.1555265961627281,46.178080422264316],[6.1555314720665057,46.178078403083262],[6.1555363530006257,46.178076390256997],[6.1555412389651147,46.178074383785507],[6.1555461312759716,46.178072382784109],[6.1555510285960056,46.178070389036883],[6.1555559296728255,46.178068400730332],[6.1555608370747619,46.178066418793286],[6.1555657495070895,46.178064443210999],[6.155570668264609,46.178062473998253],[6.1555755907788656,46.178060510226125],[6.1555805183022851,46.178058553708162],[6.1555854521720867,46.17805660266032],[6.1555903897774975,46.178054657952515],[6.1555953324132622,46.178052719599471],[6.1556002813742188,46.178050787615931],[6.1556052353654911,46.1780488619872],[6.1556101931136036,46.178046941799089],[6.1556151571656752,46.178045028879872],[6.1556201249533427,46.17804312230075],[6.1556250990873558,46.178041221191648],[6.1556300769570136,46.178039326422628],[6.1556350598357987,46.178037438907793],[6.1556400490609908,46.17803555686303],[6.1556450420217645,46.178033681158304],[6.1556500400129464,46.178031811808367],[6.1556550430345078,46.178029948813176],[6.1556600510864365,46.178028092172781],[6.155665064147593,46.178026242786579],[6.1556700809655105,46.178024398840975],[6.1556751041086457,46.178022561264896],[6.155680130987351,46.178020730028791],[6.1556851628964866,46.178018905147539],[6.1556901998360285,46.178017086620962],[6.1556952405111272,46.178015274434472],[6.1557002875114302,46.178013468617486],[6.1557053382473548,46.178011669140517],[6.1557103940137115,46.178009876018301],[6.1557154547892292,46.178008090150293],[6.1557205193215614,46.178006309722882],[6.1557255888843123,46.178004535650246],[6.1557306634562634,46.178002768831774],[6.1557357417850547,46.178001007453929],[6.1557408264178317,46.177999253344964],[6.1557459135126082,46.177997504661931],[6.1557510069114514,46.177995763247743],[6.1557561040458779,46.177994028173643],[6.1557612062107072,46.177992299454296],[6.1557663121111847,46.177990577074965],[6.1557714230420562,46.177988861050387],[6.1557765377085474,46.177987151365819],[6.1557816586791017,46.177985448950182],[6.1557867821116332,46.17798375196044],[6.1557919105534316,46.177982062224814],[6.1557970440256451,46.177980378844005],[6.1558021812334696,46.17797870180322],[6.1558073234717767,46.177977031117138],[6.1558124694244487,46.177975367670534],[6.1558176204288193,46.17797370967925],[6.1558227751475938,46.177972058927409],[6.1558279348967879,46.177970414530336],[6.1558330983816418,46.177968776473278],[6.1558382656021546,46.177967144756231],[6.1558434378318552,46.177965520293377],[6.1558486137972679,46.177963902170553],[6.1558537947930487,46.177962290402469],[6.1558589795245622,46.177960684974394],[6.1558641679916848,46.177959085886286],[6.1558693614680493,46.177957494052428],[6.1558745586800327,46.177955908558552],[6.1558797609225113,46.177954329419428],[6.1558849655846481,46.177952757505047],[6.1558901752984205,46.177951191045949],[6.1558953900214437,46.177949631841003],[6.1559006071641775,46.177948079860791],[6.1559058293585087,46.177946533335934],[6.1559110552673699,46.177944994050485],[6.1559162849118652,46.177943461105023],[6.1559215195656023,46.17794193541377],[6.1559267566814286,46.177940415148356],[6.1559319988065084,46.1779389021371],[6.1559372446460783,46.177937396365301],[6.1559424955372872,46.177935896048794],[6.1559477488270007,46.177934403856476],[6.1559530058735872,46.177932917104684],[6.1559582679294662,46.177931437607064],[6.1559635337210041,46.177929964449447],[6.1559688019534535,46.177928497617152],[6.1559740751951582,46.177927038039002],[6.155979352172519,46.177925584800818],[6.1559846328855921,46.177924137902679],[6.1559899173131587,46.177922698243989],[6.155995205476434,46.177921264925253],[6.1560004986489378,46.177919838860731],[6.1560057942623896,46.177918419121447],[6.1560110936115535,46.177917005722207],[6.1560163966751986,46.177915599562361],[6.1560217034532974,46.177914200641979],[6.1560270139883624,46.177912807162166],[6.1560323282378802,46.177911420921745],[6.1560376449071326,46.177910041906038],[6.1560429666068561,46.177908669245113],[6.1560482920423238,46.17790730292414],[6.1560536198974916,46.177905943827902],[6.1560589527831384,46.17790459108636],[6.1560642880885341,46.177903245569532],[6.156069627129626,46.177901906392705],[6.1560749699064283,46.17790057355586],[6.1560803151029901,46.177899247943714],[6.1560856653088534,46.177897929585775],[6.1560910179556423,46.177896617553039],[6.1560963743381301,46.17789531186034],[6.1561017344351487,46.177894013407041],[6.1561070969519518,46.177892722178463],[6.1561124644992118,46.177891437304609],[6.1561178344874588,46.177890158755957],[6.1561232068953773,46.177888887432083],[6.1561285843338798,46.17788762246289],[6.1561339641921169,46.177886364718411],[6.1561393464700975,46.177885114198638],[6.1561447337785884,46.177883870033575],[6.1561501235280298,46.177882632193736],[6.1561555156760246,46.177881402478057],[6.1561609115809732,46.177880178202955],[6.1561663112004785,46.177878961167266],[6.156171714534513,46.177877751371014],[6.1561771203095503,46.177876547899963],[6.1561825285042717,46.177875351653682],[6.1561879404135853,46.177874162646724],[6.1561933560798794,46.177872979080377],[6.1561987741447144,46.177871803638176],[6.1562041946504751,46.177870634521227],[6.1562096188708555,46.177869472643685],[6.1562150468269694,46.17786831710611],[6.156220477202857,46.177867168793242],[6.1562259100197734,46.177866026805631],[6.156231346551194,46.177864892057443],[6.1562367855024247,46.177863764533953],[6.1562422281893765,46.177862643350423],[6.1562476732961526,46.177861529391592],[6.1562531208227274,46.177860422657446],[6.1562585720850844,46.177859322263288],[6.156264025788369,46.177858228194367],[6.1562694831851221,46.17785714226433],[6.1562749417279621,46.177856062644807],[6.156280404006691,46.177854989365237],[6.156285869978773,46.177853924224571],[6.1562913371182235,46.177852864494959],[6.1562968079511178,46.177851812904201],[6.1563022812249981,46.177850767638674],[6.1563077582134627,46.177849729612603],[6.156313236326926,46.177848698796481],[6.1563187181762391,46.177847674320333],[6.1563242024453348,46.177846657068827],[6.1563296891554229,46.177845646142607],[6.1563351782853575,46.17784464244108],[6.156340671129886,46.177843645978939],[6.1563461650994027,46.177842656726796],[6.156351662804818,46.177841673814584],[6.1563571629299831,46.177840698127071],[6.1563626654749815,46.177839729664228],[6.1563681704610449,46.177838767526637],[6.156373677866906,46.177837812613731],[6.1563791876925915,46.177836864925553],[6.1563846999380951,46.177835924461995],[6.1563902146246789,46.177834990323746],[6.1563957317310729,46.177834063410131],[6.1564012525733043,46.177833142836462],[6.1564067745193807,46.177832230372239],[6.1564122989064858,46.177831324233203],[6.1564178257134134,46.177830425318909],[6.1564233549614418,46.177829532729831],[6.1564288866080785,46.177828648264871],[6.1564344206957928,46.177827770125141],[6.156439955929736,46.17782689829594],[6.1564454948571816,46.177826034605587],[6.1564510362256444,46.177825177240457],[6.1564565787191574,46.177824327085311],[6.1564621236325685,46.177823484154814],[6.1564676709658022,46.177822648449002],[6.1564732207401258,46.177821819068427],[6.1564787716395131,46.177820996897822],[6.1564843262535716,46.177820181966581],[6.1564898819927318,46.177819374245352],[6.1564954401729199,46.177818572849333],[6.1565010007518266,46.177817779577424],[6.1565065624770003,46.177816992616023],[6.1565121266432143,46.177816211979838],[6.156517693208186,46.177815439467807],[6.156523260919375,46.17781467326629],[6.1565288323240948,46.177813915203579],[6.1565344035803209,46.177813163436674],[6.1565399785512067,46.177812418909191],[6.1565455546683472,46.177811680692194],[6.1565511331842444,46.177810950599302],[6.1565567128464735,46.177810226816923],[6.1565622949285137,46.177809510259223],[6.1565678781357178,46.177808800911478],[6.15657346376282,46.17780809878839],[6.1565790518310131,46.177807402990545],[6.1565846410031559,46.177806715302083],[6.1565902313215899,46.177806033924135],[6.1565958240599485,46.177805359770865],[6.156601419218207,46.177804692842273],[6.1566070155227814,46.177804032224181],[6.1566126142261028,46.177803379730172],[6.1566182127809199,46.177802733532005],[6.156623815029306,46.177802095472622],[6.1566294184239831,46.177801463723782],[6.156635022943826,46.177800839184854],[6.1566406285887698,46.177800221855904],[6.1566462366748809,46.177799610852176],[6.1566518471596998,46.17779900797256],[6.1566574574960891,46.177798411388686],[6.1566630702523888,46.177797822029532],[6.1566686841127147,46.177797240779739],[6.1566743004141058,46.177796665855205],[6.156679917861867,46.177796097241128],[6.1566855364135744,46.177795536736447],[6.1566911560904467,46.177794983441778],[6.1566967782084729,46.17779443647229],[6.1567024014304979,46.177793897612162],[6.1567080257988414,46.177793365062556],[6.1567136512923364,46.177792839722912],[6.1567192792058316,46.177792321607917],[6.1567249069496972,46.177791810688142],[6.1567305371134973,46.177791306993051],[6.1567361684025261,46.177790810507879],[6.1567418008379002,46.177790320333244],[6.1567474343772446,46.177789838267977],[6.1567530690629715,46.177789362513231],[6.1567587061686764,46.177788893983127],[6.1567643430835934,46.177788433547668],[6.1567699824397284,46.177787979437447],[6.1567756216262168,46.177787532522466],[6.1567812632326673,46.177787092832162],[6.1567869046695254,46.17778666033707],[6.1567925485476129,46.177786234167165],[6.1567981922348762,46.177785816091976],[6.1568038383421513,46.177785405241401],[6.1568094843010366,46.177785000686612],[6.1568151326587204,46.177784604255962],[6.1568207808680251,46.177784214121075],[6.156826430202532,46.177783831196109],[6.1568320806410775,46.177783456380553],[6.1568377322260055,46.177783087875518],[6.1568433849361694,46.177782726580396],[6.1568490387715293,46.177782372495216],[6.1568546924373422,46.177782025605275],[6.1568603485231579,46.177781685939976],[6.1568660044606327,46.17778135257047],[6.1568716615021319,46.177781027310303],[6.1568773196688209,46.177780709260098],[6.1568829776872089,46.177780397505707],[6.1568886381043813,46.177780093875398],[6.1568942983732269,46.177779796540889],[6.1568999584513104,46.177779507300997],[6.1569056209706501,46.17777922438637],[6.1569112832992419,46.177778949566388],[6.1569169467742677,46.177778681056878],[6.1569226100797234,46.177778419742623],[6.156928274510471,46.177778165638308],[6.1569339400452678,46.177777919643347],[6.1569396067265245,46.177777679958908],[6.1569452732382484,46.177777447469694],[6.1569509395803896,46.177777222175692],[6.1569566070478619,46.177777004091624],[6.1569622756617788,46.177776792318049],[6.1569679440849754,46.177776588639162],[6.1569736136334114,46.177776392170195],[6.1569792843071518,46.177776202911168],[6.156984954811362,46.177776020847347],[6.1569906251672579,46.177775845079353],[6.156996296627268,46.177775677420705],[6.1570019679177337,46.177775516957276],[6.1570076403546823,46.177775362804354],[6.1570133126009203,46.177775216746092],[6.1570189859936812,46.177775076998337],[6.157024659195744,46.177774945345227],[6.1570303322494571,46.177774819987931],[6.1570360064072931,46.177774702739974],[6.1570416804168788,46.177774591787845],[6.1570473542569113,46.177774488030877],[6.157053029201041,46.177774392383327],[6.1570587039969205,46.177774303031548],[6.1570643799180793,46.177774220889667],[6.1570700543538086,46.17777414682778],[6.1570757299360066,46.177774079076393],[6.157081406643548,46.177774018534919],[6.1570870818868375,46.177773965173991],[6.1570927582553807,46.177773919022982],[6.1570984344545083,46.177773880067164],[6.1571041104629751,46.177773849206019],[6.1571097863231534,46.177773824640646],[6.1571154633086369,46.17777380728522],[6.1571211401247039,46.177773797125063],[6.1571268154764667,46.177773794145367],[6.1571324919536261,46.177773798375632],[6.1571381682824802,46.177773808901634],[6.157143844420677,46.177773827522344],[6.1571495216842438,46.177773853352988],[6.1571551974836076,46.177773886364108],[6.1571608731134768,46.177773926570467],[6.1571665498687036,46.177773973986724],[6.1571722251596785,46.177774028583514],[6.157177901597211,46.177774089490818],[6.1571835765493903,46.177774158478101],[6.157189252626873,46.177774234675262],[6.1571949272612825,46.177774317153492],[6.1572006017050969,46.177774407726424],[6.1572062772742919,46.177774505509248],[6.1572119514004893,46.177774609573163],[6.1572176253360427,46.177774721731737],[6.157223299102152,46.17777484108553],[6.1572289727200991,46.177774966735086],[6.1577418285371657,46.177824793925801],[6.1583869896733194,46.178025742019145],[6.1587763476936184,46.178205975173626],[6.159102282505942,46.178439513046541],[6.1593385021648661,46.17867414825956],[6.1594788508524951,46.17885374178563],[6.1596377558217323,46.179174031319143],[6.1596992400069768,46.179885989436151],[6.1597202979068157,46.180552242431688],[6.1598210218291829,46.181011143012988],[6.1600313625110745,46.181504034661621],[6.1613345645707538,46.183512781647522],[6.1619767735469102,46.18435685239217],[6.1622659693362731,46.18491082338209],[6.1623795232916398,46.185321284012744],[6.1623941872054457,46.18579504251413],[6.1623498179753939,46.185924994714433],[6.1622808039194013,46.186166856118042],[6.1622735933990969,46.186485262528933],[6.1623508007923959,46.186926802405445],[6.1624195294917223,46.187144491724631],[6.1625547097530493,46.187318042498177],[6.1629770380445859,46.187680986495373],[6.1632696163427134,46.187843182084009],[6.1635691039526659,46.187975945554349],[6.1639040841877621,46.188064573481064],[6.1642301090568852,46.18812080256334],[6.164747688618152,46.188172896632295],[6.1650505047201341,46.188180190406385],[6.1656528814045961,46.188123211670302],[6.1663310883765696,46.187942033538832],[6.1665956315759294,46.187846327262825],[6.1671019404535574,46.187637380486379],[6.1674763460298232,46.187468869923158],[6.1678690230405575,46.187266467133277],[6.1678034736752725,46.187625839809328],[6.1677946650397644,46.187673593508251],[6.167713542195397,46.188100041577222],[6.1677087486283479,46.188132010687305],[6.1677007115552236,46.188169519450341],[6.1676745351831057,46.188321537207486],[6.1676354433589289,46.188540494783815],[6.1675746418986295,46.188878820749096],[6.1675447115907458,46.188971199735363],[6.1676247707132879,46.189059213231772],[6.1675766420235778,46.189160154510738],[6.1675172485933762,46.189317858142552],[6.1675053676511027,46.189349493666377],[6.167398104083202,46.18960983098934],[6.1673634024943382,46.189731572927251],[6.16735695910352,46.189785955999596],[6.167353898097347,46.189811842115063],[6.1673720593121555,46.189865861936106],[6.1673997492772115,46.189904819682852],[6.1674255084630705,46.189930998231006],[6.1674594271066576,46.189966509321771],[6.1676047829815719,46.190060807017431],[6.1680317283431982,46.190348480538162],[6.1682567529312742,46.190489537677045],[6.1683102555279694,46.190525771094606],[6.1683866008011314,46.190577642626373],[6.168660969630877,46.190782667506291],[6.1690309006156197,46.191068338463921],[6.1693080798743889,46.191230960966166],[6.1693133673049578,46.191234207125717],[6.1697161097784452,46.191553362132012],[6.1706466526780321,46.19228667961071],[6.1710782956271837,46.192619307755152],[6.1712975360051123,46.192786563327225],[6.1718982121485695,46.193244788395951],[6.172183627242223,46.193466218942575],[6.1724081183534292,46.193640608999644],[6.1725162226918124,46.193724241884233],[6.1725677603992919,46.193788825179666],[6.1725796986198285,46.193803795747634],[6.172596907664281,46.19380910716238],[6.1726388303840194,46.193893947594574],[6.1723798153703955,46.193962861479179],[6.1720916564444819,46.194097960673062],[6.1718183694046127,46.194200928660429],[6.1714078090300371,46.194347434946309],[6.1714067526810581,46.194348012367605],[6.1714057039565677,46.194348596172325],[6.1714046603080615,46.194349184532392],[6.1714036229887634,46.194349779261316],[6.1714025933357926,46.194350378574789],[6.1714015687168775,46.194350984242497],[6.1714005517643153,46.194351594494712],[6.1713995411619118,46.194352210216337],[6.1713985382049374,46.194352831421895],[6.171397540323917,46.194353457182835],[6.1713965513625064,46.194354089341751],[6.171395567477048,46.194354726056069],[6.1713945912579051,46.194355367354881],[6.1713936226631914,46.194356015037059],[6.1713926604396239,46.194356667289213],[6.171391705882419,46.194357324125875],[6.1713907576753764,46.194357986431925],[6.1713898171346866,46.194358653322489],[6.1713888842393727,46.194359325696993],[6.1713879590103859,46.194360002655998],[6.1713870401525854,46.194360684184943],[6.1713861289401226,46.194361371197864],[6.1713852254149382,46.194362061895838],[6.1713843295351678,46.194362758077745],[6.1713834413216979,46.194363458844215],[6.1713825607746085,46.194364164195122],[6.1713816878938186,46.194364874130585],[6.1713808239535721,46.194365589564548],[6.1713799664054623,46.194366308668961],[6.1713791165236653,46.194367032357931],[6.171378275624364,46.194367759746534],[6.1713774423704004,46.194368492619056],[6.1713766168037907,46.194369229176658],[6.1713757989034814,46.194369970318739],[6.1713749899646659,46.1943707160599],[6.1713741887131661,46.194371465486164],[6.171373395128029,46.194372219496891],[6.1713726105043998,46.194372978106671],[6.1713718348841375,46.194373739516656],[6.1713710669093169,46.194374506410604],[6.171370306642749,46.194375276090121],[6.1713695553376589,46.194376050368746],[6.1713688130150652,46.194376828346975],[6.1713680783587961,46.194377610909719],[6.1713673527059596,46.194378396272647],[6.1713666360146533,46.194379186234613],[6.1713659270106778,46.194379979881646],[6.1713652270100923,46.194380776328899],[6.1713645359710005,46.194381577375168],[6.1713638539144275,46.194382382121049],[6.1713631795660957,46.194383189652598],[6.1713625154953853,46.19438400089831],[6.1713618591120287,46.194384815829054],[6.1713612117111012,46.194385634459429],[6.1713605746088342,46.194386455904585],[6.171359945193835,46.194387281034764],[6.1713593247613261,46.194388109864569],[6.171358714627428,46.194388941509104],[6.1713581122018084,46.1943897759393],[6.1713575200537729,46.19439061408363],[6.1713569356140523,46.194391455013601],[6.1713563614729408,46.194392298758295],[6.1713557963143009,46.194393146202607],[6.1713552401591016,46.194393996447104],[6.1713546930073244,46.194394849491808],[6.1713541561751803,46.194395704451786],[6.1713536283254671,46.194396563111333],[6.1713531094792122,46.194397424571122],[6.1713526009315531,46.194398288845662],[6.1713521001131344,46.194399155006344],[6.1713516108675313,46.194400024895742],[6.1713511293511667,46.19440089667134],[6.1713506581334121,46.194401771261688],[6.1713501959400396,46.194402647752796],[6.1713497440453002,46.194403527058597],[6.1713493024701478,46.194404408279688],[6.1713488686032481,46.194405292286447],[6.1713484450559086,46.194406178208453],[6.1713480318072422,46.194407066945203],[6.1713476275829322,46.194407957582683],[6.1713472336782189,46.194408850135467],[6.1713468500930677,46.194409744603554],[6.1713464742371658,46.19441064095782],[6.171346109995981,46.194411539241962],[6.1713457547583142,46.194412440326253],[6.1713454098611207,46.19441334242638],[6.1713450739883715,46.194414246427279],[6.1713447484351436,46.194415152343417],[6.1713444332225533,46.194416059275461],[6.1713441270133416,46.194416969007676],[6.1713438311446529,46.194417879755711],[6.1713435456165522,46.194418791519624],[6.1713432704080224,46.194419705198825],[6.1713430042238873,46.194420620778772],[6.1713427483802992,46.194421537374588],[6.171342501582056,46.194422454971672],[6.1713422664195505,46.194423373599165],[6.1713420402814538,46.194424294127408],[6.1713418244839042,46.194425215671494],[6.1713416190268644,46.194426138231421],[6.1713414226152423,46.194427061792638],[6.1713412378392984,46.194427986384284],[6.171341062108735,46.194428911977255],[6.171340896718708,46.194429838586011],[6.1713407416692538,46.194430766210658],[6.1713405956861189,46.194431693937183],[6.1713404613386853,46.194432622694052],[6.1713403360366579,46.194433552452303],[6.1713402210960782,46.194434482326862],[6.1713401164961228,46.194435413217349],[6.1713400222366399,46.194436345123648],[6.171339937064463,46.194437276232421],[6.1713398635280132,46.194438208371565],[6.1713397990369181,46.194439141511971],[6.1713397462235138,46.194440073883939],[6.1713397024554535,46.194441007257169],[6.1713396690489031,46.194441940746849],[6.1713396447296338,46.194442873438931],[6.1713396320460925,46.194443807161399],[6.1713396297240477,46.194444741000297],[6.1713396364683488,46.194445674941058],[6.1713396535950844,46.194446608098794],[6.1713396810833672,46.194447541372924],[6.1713397189331225,46.194448474763419],[6.1713397671654144,46.194449407370975],[6.1713398257591781,46.194450340094868],[6.1713398934192245,46.194451272920638],[6.1713399727569715,46.194452204977978],[6.1713400611819882,46.194453136237648],[6.1713401599685129,46.194454067613748],[6.1713402691375006,46.194454998206865],[6.1713403873937942,46.194455928002363],[6.1713405173277387,46.194456857029373],[6.1713406563489146,46.19445778525882],[6.1713408057316395,46.194458713604654],[6.1713409655178495,46.194459640268057],[6.171243095945024,46.194507248307623],[6.1718038617505036,46.195086374645335],[6.1721716524046917,46.195478564980611],[6.1724697815900891,46.195802148213801],[6.1725738221754236,46.195929592847556],[6.1725951232922558,46.195954832146931],[6.173053948635145,46.196476876715295],[6.1731491073376645,46.196585864135784],[6.173385347059658,46.196902406902822],[6.1734587734501742,46.197000708642619],[6.1736597079739743,46.19730086847283],[6.1736881633515912,46.197342477331894],[6.1738651259408899,46.197605886965505],[6.1739184650603454,46.197679534246539],[6.1740921627875647,46.197919795100958],[6.1742840518469286,46.198196871913019],[6.1743013460616121,46.198222442929776],[6.1743588670566778,46.19830758524904],[6.1743624866939397,46.198313563682497],[6.1744568459250591,46.198508265793855],[6.1745592292736848,46.198824524904239],[6.1745801364002819,46.1988892750011],[6.1746711270448227,46.199174767847929],[6.1746525657459079,46.199178446483614],[6.1746914218454858,46.199302179851266],[6.1747323369279217,46.199431320838535],[6.1747325069222079,46.199431867047586],[6.1747326678075263,46.199432414953932],[6.1747328196047864,46.199432963658147],[6.1747329609978108,46.199433514045154],[6.1747330920074202,46.199434065215499],[6.1747332139290236,46.199434617183684],[6.1747333267416717,46.199435170849206],[6.1747334291709945,46.199435725298031],[6.1747335212168917,46.199436280530243],[6.1747336041747189,46.199436836560274],[6.1747336767701198,46.199437392474231],[6.1747337402565501,46.199437950085496],[6.1747337933805193,46.199438507580609],[6.1747338361211508,46.199439065859131],[6.1747338697945713,46.19943962403601],[6.1747338930846789,46.199440182996298],[6.17473390730758,46.19944074185495],[6.1747339111680404,46.199441300597513],[6.1747339059613058,46.199441859238483],[6.1747338890968635,46.199442417748884],[6.1747338644605323,46.199442976172172],[6.1747338281664037,46.199443534464869],[6.174733782805105,46.199444092656002],[6.1747337271022804,46.19944464983152],[6.1747336623323097,46.199445206905501],[6.1747335871997961,46.199445763863359],[6.1747335030210637,46.199446319820233],[6.1747334085007797,46.199446874761534],[6.1747333036388889,46.199447428687314],[6.1747331897307927,46.199447981612046],[6.1747330654601802,46.199448534420689],[6.174732932164182,46.199449085328844],[6.1747327885266436,46.199449635221498],[6.1747326358637196,46.199450183213656],[6.1747324728383566,46.199450731089705],[6.1747323007875972,46.199451277065315],[6.1747321184161814,46.199451821125905],[6.1747319269985086,46.199452364185476],[6.1747317252601164,46.19945290533007],[6.1747315144964166,46.199453444574182],[6.1747312947072919,46.199453981917841],[6.174731055822952,46.199454504652678],[6.1747308079132672,46.199455025487126],[6.1747305522734885,46.199455544435551],[6.1747302863130438,46.199456061469036],[6.1747300113481112,46.199456575702563],[6.1747297273787565,46.199457087136246],[6.1747294343839787,46.199457596669369],[6.1747291323847771,46.199458103402627],[6.1747288213602021,46.199458608235403],[6.1747285026473717,46.199459109383326],[6.1747281736138229,46.199459608616273],[6.1747278368711456,46.199460105063828],[6.1747274911448811,46.199460597812013],[6.1747271363932956,46.199461088659724],[6.1747267739533997,46.199461575822568],[6.1747264025090329,46.199462060185517],[6.1747260220811278,46.199462540849098],[6.1747256339440169,46.199463018727286],[6.1747252381186764,46.199463492920636],[6.1747248333097344,46.199463963414608],[6.1747244194963695,46.199464431108652],[6.1747239979947244,46.199464895117906],[6.1747235688047706,46.199465355442264],[6.174723130610368,46.199465812966729],[6.1747226860439675,46.199466265921416],[6.1747222324939299,46.199466715176705],[6.1747217712765323,46.199467159847757],[6.1747213023499929,46.199467601733367],[6.1747208257560589,46.199468039034713],[6.17472034147392,46.199468472651198],[6.174719849524398,46.199468901683396],[6.1747193499075061,46.199469326131307],[6.1747188426023207,46.199469746894401],[6.1747183289041985,46.199470163987094],[6.1747178075595928,46.19947057559606],[6.1747172785267805,46.199470983520214],[6.1747167431218815,46.199471386874599],[6.1747162000704856,46.199471784745221],[6.174715650626192,46.199472178945506],[6.174715093514501,46.199472568561532],[6.1747145300516468,46.199472952708305],[6.1747139484753619,46.199473335752494],[6.1747133592526335,46.199473713312884],[6.174712763657852,46.199474086303567],[6.1747121604165516,46.199474453810481],[6.1747115521194935,46.199474815862665],[6.1747109374502838,46.1994751733451],[6.1747103151346909,46.1994755253438],[6.1747096877840892,46.199475870988344],[6.174709054061462,46.199476212063104],[6.174708413987668,46.19947654766866],[6.1747077688580587,46.199476877819485],[6.1747071173772952,46.199477202501079],[6.1747064595662406,46.199477520814028],[6.1747057966784551,46.199477834571702],[6.1747051274604159,46.199478141960711],[6.1747044544818008,46.199478443909534],[6.1747037751729836,46.199478739489685],[6.17470309080832,46.199479029615098],[6.1747024014086849,46.199479313386384],[6.1747017056579114,46.199479591688423],[6.1747010061674992,46.199479863650851],[6.1747003029165732,46.1994801301731],[6.1746995933353537,46.199480390326634],[6.1746988800145095,46.19948064414055],[6.1746981616378322,46.19948089249975],[6.1746974395424505,46.199481133619841],[6.1746967136864672,46.199481369299747],[6.1746959827956287,46.199481598625546],[6.1746952481651096,46.199481821611649],[6.1746945084996074,46.199482038243609],[6.1746937664107353,46.199482247651005],[6.174693020561322,46.199482451618216],[6.1746922709722556,46.199482649245773],[6.174691517643577,46.199482840533669],[6.1746907605961674,46.199483024582491],[6.1746900011044268,46.199483202306197],[6.1746892378730323,46.199483373690242],[6.1746884721973316,46.199483538749149],[6.1746877040772956,46.199483697483004],[6.1746869322385685,46.199483848977678],[6.174686157955497,46.199483994147265],[6.174685381248989,46.199484132092252],[6.1746547956493458,46.199490345348316],[6.1746067712280199,46.199500045575995],[6.1745147521805368,46.199518593249607],[6.1744461788337395,46.199531745521497],[6.1744355072422454,46.199533779759058],[6.1743855447117131,46.199543190070727],[6.1743053963905963,46.199558275498347],[6.1742233350408204,46.199571993511256],[6.1743234581485176,46.19983719153857],[6.1744273687822107,46.199946438731153],[6.1746995051795972,46.200232132337561],[6.1747048347202371,46.200236963035344],[6.1748221035624926,46.200360723752034],[6.1749823810384186,46.200529954442658],[6.1750874671325953,46.200631270921569],[6.175122349434349,46.200663781871384],[6.1755459961481831,46.201066295510302],[6.1758276914242813,46.201332922994212],[6.1758170625489059,46.201338462084919],[6.1757532404891107,46.201373852587651],[6.1754021915517132,46.20156881565299],[6.1752441485993845,46.201656747260351],[6.1750307131627027,46.201775276125403],[6.1749770256622325,46.201805174727284],[6.1748517237197627,46.201872419191027],[6.1748228139522601,46.201889818971033],[6.1748035204550842,46.20190048982623],[6.1746950809527767,46.201961353581623],[6.1746813047876898,46.201968667457542],[6.1746805197066559,46.201969108500272],[6.1745967932494983,46.202014682826885],[6.1745078592056188,46.202061371920152],[6.1744840931554803,46.202074870673236],[6.1740800845116608,46.202292569419555],[6.1740433476023053,46.202312222231562],[6.1740071351328831,46.202331609208137],[6.1737387469644176,46.20247849109245],[6.1738582795797337,46.202608934886463],[6.1736544465362808,46.202760050827635],[6.1734213741637207,46.202935344819203],[6.1733955109875351,46.202956752287022],[6.174082627123644,46.203406738267304],[6.1741493847189819,46.203450500074041],[6.1742309669599829,46.203407479590588],[6.1745124795714847,46.20366270126955],[6.1744858423094886,46.203677166502175],[6.1745038140323496,46.203690056919861],[6.1747428591346356,46.203859546053252],[6.1747485054145068,46.20386353099893],[6.1747647729825061,46.203875656450457],[6.1747999104917088,46.203874514324824],[6.1748913709007081,46.203954102241404],[6.1749623880550386,46.20401535870262],[6.174588585902379,46.204188152999848],[6.1739882290581978,46.204466431039137],[6.1741913457793665,46.20467598696964],[6.1746878721791401,46.205188120148151],[6.1750715806090444,46.205437043038728],[6.1750830950471371,46.205444514258161],[6.175659152413731,46.205818253781793],[6.175668801551411,46.205821239862239],[6.1758025850053588,46.205796286867312],[6.1758504798406975,46.205787374533429],[6.1754403472944945,46.206301828634324],[6.1751130884499839,46.206713842863856],[6.1750580257273606,46.206765859121774],[6.1749871375748242,46.206801232220776],[6.1749074042144292,46.206825388894352],[6.1748360344715261,46.206833521479759],[6.1748810352459138,46.207026831747299],[6.1745847566119672,46.206897411335419],[6.1744350233735288,46.206832001467198],[6.1742559367513561,46.206754420002255],[6.1742132075414613,46.20673639744583],[6.1738234367425191,46.206602834121838],[6.1731826323288104,46.206382064375823],[6.1720888573610084,46.206004518566353],[6.1717352189914569,46.205883230175999],[6.171712879923728,46.205902232432557],[6.1716782021726795,46.205944488649195],[6.1716793562961856,46.205944952347878],[6.1716611684758886,46.205963640439997],[6.1716607582570928,46.205963894940574],[6.1716603403912913,46.205964143957246],[6.1716599174692863,46.205964387519032],[6.1716594881747495,46.205964626510898],[6.1716590525285788,46.20596486003339],[6.1716586105308604,46.205965088086444],[6.1716581634769918,46.205965310684675],[6.1716577113669224,46.205965527828049],[6.1716572529052955,46.205965739502027],[6.1716567893875274,46.205965945721168],[6.1716563208346118,46.205966145586032],[6.171655847225483,46.205966339996024],[6.171655368560292,46.205966528951173],[6.1716548848598727,46.205966711552058],[6.1716543974197142,46.205966887813176],[6.1716539049234678,46.205967058619443],[6.1716534086874546,46.205967223085992],[6.1716529073953303,46.205967382097676],[6.1716524036798956,46.20596753388471],[6.171651894908301,46.205967680216951],[6.1716513823970134,46.205967820209409],[6.1716508674414312,46.20596795387668],[6.171650348746172,46.205968081204162],[6.1716498263321595,46.205968201292556],[6.1716493014529119,46.20596831595514],[6.1716487741293715,46.205968424292536],[6.171648243087076,46.20596852539073],[6.1716477096005224,46.205968620163752],[6.1716471749651847,46.205968708626095],[6.1716466378856296,46.205968790763293],[6.1716460983827028,46.205968865675821],[6.1716455564355677,46.20596893426314],[6.1716450133396492,46.205968996539887],[6.1716444691158303,46.205969051606459],[6.1716439237432397,46.205969100362431],[6.1716433759473794,46.205969141893732],[6.1716428282981797,46.205969177128985],[6.1716422795211203,46.205969205154112],[6.1716417308907223,46.205969226883148],[6.1716411811115757,46.205969242301528],[6.1716406302045552,46.205969250509817],[6.171640080760592,46.205969251537127],[6.1716395301679201,46.205969246253787],[6.1716389797847215,46.205969231976006],[6.1716384308436405,46.205969211416672],[6.1716378820702227,46.2059691836618],[6.1716373334644548,46.205969148711375],[6.1716367863007671,46.205969107479433],[6.1716362405792387,46.205969059965909],[6.1716356963208057,46.20596900527142],[6.1716351522299702,46.20596894338135],[6.1716346108558158,46.205968876123755],[6.1716340709657027,46.205968800785726],[6.1716335337922121,46.205968720080094],[6.1716329980818001,46.205968632193503],[6.1716324651090329,46.205968538039897],[6.1716319335993086,46.205968436705255],[6.1716314061017368,46.20596833001764],[6.1716308800672097,46.205968216149074],[6.1716303580867349,46.205968095128547],[6.1716298388228754,46.205967968740502],[6.1716305235121958,46.205966445177971],[6.1716243455971114,46.205964756380894],[6.1716207375525247,46.205969395986337],[6.1716055827311749,46.205969135829989],[6.1716037461619377,46.205971656794731],[6.1716019005662233,46.205974175858721],[6.1716000485768214,46.205976691252182],[6.1715981888773106,46.205979203860004],[6.171596321446807,46.205981714581604],[6.1715944463061936,46.2059842225176],[6.1715925634764321,46.20598672676843],[6.171590672915614,46.205989229133102],[6.171588775940184,46.205991728726715],[6.171586869959186,46.205994225520044],[6.171584957584515,46.205996718642893],[6.1715830374787961,46.205999209879479],[6.1715811096630082,46.206001698330475],[6.1715791342883444,46.206004225833134],[6.1715771511826345,46.206006751449578],[6.1715751603877278,46.206009273380914],[6.1715731606082409,46.20601179161266],[6.1715711543931553,46.206014307972666],[6.1715691404679864,46.206016821547095],[6.1715671188536074,46.206019331436366],[6.1715650895291576,46.206021838540032],[6.1715630512200779,46.206024341944016],[6.1715610064753976,46.206026843476351],[6.1715589540415596,46.206029341323543],[6.1715566733334182,46.206031848302942],[6.1715543862524784,46.206034350712308],[6.1715520888704587,46.206036850306944],[6.1715497850738181,46.206039347130442],[6.1715474736089266,46.206041839369405],[6.1715451544548516,46.206044327923209],[6.1715428262951733,46.206046813676828],[6.1715404904463202,46.206049295745338],[6.1715381469082589,46.206051774128738],[6.1715357956810637,46.206054248827037],[6.1715334367646593,46.206056719840213],[6.1715310701381325,46.206059188067719],[6.1715286958433202,46.206061651710662],[6.1715263138383749,46.206064112567908],[6.1715239228698104,46.206066568826088],[6.1715215254864848,46.206069022313116],[6.1715191191394885,46.206071471201099],[6.1715167063778171,46.206073917317887],[6.171514284652428,46.206076358835595],[6.1715118565123896,46.206078797582187],[6.1715094194086557,46.206081231729669],[6.171506975890237,46.206083663106021],[6.1715045234080819,46.206086089883286],[6.1715020645112419,46.20608851388937],[6.1714995966507464,46.20609093329638],[6.171496947973413,46.206093271500926],[6.171494291606856,46.206095606020362],[6.171491627551104,46.206097936854668],[6.1714889558270905,46.20610026310441],[6.1714862777303034,46.206102584784119],[6.1714835919443551,46.206104902778705],[6.1714808984691869,46.206107217088153],[6.1714781973257304,46.206109526813023],[6.171475489809537,46.206111831967846],[6.1714727746040969,46.206114133437595],[6.1714700517094707,46.206116431222178],[6.1714673224421093,46.206118724436728],[6.1714645855064489,46.206121013066692],[6.1714618408815536,46.206123298011555],[6.1714590885884606,46.206125578371818],[6.1714563299016421,46.206127855061517],[6.1714535648419995,46.206130127181176],[6.1714507907976861,46.206132395601124],[6.171448010401523,46.206134658551647],[6.171445223590684,46.206136918730984],[6.1714424278371016,46.206139173411792],[6.1714396256897794,46.206141424421972],[6.1714368171696705,46.206143670862133],[6.1710963012489151,46.206395100630218],[6.1710435083469175,46.206434084345084],[6.1707893195424717,46.206648684907591],[6.1707592598204357,46.20669846097681],[6.1708872029820663,46.207651056130253],[6.1711557147388767,46.207877736349708],[6.1718348735721742,46.208443353790273],[6.1718386881269414,46.20844654459075],[6.1719084739329624,46.208504636662525],[6.1721841482480553,46.208685866570782],[6.1722252538090885,46.208712326834281],[6.1722316397928019,46.208716447060155],[6.17227795487997,46.20874746686286],[6.1721483577981715,46.208838501822385],[6.1727791511056465,46.209260231124482],[6.172802780080791,46.209275601802659],[6.1732146161315828,46.209551334682409],[6.1732873103434871,46.209600452717922],[6.1729170844862242,46.209864423073867],[6.1729883453011141,46.209864997509932],[6.1729972588787181,46.20987121620076],[6.1730249442100975,46.209889877466118],[6.1729553498160934,46.209940199416295],[6.1729531070975634,46.209941793678823],[6.1725683381389169,46.210215300131125],[6.172550550720648,46.210227874167671],[6.1721163622351778,46.210536540904421],[6.1719637435585097,46.210644727867241],[6.1713831936533037,46.211057666028992],[6.1720430096455674,46.211375742240023],[6.1721353491879611,46.211417172455839],[6.1723662376218442,46.211518907361722],[6.1723683580644009,46.211519896511987],[6.1723704851106742,46.211520880338263],[6.1723726161694952,46.21152185881143],[6.1723747512617981,46.211522831032056],[6.1723768929368203,46.211523798828146],[6.1723790386243644,46.211524761271157],[6.1723811909156634,46.211525718390156],[6.1723833459238726,46.211526670141517],[6.1723855075567009,46.211527615669482],[6.1723876731811247,46.211528556743779],[6.1723898441345924,46.211529491580102],[6.1723920203752298,46.211530421977336],[6.1723942006493386,46.211531346122008],[6.1723963862316058,46.211532264928202],[6.1723985758263042,46.211533178381281],[6.172451784268139,46.21155711310972],[6.1724524441133184,46.21155649163935],[6.1725535013790367,46.211602068780941],[6.1723667341444717,46.211892186563595],[6.1722923922392274,46.211918071799914],[6.1716379245589827,46.212126359796763],[6.1619053567992559,46.215224633160993],[6.1627434224845157,46.216614877558605],[6.1659305014522605,46.222456070277318],[6.1667055938951805,46.224467595276863],[6.1494772204335009,46.227664751944573],[6.1489458285435514,46.227792949191901],[6.1489991307293392,46.227984448436473],[6.1487226946873861,46.228040928722933],[6.1485742993693133,46.228071253369734],[6.1484358304189177,46.228100737624317],[6.1483377640792964,46.228122143787843],[6.1479981454834611,46.228195726352546],[6.147241667329264,46.228300412398077],[6.1468024497835598,46.22839727373573],[6.1464025168639731,46.228582795301627],[6.1462018513970449,46.228699981165647],[6.1461080977321192,46.228745961069421],[6.1461045604991655,46.228747629962832],[6.1459953338473019,46.228801169869442],[6.1459770025836642,46.228809056189114],[6.1458569137735273,46.228855989348794],[6.1458748004734867,46.228783389118554],[6.1458877488159516,46.228728201482113],[6.1456789906741083,46.228892447966587],[6.1456360924973676,46.228925336626652],[6.1450553382693416,46.229288128581075],[6.144541827924435,46.229609758835515],[6.144284017405246,46.22975991820352],[6.144079713090286,46.229894634005674],[6.1439317950200198,46.229978133938175],[6.1438496797023303,46.230023636424058],[6.1437033111153818,46.230099582999017],[6.1436655225157759,46.230130453983683],[6.1436390954454776,46.230166656376724],[6.143468786381213,46.230515636712632],[6.1434330262620191,46.230637105693141],[6.1429655826035514,46.229575556921532],[6.1428693468331454,46.229300758408876],[6.1419463450795906,46.229531587399443],[6.1409801318164217,46.229773079963671],[6.1402322727813461,46.229963430771974],[6.1393517337756816,46.230159089848563],[6.1387146997301931,46.230263670822133],[6.1386433776088589,46.230275379351632],[6.1385376399536762,46.230292735535144],[6.1386064369630242,46.230153185143323],[6.1387714842825218,46.229818579447155],[6.1387675590159834,46.229805993536246],[6.1387691765691805,46.229801398579419],[6.1387707850929756,46.229796801719196],[6.1387723845874014,46.229792202955601],[6.1387739737348079,46.229787603173143],[6.1387755538528594,46.229783001487363],[6.1387771249200238,46.22977839879762],[6.1387786869577701,46.22977379420449],[6.1387802399660876,46.229769187708044],[6.1387817826275111,46.229764580192722],[6.138783316259528,46.229759970774005],[6.1387848395446261,46.229755360336434],[6.1387863550963386,46.229750748010481],[6.1387878603012327,46.229746134665596],[6.1387893564766465,46.229741519417409],[6.1387906447220972,46.229737467676529],[6.1387919252127672,46.229733414946672],[6.1387931940821225,46.229729360283635],[6.138794455196634,46.229725304631557],[6.1387957072603205,46.22972124797559],[6.1387969489986469,46.22971718940132],[6.1387981816861883,46.229713129823111],[6.1387994053443995,46.229709068341577],[6.1388006186558188,46.229705005841154],[6.1388018229378973,46.229700941437429],[6.1388030194652456,46.229696876044649],[6.1388042043497073,46.22969280961815],[6.1388053814793606,46.22968874220264],[6.1388065482837213,46.229684672868842],[6.1388077060372934,46.229680602531133],[6.1388088547615505,46.229676530290078],[6.1388098644274187,46.229672906290155],[6.1388108650425499,46.229669281286249],[6.1388118566069467,46.229665655278495],[6.138812837846034,46.229662027352454],[6.1388138100343967,46.22965839842248],[6.1388147731720135,46.229654768488615],[6.1388157259843199,46.229651136636456],[6.1388166697244184,46.229647504679825],[6.1388176031392367,46.229643870804907],[6.1388185287993497,46.229640235941034],[6.1388194428166631,46.229636600043349],[6.1388203477832795,46.229632963141775],[6.138821243720618,46.229629324336877],[6.1388221306072337,46.229625684528024],[6.1388230071255734,46.229622044599793],[6.1388238746146868,46.22961840276821],[6.1388247317570839,46.229614759917794],[6.138825579848719,46.229611116063452],[6.1388494518177783,46.229474506596361],[6.1388498168508727,46.229472794200994],[6.1388501715373147,46.229471080786773],[6.1388505184691429,46.229469366383611],[6.1388508550328957,46.229467651861043],[6.1388511812714821,46.229465935420208],[6.1388514984379627,46.229464218874917],[6.1388518065753184,46.229462500426244],[6.1388521056405949,46.229460781873122],[6.1388523943377331,46.229459063200657],[6.1388526727097412,46.229457342609848],[6.1388529433056878,46.229455621929546],[6.1388532035549837,46.229453900230396],[6.138853453436167,46.229452178411854],[6.1388536955627337,46.229450455604372],[6.1388539273426881,46.229448731778056],[6.1388541487545307,46.229447007832292],[6.1388543611157891,46.229445282882651],[6.1388545644049302,46.229443557828532],[6.138854757347457,46.229441831755615],[6.1388549412178905,46.229440105578213],[6.1388551160376919,46.229438378396942],[6.1388552804894321,46.229436651096236],[6.1388554358690399,46.229434923691066],[6.1388555808805512,46.229433196166525],[6.1388557168414799,46.229431467638094],[6.1388558437302878,46.229429739005155],[6.1388559602724575,46.229428009353413],[6.1388560677210506,46.229426280496654],[6.1388561661190737,46.229424550635969],[6.1388562541489975,46.229422820655905],[6.1388563318107741,46.229421090556414],[6.138856401696513,46.229419360367444],[6.1388564612356378,46.229417629159585],[6.1388565103851418,46.229415898731865],[6.1388609087271231,46.229357293522803],[6.138861120189647,46.229354847015507],[6.1388613225800768,46.229352400403741],[6.1388615159199365,46.229349952788141],[6.1388616988917377,46.229347505053099],[6.1388618727913817,46.229345057213592],[6.1388620363229398,46.229342609254729],[6.1388621908039527,46.229340160291926],[6.1388623362128207,46.229337711224666],[6.1388624725496506,46.229335262052963],[6.138862598518342,46.229332812761868],[6.1388627154149917,46.229330363366287],[6.1388628219435297,46.229327913851321],[6.1388629194214621,46.229325463332458],[6.1388630078058668,46.229323013608536],[6.1388630871396739,46.22932056288078],[6.1388631560838487,46.229318112933001],[6.1388632159775183,46.229315661981353],[6.1388632655030744,46.229313210910334],[6.1388633059350051,46.229310760634242],[6.1388633373164412,46.22930830935428],[6.1388633596042483,46.229305858869267],[6.1388633715455203,46.229303407365435],[6.1388633743931891,46.229300956656608],[6.138863366872835,46.229298505828368],[6.1388674281769644,46.229089754625576],[6.1388675116240359,46.229086589595376],[6.1388675847030338,46.229083424445783],[6.1388676487315008,46.229080258292292],[6.1388677036663912,46.229077092933792],[6.1388677495292647,46.229073927470772],[6.1388677850240914,46.229070761888416],[6.1388678127429337,46.229067596216495],[6.1388678287977214,46.229064430410254],[6.1388678370764715,46.229061264514492],[6.1388678362616984,46.229058099413706],[6.1388678251003741,46.22905493329408],[6.1388678035495321,46.229051767954481],[6.1388677742441624,46.229048601625934],[6.1388677345492617,46.229045436077435],[6.1388676870784025,46.229042270439372],[6.1388676279219405,46.229039105566464],[6.1388675610110148,46.229035939704559],[6.1388675544655857,46.22903371920691],[6.1388675375520982,46.229031498589862],[6.1388675102706118,46.229029277853378],[6.1388674738956519,46.229027057911971],[6.1388674271741266,46.229024836951659],[6.1388673713590638,46.229022616786324],[6.1388673051760181,46.229020396501646],[6.1388672298994322,46.229018177011902],[6.138867144254788,46.229015957402787],[6.138867048242223,46.229013737674265],[6.1388669431575638,46.229011517841279],[6.1388668276834251,46.229009298788341],[6.138866703137257,46.229007079630939],[6.1388665682015962,46.2290048612536],[6.1388664228979497,46.229002642756868],[6.1388662685007143,46.229000425055105],[6.1388661037355492,46.228998207233936],[6.1388659298768289,46.228995990207771],[6.1388657456501141,46.228993773062165],[6.1388655523299489,46.228991556711605],[6.1388653486417368,46.228989340241604],[6.1388651358599997,46.228987124566572],[6.1388649126887946,46.228984909671617],[6.1388646791495658,46.228982694657276],[6.1388645921074092,46.228980533511553],[6.1388644946972297,46.228978372246459],[6.1388643882150076,46.228976210876894],[6.1388642713433565,46.228974050287377],[6.1388641453996637,46.228971889593424],[6.1388640090664399,46.228969729679505],[6.1388638636612374,46.228967569661116],[6.1388637091625107,46.228965410437695],[6.1388635442958108,46.228963251094861],[6.1388633690395533,46.228961092532082],[6.1388631847113588,46.228958933864888],[6.1388629912896633,46.228956775992607],[6.1388627874999306,46.228954618000948],[6.1388625746167387,46.228952460804273],[6.1388623526400323,46.228950304402574],[6.1388621202953546,46.228948147881518],[6.1388618775611601,46.228945992140446],[6.1388616257334743,46.228943837194365],[6.1388613648338399,46.228941682143827],[6.1388610935231496,46.228939528772756],[6.1388608131404947,46.228937375297257],[6.1388605223683586,46.228935222601784],[6.1388602225242446,46.228933069801855],[6.1388599135651098,46.228930918696307],[6.1388595942380126,46.228928767471388],[6.1388592116286276,46.228926064010921],[6.1388588186298092,46.228923361330502],[6.1388584165589508,46.228920658545597],[6.1388580053731578,46.228917957455096],[6.1388575838193953,46.22891525624523],[6.1388571531506866,46.228912556729789],[6.1388567121139799,46.228909857094926],[6.1388562619838494,46.228907158255062],[6.1388558027387239,46.228904461109579],[6.138855333125651,46.228901763844711],[6.1388548544191419,46.228899067374805],[6.1388543665976476,46.228896372599294],[6.1388538684081846,46.228893677704406],[6.1388533611038127,46.22889098450392],[6.1388528447274471,46.228888291198992],[6.1388523179401977,46.228885599573516],[6.1388517820594064,46.228882908743024],[6.1388512370852437,46.228880218707474],[6.1388506817215873,46.228877529451985],[6.1388501172644832,46.228874840991445],[6.1388495436924693,46.22887215422535],[6.1388489597524831,46.228869467339834],[6.1388483666975411,46.228866782148728],[6.138847763253195,46.228864097737677],[6.138847151989907,46.228861415035936],[6.1388465303371396,46.228858733114265],[6.138845898295016,46.228856051972592],[6.1388452584553761,46.228853371640845],[6.1388446082048462,46.228850692988594],[6.1388439475648866,46.228848015116355],[6.1388432791059229,46.228845338953462],[6.1388426002576058,46.228842663570568],[6.1388419123158142,46.228839988982699],[6.1388410246016587,46.22883574754232],[6.1388401291116201,46.228831506012412],[6.1388392232107201,46.228827266161964],[6.1388383095125025,46.228823027121422],[6.1388373854249441,46.228818788860892],[6.1388364535400068,46.228814551410295],[6.1388355112442436,46.228810315639144],[6.138834561151076,46.228806080677884],[6.1388336019646497,46.22880184651158],[6.1388326323888318,46.228797613125309],[6.1388316550156725,46.228793380548929],[6.1388306685277572,46.228789149666966],[6.1388296729679261,46.228784918680482],[6.1388286682933053,46.228780689388408],[6.1388276545038014,46.228776461790737],[6.1388266316425213,46.22877223408863],[6.1388255996663714,46.228768008080877],[6.1388245585754797,46.22876378376754],[6.1388235084126865,46.228759559349704],[6.1388224504311433,46.228755336641214],[6.1388213820601836,46.22875111471275],[6.1388203941589463,46.228747593665737],[6.1388193971428127,46.228744074313163],[6.1388183910333582,46.228740555755529],[6.138817375809059,46.228737038892298],[6.1388163514913732,46.228733522824029],[6.1388153167628374,46.228730008435235],[6.1388142729410182,46.228726494841368],[6.1388132213003104,46.228722982956882],[6.1388121579527706,46.228719472736898],[6.1388110868079027,46.228715963326785],[6.138810006548165,46.228712455611095],[6.1388089158775765,46.228708949574866],[6.1388078174097123,46.228705444348527],[6.1388067085309821,46.228701940801635],[6.1388055905374221,46.228698438949145],[6.1388044621545461,46.228694937876668],[6.1388033259528578,46.228691438513543],[6.1388021806362882,46.228687940844793],[6.1388010249089424,46.228684444855531],[6.1387998600882501,46.228680949661232],[6.1387986874487712,46.228677456176207],[6.1387975043984415,46.228673964370678],[6.1387963122332811,46.228670474259552],[6.1387951096572824,46.228666985827878],[6.1387938992840425,46.228663498206053],[6.1387931766531612,46.228661190289813],[6.1387924449073585,46.228658884067904],[6.1387917040681561,46.228656578641001],[6.1387909528180895,46.228654274893543],[6.1387901937490597,46.228651972855459],[6.1387894242691541,46.228649672496793],[6.1387886456959144,46.228647372933125],[6.138787858007702,46.228645075063845],[6.13878705988708,46.22864277977348],[6.1387862539906255,46.228640484393523],[6.1387854376616833,46.228638191592502],[6.1387846122179237,46.228635900485912],[6.138783777659218,46.22863361107369],[6.1387829339856417,46.22863132335587],[6.1387820812186691,46.228629036432984],[6.1387812180193224,46.228626752089056],[6.1387803470225322,46.228624468554955],[6.1387794655934336,46.228622187599775],[6.1387785750493897,46.228619908339041],[6.1387776754119479,46.228617629873199],[6.1387767666381494,46.228615354001199],[6.1387758487494599,46.228613079823639],[6.1387749217458856,46.228610807340431],[6.1387739856274051,46.228608536551668],[6.1387730390765638,46.22860626834175],[6.1387720847283029,46.228604000941715],[6.1387711199476866,46.228601736120652],[6.1387701473482039,46.228599473008842],[6.1387691643378588,46.228597211576492],[6.1387681721910576,46.228594952738007],[6.1387671709294267,46.228592695593925],[6.1387661605529251,46.228590440144202],[6.138765142357534,46.228588186403805],[6.1387641137298097,46.228585935242336],[6.1387630759871401,46.228583685775234],[6.1387620291081406,46.228581438901976],[6.1387609731142589,46.2285791937231],[6.1387599080055084,46.228576950238626],[6.1387578613339118,46.228572439040555],[6.1387558068436814,46.228567929551815],[6.1387537419428817,46.228563421742507],[6.1387516692019242,46.228558916541893],[6.1387495860503698,46.228554413020746],[6.1387474950587242,46.228549912108313],[6.1387453936779508,46.228545411975858],[6.1387432844355514,46.228540915351601],[6.1387411661000595,46.228536419522257],[6.1387390386285192,46.22853192628672],[6.1387369020422984,46.228527434745509],[6.1387347563200176,46.22852294579809],[6.1387326014831212,46.228518458545054],[6.1387304388061059,46.22851397390076],[6.1387282657185844,46.228509490935856],[6.1387260847909042,46.228505010579681],[6.1387238934526307,46.228500531902959],[6.1387216942958114,46.228496054935484],[6.1387194860028531,46.22849158056183],[6.1387178651070133,46.228488455282751],[6.1387162338003751,46.228485331683139],[6.1387145946534645,46.228482210692292],[6.1387129463703163,46.228479092295196],[6.1387112889724111,46.228475975592531],[6.1387096237342496,46.22847286149856],[6.1387079480638533,46.228469749983475],[6.1387062645746697,46.228466640177707],[6.1387045719492352,46.228463532965741],[6.1387028702090847,46.228460427448184],[6.13870115931112,46.228457325423818],[6.1386994405944453,46.228454225108699],[6.1386977127414939,46.228451127387508],[6.1386959757738371,46.228448031360578],[6.1386942296484053,46.228444938826946],[6.1386924744082343,46.228441847987682],[6.1386907113278157,46.228438759757189],[6.138688939111157,46.228435674120419],[6.1386871577797955,46.228432590178052],[6.1386853672906341,46.228429509728912],[6.1386835689827368,46.228426430989096],[6.1386817615171028,46.228423355742521],[6.1386799449367899,46.228420282190257],[6.1386781205161682,46.228417211246757],[6.1386762869808669,46.228414141997625],[6.1386744442877665,46.228411076241748],[6.1386725924585042,46.228408013079637],[6.1386705663368213,46.228404703195878],[6.1386685323964674,46.228401395021422],[6.1386664906158659,46.228398089455695],[6.1386644383816007,46.228394787368259],[6.138662379624642,46.228391487005034],[6.1386603104355029,46.228388189220638],[6.1386582334061925,46.228384894044986],[6.1386561485151416,46.228381602377524],[6.1386540545094483,46.228378312404374],[6.1386519513675806,46.228375025025024],[6.1386498403854795,46.228371740254396],[6.1386477215416981,46.228368458991909],[6.138645593583278,46.228365179423797],[6.1386434564671077,46.22836190334889],[6.1386413115323677,46.228358628983273],[6.1386391574398402,46.228355358110882],[6.1386369955071558,46.228352089847171],[6.1386348257343153,46.228348824192224],[6.1386326455293307,46.2283455611161],[6.1386304587801197,46.228342300663606],[6.1386282628947706,46.22833904280494],[6.1386260578517104,46.228335788439459],[6.1386238449900041,46.228332535783295],[6.1386216242665803,46.228329286635194],[6.1386193944070184,46.228326040080979],[6.1385601778175847,46.228245955448571],[6.1385579693200061,46.228243062715244],[6.1385557542781495,46.228240172605524],[6.1385535313961626,46.228237285104555],[6.1385513019699491,46.228234400227201],[6.1385490659994675,46.228231517973448],[6.1385468221888431,46.228228638328446],[6.1385445718340046,46.228225761307044],[6.1385423149349645,46.228222886909236],[6.138540050195715,46.228220015120229],[6.1385377789122533,46.22821714595478],[6.1385354997886328,46.228214279398053],[6.1385332141207991,46.228211415464926],[6.1385322639696156,46.228210328497703],[6.1385313046605026,46.22820924502367],[6.1385303374895344,46.228208165057836],[6.138529363752613,46.228207088615122],[6.138528380857867,46.228206015665648],[6.1385273901011503,46.22820494622438],[6.1385263914825874,46.228203880291211],[6.1385253850021426,46.228202817866283],[6.1385243706597272,46.228201758949524],[6.1385233484554673,46.228200703540907],[6.1385223183892998,46.228199651640466],[6.1385212804397531,46.228198604147678],[6.138520235924279,46.228197560177989],[6.1385191822509162,46.228196519701498],[6.1385181220116376,46.228195482748127],[6.1385170525929889,46.228194450187438],[6.1385159766083985,46.22819342114984],[6.1385148927619513,46.228192395620439],[6.1385138023280943,46.228191374513557],[6.1385127027148254,46.228190357799356],[6.1385115965571257,46.228189343708834],[6.1385104825160726,46.22818833402593],[6.1385093618875564,46.228187328765522],[6.1385082320797197,46.228186327897838],[6.1385070957274026,46.228185329653776],[6.1385059527661765,46.228184336731687],[6.1385048019430917,46.228183347317774],[6.1385038544820087,46.228182581568774],[6.1385029004335143,46.228181820242312],[6.1385019411365693,46.228181061554466],[6.1385009739347121,46.228180308173663],[6.1385000014843767,46.228179557431439],[6.1384990224251723,46.22817881201118],[6.1384980368214874,46.2281780692146],[6.1384970459264085,46.228177330855495],[6.138496048443856,46.2281765969189],[6.1384950443738902,46.228175867404836],[6.1384940337594838,46.228175140514509],[6.1384930178321211,46.228174418960997],[6.1384913462986317,46.228173357872073],[6.1384896681777175,46.228172301205696],[6.1384879834479458,46.228171249861255],[6.13848629081326,46.228170203823879],[6.1384845928656349,46.228169163123368],[6.1384828883306355,46.228168126845361],[6.1384811771867023,46.228167095889326],[6.1384794594123795,46.228166071154646],[6.1384777350506425,46.22816505084257],[6.138476005376007,46.228164035867295],[6.1384742677964539,46.228163026199084],[6.1384725249040271,46.228162021867746],[6.1384707754241239,46.228161021958947],[6.1384690193138534,46.228160028271532],[6.1384672565946774,46.228159039906082],[6.138465488562546,46.228158056877469],[6.1384637139215341,46.228157079170842],[6.1384619326716372,46.228156106786145],[6.1384601460872679,46.228155140637817],[6.1384583529155385,46.228154178911993],[6.1384565544308405,46.228153222523026],[6.1384547493157653,46.22815227235543],[6.1384529388877604,46.228151327524756],[6.1384511218507871,46.228150388016033],[6.1384492995009632,46.228149453844175],[6.1384474705421885,46.228148524994239],[6.1384456362490045,46.22814760238068],[6.1384437953468893,46.228146685089023],[6.1384419491318196,46.228145773134237],[6.1384400975823761,46.228144867415836],[6.138438543361266,46.228144267416454],[6.1384369838056667,46.228143673653371],[6.1384354202331464,46.228143085242159],[6.1384338513261536,46.228142503067211],[6.13843227838065,46.228141927143533],[6.1384307014182014,46.228141356571705],[6.1384291191427609,46.228140791336727],[6.1384275328073672,46.228140233252461],[6.1384259424549645,46.228139680519988],[6.1384243480641176,46.22813913403882],[6.1384227483602531,46.228138592894467],[6.1384211459138882,46.228138058016349],[6.1384195381330748,46.228137529374507],[6.1384179263137639,46.228137006983928],[6.1384163117519916,46.228136490859541],[6.1384146918772036,46.228135980072061],[6.1384130679639455,46.228135475535801],[6.1384114413082003,46.228134977265718],[6.1384098093179276,46.228134485231941],[6.1384081745851793,46.228133999464362],[6.1384065358354336,46.228133519048612],[6.1384048930257089,46.228133045783558],[6.1384032474949812,46.228132577885191],[6.1384015966297394,46.228132116223179],[6.1383999443180022,46.228131660842251],[6.1383982866502933,46.22813121259712],[6.1383966262615672,46.228130769718717],[6.1383949631303532,46.228130333106485],[6.1383932959606167,46.228129902745508],[6.1383916247523613,46.228129478635758],[6.1383899508016073,46.22812906079217],[6.1383882741083369,46.228128649214781],[6.1383865946725544,46.228128243903598],[6.1383849111983002,46.228127844843634],[6.138383224959961,46.228127452949259],[6.1383815347047008,46.228127066406756],[6.1383798429813439,46.228126687044742],[6.1383781472410437,46.228126313034551],[6.1383765173214657,46.228126005459593],[6.1383748859553062,46.228125704165741],[6.1383732505506758,46.228125409123088],[6.138371613677978,46.22812512126103],[6.1383699740627531,46.228124839665128],[6.1383683329795113,46.228124565249779],[6.1383666878361645,46.22812429798509],[6.1383650425423015,46.228124037016485],[6.1383633931884738,46.228123783198498],[6.1383617423880095,46.22812353566168],[6.1383600901195292,46.228123295305409],[6.1383584351085458,46.228123061215236],[6.1383567773334908,46.22812283429073],[6.1383551194078674,46.228122613662272],[6.1383534587181607,46.22812240019941],[6.1383517965604586,46.228122193917116],[6.1383501316386697,46.228121994800382],[6.1383484665878392,46.228121801080299],[6.1383467987514884,46.228121615425266],[6.1383451294685019,46.228121436051318],[6.1383434587175092,46.228121263857894],[6.1383417877944186,46.228121098859901],[6.1383401141287735,46.228120940128179],[6.1383384389951123,46.228120788576973],[6.1383367637108224,46.22812064332178],[6.1383350869585138,46.228120505247141],[6.1383334087380739,46.228120374353082],[6.1383317290496047,46.228120250639492],[6.1383300479146143,46.228120133207064],[6.1383283666074844,46.228120022970103],[6.1383266851497655,46.22811991902914],[6.1383250022024924,46.228119823168193],[6.1383233178086352,46.228119733588308],[6.1383216332642005,46.228119650304514],[6.1383199485261537,46.228119575115613],[6.1383182623415884,46.228119506207783],[6.1383165760064315,46.228119443596036],[6.138314888181684,46.228119389064211],[6.1383132015022754,46.228119340843399],[6.1383115133548243,46.228119299803112],[6.1383099416951783,46.228119266402565],[6.1383083698848671,46.228119239298024],[6.1383067979024819,46.228119219389015],[6.1383052257480069,46.228119206675437],[6.1383036521469476,46.228119200242972],[6.1383020796913046,46.228119200121462],[6.1383005083380189,46.228119208109867],[6.138298935559658,46.228119221479865],[6.1382973639052159,46.228119242060323],[6.1382957907826663,46.228119269821306],[6.1382942201014492,46.228119303908151],[6.1382926479522029,46.228119345175585],[6.1382910769483177,46.228119392753975],[6.1382895070683405,46.228119447542767],[6.1382879370162371,46.228119509527055],[6.1382863681095223,46.22811957782227],[6.138284799052192,46.228119652413554],[6.1382832311187538,46.228119734215241],[6.138281663034749,46.228119822312941],[6.1382800973705676,46.228119917636022],[6.1382785315557955,46.228120019255115],[6.1382769668649289,46.228120128084619],[6.1382754032979037,46.228120244124511],[6.1382738408762805,46.228120366475395],[6.1382722796000078,46.228120495137226],[6.1382707194476405,46.228120631009475],[6.1382691604406139,46.2281207731927],[6.1382676025574927,46.228120922586321],[6.1382660458197087,46.228121078290918],[6.1382644915232936,46.2281212403214],[6.1382629383507856,46.228121409562299],[6.1382613863021191,46.228121586013614],[6.1382598353988422,46.228121768775857],[6.1382582869369076,46.22812195786404],[6.1382567395988676,46.228122154162641],[6.1382551947021851,46.228122356787097],[6.1382536522468474,46.228122565737493],[6.1382521109153396,46.228122781898293],[6.1382505707292445,46.228123004370026],[6.1382490342589788,46.228123234082034],[6.1382474989555744,46.228123469205627],[6.1382459647545522,46.228123712438993],[6.138244434312325,46.228123961113788],[6.1379483497272043,46.228182082642597],[6.1379228271753385,46.228192277959856],[6.1378450182341311,46.22823285946869],[6.1375162122246714,46.228424531705549],[6.137445366448075,46.228494152277612],[6.1373093632864135,46.228689207868555],[6.1371879578982318,46.228917602115956],[6.1369574338035244,46.229229873358136],[6.1368591582239596,46.229472666274297],[6.1368425605728065,46.229469101935386],[6.1367357192236556,46.229682647964175],[6.1366644798336258,46.229937051711701],[6.1366088922282884,46.230069670121651],[6.1365354020996277,46.230165716711831],[6.1363445148871962,46.230357375180134],[6.1359277769563514,46.230627486930089],[6.1357290179565549,46.230619710232084],[6.1350838812076818,46.230643150761878]]]},"properties":{"OBJECTID":1201,"ID_Parking_Fondation":null,"Polygon_ID":null,"Code_Tarif":"1200","Nom_Parking":"Voie Publique","Type_Vehicule":null,"Adresse_Rue":null,"Adresse_No":null,"Adresse_NPA":1200,"Adresse_Localite":"Genève","Type_Parking":null,"Capacite":null,"Statut":null,"Group_Sector_ID":null,"Group_Service_ID":null,"GlobalID":"{C6BAC613-FAAA-43B1-9C00-FAE7BE301F3D}","Shape__Area":18296242.74168013,"Shape__Length":22804.093864226288}},{"type":"Feature","id":1202,"geometry":{"type":"Polygon","coordinates":[[[6.0450169041811384,46.192968501227291],[6.0449445071511683,46.192859530972342],[6.0449053800697854,46.192862347658014],[6.0449668563261083,46.192953593839825],[6.0445560232836879,46.193087635591944],[6.0443514483738872,46.1929022220205],[6.044929699643049,46.192646763714478],[6.0451485467110153,46.192929858640717],[6.0450169041811384,46.192968501227291]]]},"properties":{"OBJECTID":1202,"ID_Parking_Fondation":null,"Polygon_ID":null,"Code_Tarif":"2450","Nom_Parking":"Parking du Cimetière","Type_Vehicule":"auto","Adresse_Rue":null,"Adresse_No":null,"Adresse_NPA":null,"Adresse_Localite":null,"Type_Parking":"extérieur","Capacite":null,"Statut":"ouvert","Group_Sector_ID":1790,"Group_Service_ID":32,"GlobalID":"{076D4A2F-3BEC-4E9F-B6F5-B8AC94F7C544}","Shape__Area":1471.4859179666446,"Shape__Length":188.24675986459548}},{"type":"Feature","id":1204,"geometry":{"type":"Polygon","coordinates":[[[6.0442913328343835,46.19229303464266],[6.0443621902050637,46.192370100862547],[6.0442902886433831,46.192405706737986],[6.0442115312055007,46.192313176800575],[6.0442913328343835,46.19229303464266]]]},"properties":{"OBJECTID":1204,"ID_Parking_Fondation":null,"Polygon_ID":null,"Code_Tarif":"2450","Nom_Parking":"Parking du Cimetière","Type_Vehicule":"auto","Adresse_Rue":null,"Adresse_No":null,"Adresse_NPA":null,"Adresse_Localite":null,"Type_Parking":"extérieur","Capacite":null,"Statut":"ouvert","Group_Sector_ID":1790,"Group_Service_ID":32,"GlobalID":"{6DA2950A-43F8-4B6C-8CA5-B5B7F814305A}","Shape__Area":73.096449457447491,"Shape__Length":35.486106104386884}},{"type":"Feature","id":1206,"geometry":{"type":"Polygon","coordinates":[[[6.1088908659011611,46.172248219749974],[6.1078811486420292,46.173259093248703],[6.1076821530639744,46.173170164875629],[6.1086848459906111,46.172155038433701],[6.1088908659011611,46.172248219749974]]]},"properties":{"OBJECTID":1206,"ID_Parking_Fondation":"E6320","Polygon_ID":60,"Code_Tarif":"391","Nom_Parking":"ECCG Aimée-Stitelmann","Type_Vehicule":null,"Adresse_Rue":"Rte de Base","Adresse_No":"24","Adresse_NPA":1228,"Adresse_Localite":"Plan-Les-Ouates","Type_Parking":null,"Capacite":73,"Statut":null,"Group_Sector_ID":108,"Group_Service_ID":32,"GlobalID":"{FBA29F5D-FD61-49D3-A5A3-A8E4E49F2D82}","Shape__Area":2547.7664841486121,"Shape__Length":310.90080344984165}},{"type":"Feature","id":1210,"geometry":{"type":"Polygon","coordinates":[[[6.1451579082522638,46.19362597591013],[6.1449904261922157,46.193651217582946],[6.1449886196489674,46.193544735669768],[6.1448954610358344,46.193535618687662],[6.1449162317283426,46.193411043097555],[6.1450686179432523,46.193410421869864],[6.1451579082522638,46.19362597591013]]]},"properties":{"OBJECTID":1210,"ID_Parking_Fondation":"B6160","Polygon_ID":84,"Code_Tarif":"419","Nom_Parking":"HETS (Prévost-Martin 26-28)","Type_Vehicule":null,"Adresse_Rue":"Rue Prévost-Martin","Adresse_No":"28","Adresse_NPA":1205,"Adresse_Localite":"Genève","Type_Parking":null,"Capacite":0,"Statut":null,"Group_Sector_ID":447,"Group_Service_ID":32,"GlobalID":"{71CE0123-213B-4330-8E55-EF6FF71F959B}","Shape__Area":340.39908392721549,"Shape__Length":82.970854533877286}},{"type":"Feature","id":1217,"geometry":{"type":"Polygon","coordinates":[[[6.1299071744575855,46.197339148610666],[6.1297302701711534,46.197203326445873],[6.1294372903736507,46.197351076503033],[6.1293926156187224,46.197303419008563],[6.1299566366023637,46.196988731806911],[6.1299896597690813,46.197009697000361],[6.1301800111830946,46.19718812277862],[6.1299071744575855,46.197339148610666]]]},"properties":{"OBJECTID":1217,"ID_Parking_Fondation":"C6330pp","Polygon_ID":111,"Code_Tarif":"474","Nom_Parking":"NHP Gravière 5 Privé","Type_Vehicule":null,"Adresse_Rue":"Chemin de la Gravière","Adresse_No":"5","Adresse_NPA":1227,"Adresse_Localite":"Genève","Type_Parking":null,"Capacite":100,"Statut":null,"Group_Sector_ID":1785,"Group_Service_ID":32,"GlobalID":"{F4F6C1A6-18B2-40DC-8E74-B8D0854D19E4}","Shape__Area":983.04416967865848,"Shape__Length":165.55621186220935}},{"type":"Feature","id":1221,"geometry":{"type":"Polygon","coordinates":[[[6.1292983585014404,46.197404038070857],[6.1291517425000315,46.197479425802257],[6.1290855518473526,46.197522230112675],[6.1288845327730117,46.19735034437312],[6.129008588368662,46.197273343754382],[6.1291105361571967,46.197223813776141],[6.1292983585014404,46.197404038070857]]]},"properties":{"OBJECTID":1221,"ID_Parking_Fondation":"C6330pp","Polygon_ID":111,"Code_Tarif":"474","Nom_Parking":"NHP Gravière 5 Privé","Type_Vehicule":null,"Adresse_Rue":"Chemin de la Gravière","Adresse_No":"5","Adresse_NPA":1227,"Adresse_Localite":"Genève","Type_Parking":null,"Capacite":100,"Statut":null,"Group_Sector_ID":1785,"Group_Service_ID":32,"GlobalID":"{180F11E5-1889-42FA-ABF9-ABEF44BAC86D}","Shape__Area":537.42383690358326,"Shape__Length":92.859881215384945}},{"type":"Feature","id":1223,"geometry":{"type":"Polygon","coordinates":[[[6.1729256699900992,46.184872649866385],[6.1729904945097962,46.184836011994385],[6.1730779062877765,46.184777769910276],[6.1730995342026276,46.184792568469568],[6.1731764246786041,46.184845183337018],[6.1730885822377095,46.184895321777596],[6.1730023621364003,46.184944535496854],[6.1729256699900992,46.184872649866385]]]},"properties":{"OBJECTID":1223,"ID_Parking_Fondation":"D6130","Polygon_ID":103,"Code_Tarif":"440","Nom_Parking":"CMP Florissant","Type_Vehicule":null,"Adresse_Rue":"Route de Florissant","Adresse_No":"160","Adresse_NPA":1231,"Adresse_Localite":"Conches","Type_Parking":null,"Capacite":5,"Statut":null,"Group_Sector_ID":642,"Group_Service_ID":32,"GlobalID":"{B976DE21-EEA1-453F-9697-807B9497A5C1}","Shape__Area":168.10216662770165,"Shape__Length":53.825596958836186}},{"type":"Feature","id":1225,"geometry":{"type":"Polygon","coordinates":[[[6.1075294166222109,46.194740987479385],[6.1060028697186874,46.196118154254734],[6.1044995384357605,46.195420022108252],[6.1056091344682208,46.194013994801814],[6.1075294166222109,46.194740987479385]]]},"properties":{"OBJECTID":1225,"ID_Parking_Fondation":"D6210","Polygon_ID":49,"Code_Tarif":"384","Nom_Parking":"Gérard-De-Ternier 18","Type_Vehicule":null,"Adresse_Rue":"Ch. Gérard-De-Ternier","Adresse_No":"18","Adresse_NPA":1213,"Adresse_Localite":"Petit-Lancy","Type_Parking":null,"Capacite":137,"Statut":null,"Group_Sector_ID":110,"Group_Service_ID":32,"GlobalID":"{E7B4854B-55F9-4C0B-964D-6769B5FBBCA3}","Shape__Area":28502.981371741585,"Shape__Length":679.88434934064344}},{"type":"Feature","id":1227,"geometry":{"type":"Polygon","coordinates":[[[6.1621366937018731,46.278611781040766],[6.1617996452104782,46.278704314777954],[6.1617245556155442,46.278524648911358],[6.1621280831466949,46.278526263448036],[6.1621366937018731,46.278611781040766]]]},"properties":{"OBJECTID":1227,"ID_Parking_Fondation":"E6240","Polygon_ID":90,"Code_Tarif":"426","Nom_Parking":"CO des Colombières","Type_Vehicule":null,"Adresse_Rue":"Chemin des Colombières","Adresse_No":"4","Adresse_NPA":1290,"Adresse_Localite":"Versoix","Type_Parking":null,"Capacite":7,"Statut":null,"Group_Sector_ID":69,"Group_Service_ID":32,"GlobalID":"{BC9A4083-5240-4616-8585-EB3565195DC7}","Shape__Area":436.99243764092046,"Shape__Length":89.370072177094656}},{"type":"Feature","id":1229,"geometry":{"type":"Polygon","coordinates":[[[6.1452544714225077,46.195792107209726],[6.1451751976569478,46.195798889641651],[6.1451693508263148,46.195751646860053],[6.145251941716154,46.195747893009958],[6.1452544714225077,46.195792107209726]]]},"properties":{"OBJECTID":1229,"ID_Parking_Fondation":"B3110m","Polygon_ID":131,"Code_Tarif":"500","Nom_Parking":"Rue des Sources 16 motos","Type_Vehicule":null,"Adresse_Rue":"Rue Prévost-Martin","Adresse_No":"6","Adresse_NPA":1205,"Adresse_Localite":"Genève","Type_Parking":null,"Capacite":5,"Statut":null,"Group_Sector_ID":786,"Group_Service_ID":32,"GlobalID":"{5CECA510-DD60-4BE9-AF9E-18369EE1A7E3}","Shape__Area":31.949197919746858,"Shape__Length":22.745451885511866}},{"type":"Feature","id":1236,"geometry":{"type":"Polygon","coordinates":[[[6.148463843323321,46.215974622428703],[6.1496584146923725,46.215470487500653],[6.1499744482223972,46.215833595558649],[6.150290459816115,46.215708428726856],[6.1504597524418516,46.21590352493542],[6.150147476767442,46.216034100612049],[6.1501774971960428,46.216072003313997],[6.1489867176309128,46.216578870029295],[6.148463843323321,46.215974622428703]]]},"properties":{"OBJECTID":1236,"ID_Parking_Fondation":"F3240e","Polygon_ID":null,"Code_Tarif":"661","Nom_Parking":"Butini recharge électrique","Type_Vehicule":"auto","Adresse_Rue":null,"Adresse_No":null,"Adresse_NPA":null,"Adresse_Localite":null,"Type_Parking":"intérieur","Capacite":null,"Statut":null,"Group_Sector_ID":1825,"Group_Service_ID":32,"GlobalID":"{64070A35-11E1-43AA-9AB1-553EA3E87B6A}","Shape__Area":9157.4675764251333,"Shape__Length":427.52577856017172}},{"type":"Feature","id":1237,"geometry":{"type":"Polygon","coordinates":[[[6.2039452171729019,46.191463070493342],[6.2046841242626041,46.190932021571435],[6.2050760693832476,46.191200725672545],[6.2050597209317404,46.191267509375919],[6.2043753102809278,46.191750366168186],[6.2039452171729019,46.191463070493342]]]},"properties":{"OBJECTID":1237,"ID_Parking_Fondation":"F3170e","Polygon_ID":null,"Code_Tarif":"660","Nom_Parking":"P+R Moillesulaz recharge électrique","Type_Vehicule":"auto","Adresse_Rue":null,"Adresse_No":null,"Adresse_NPA":null,"Adresse_Localite":null,"Type_Parking":"intérieur","Capacite":null,"Statut":null,"Group_Sector_ID":1824,"Group_Service_ID":32,"GlobalID":"{4CBD1F9F-81FC-4A51-AED5-3C4CCC93BCE0}","Shape__Area":3785.7687175569736,"Shape__Length":253.53428802131219}},{"type":"Feature","id":1246,"geometry":{"type":"Polygon","coordinates":[[[6.2034778225279172,46.192617077804904],[6.2049234900711765,46.192322212313094],[6.2050444906360562,46.192593348821504],[6.2035544452808127,46.192903837736182],[6.2034778225279172,46.192617077804904]]]},"properties":{"OBJECTID":1246,"ID_Parking_Fondation":null,"Polygon_ID":null,"Code_Tarif":"2900","Nom_Parking":"Ville de Thônex Rue de Genève","Type_Vehicule":null,"Adresse_Rue":null,"Adresse_No":null,"Adresse_NPA":null,"Adresse_Localite":null,"Type_Parking":null,"Capacite":null,"Statut":null,"Group_Sector_ID":18,"Group_Service_ID":6,"GlobalID":"{2CA38929-F2C3-42C8-90A1-CF4EB5E8451D}","Shape__Area":3770.6798807558562,"Shape__Length":300.39898053931381}},{"type":"Feature","id":1247,"geometry":{"type":"Polygon","coordinates":[[[6.205982008858113,46.193740735243829],[6.2056296850623713,46.193888960346257],[6.2052278644958649,46.193478376645366],[6.205561013673722,46.193303452396549],[6.205982008858113,46.193740735243829]]]},"properties":{"OBJECTID":1247,"ID_Parking_Fondation":null,"Polygon_ID":null,"Code_Tarif":"2901","Nom_Parking":"Ville de Thônex Salle des fêtes","Type_Vehicule":null,"Adresse_Rue":null,"Adresse_No":null,"Adresse_NPA":null,"Adresse_Localite":null,"Type_Parking":null,"Capacite":null,"Statut":null,"Group_Sector_ID":1829,"Group_Service_ID":32,"GlobalID":"{313919F2-8253-496B-B5F6-403451A58DC7}","Shape__Area":1817.4077894208244,"Shape__Length":177.70522221238173}},{"type":"Feature","id":1248,"geometry":{"type":"Polygon","coordinates":[[[6.203188496881257,46.195997203297516],[6.2032224681632115,46.195870028043132],[6.2042153751435336,46.196009426886825],[6.2041800610519227,46.196133644896506],[6.203188496881257,46.195997203297516]]]},"properties":{"OBJECTID":1248,"ID_Parking_Fondation":null,"Polygon_ID":null,"Code_Tarif":"2903","Nom_Parking":"Ville de Thônex Parking des Oiseaux","Type_Vehicule":null,"Adresse_Rue":null,"Adresse_No":null,"Adresse_NPA":null,"Adresse_Localite":null,"Type_Parking":null,"Capacite":null,"Statut":null,"Group_Sector_ID":1832,"Group_Service_ID":32,"GlobalID":"{060568BF-5513-4002-B631-60C0D33E45F3}","Shape__Area":1111.3039833362875,"Shape__Length":184.68728860470333}},{"type":"Feature","id":1249,"geometry":{"type":"Polygon","coordinates":[[[6.2042148025102275,46.195661116507921],[6.2039962592406948,46.195330044215531],[6.2044871996478888,46.195175491105594],[6.2047017520460512,46.195495727207692],[6.2042148025102275,46.195661116507921]]]},"properties":{"OBJECTID":1249,"ID_Parking_Fondation":null,"Polygon_ID":null,"Code_Tarif":"2902","Nom_Parking":"Ville de Thônex Piscine de Thônex","Type_Vehicule":null,"Adresse_Rue":null,"Adresse_No":null,"Adresse_NPA":null,"Adresse_Localite":null,"Type_Parking":null,"Capacite":null,"Statut":null,"Group_Sector_ID":1831,"Group_Service_ID":32,"GlobalID":"{EDF1F0C8-B472-4722-8AEF-E66426DBBBD9}","Shape__Area":1663.717416359063,"Shape__Length":163.20837224905267}},{"type":"Feature","id":1251,"geometry":{"type":"Polygon","coordinates":[[[6.1204916156462996,46.222600251514301],[6.1205152515604713,46.222643903327892],[6.1204565226538161,46.222638987983885],[6.1204349243167977,46.222597479621136],[6.1204916156462996,46.222600251514301]]]},"properties":{"OBJECTID":1251,"ID_Parking_Fondation":"C6115","Polygon_ID":115,"Code_Tarif":"511","Nom_Parking":"CEC André- Chavanne","Type_Vehicule":null,"Adresse_Rue":"Chemin des Coudriers","Adresse_No":"30","Adresse_NPA":1200,"Adresse_Localite":"Genève","Type_Parking":null,"Capacite":null,"Statut":null,"Group_Sector_ID":798,"Group_Service_ID":32,"GlobalID":"{30AC24BE-4FCA-4A60-BE1D-28A201ECFECA}","Shape__Area":20.331570615359404,"Shape__Length":19.039309966472246}},{"type":"Feature","id":1253,"geometry":{"type":"Polygon","coordinates":[[[6.202458130983918,46.193092505174143],[6.2001841353975209,46.193483804602948],[6.2001529581266555,46.193390987718665],[6.2024365947237809,46.193004772504246],[6.202458130983918,46.193092505174143]]]},"properties":{"OBJECTID":1253,"ID_Parking_Fondation":null,"Polygon_ID":null,"Code_Tarif":"2900","Nom_Parking":"Ville de Thônex Rue de Genève","Type_Vehicule":null,"Adresse_Rue":null,"Adresse_No":null,"Adresse_NPA":null,"Adresse_Localite":null,"Type_Parking":null,"Capacite":null,"Statut":null,"Group_Sector_ID":18,"Group_Service_ID":6,"GlobalID":"{A2D9DE63-DF0E-4F21-AA74-5962D2A0E998}","Shape__Area":1853.4252862711428,"Shape__Length":382.80119568075679}},{"type":"Feature","id":1269,"geometry":{"type":"Polygon","coordinates":[[[6.1124558411131424,46.211466674059992],[6.1127748145237151,46.213338644357322],[6.1125251905122324,46.213363414344251],[6.1122034072788063,46.211390896013967],[6.1124399002161072,46.211373117850698],[6.1124489709842287,46.211426350213273],[6.1124531114549958,46.211447239278968],[6.1124558411131424,46.211466674059992]]]},"properties":{"OBJECTID":1269,"ID_Parking_Fondation":null,"Polygon_ID":null,"Code_Tarif":"2401","Nom_Parking":"Vernier zone blanche 90 min.","Type_Vehicule":null,"Adresse_Rue":null,"Adresse_No":null,"Adresse_NPA":null,"Adresse_Localite":null,"Type_Parking":null,"Capacite":null,"Statut":null,"Group_Sector_ID":20,"Group_Service_ID":6,"GlobalID":"{F85CEEE8-7E11-46A1-A33B-215E1F80E172}","Shape__Area":4165.8296679306186,"Shape__Length":478.51803041989865}},{"type":"Feature","id":1270,"geometry":{"type":"Polygon","coordinates":[[[6.1119299380384735,46.211964189431704],[6.1114311058989639,46.212016595380703],[6.1113731874614823,46.21186395387906],[6.1119076358432176,46.211798872888366],[6.1119299380384735,46.211964189431704]]]},"properties":{"OBJECTID":1270,"ID_Parking_Fondation":null,"Polygon_ID":null,"Code_Tarif":"2401","Nom_Parking":"Vernier zone blanche 90 min.","Type_Vehicule":null,"Adresse_Rue":null,"Adresse_No":null,"Adresse_NPA":null,"Adresse_Localite":null,"Type_Parking":null,"Capacite":null,"Statut":null,"Group_Sector_ID":20,"Group_Service_ID":6,"GlobalID":"{11AB7B1F-4C2E-4381-BDCB-4D394BB54E4A}","Shape__Area":724.85588133521662,"Shape__Length":116.81555259739477}},{"type":"Feature","id":1272,"geometry":{"type":"Polygon","coordinates":[[[6.0766151997988782,46.181706646148157],[6.076619290516037,46.181621251509078],[6.0784361022513824,46.181689297531321],[6.0784117930336787,46.181773805967232],[6.0766151997988782,46.181706646148157]]]},"properties":{"OBJECTID":1272,"ID_Parking_Fondation":"E6570op","Polygon_ID":217,"Code_Tarif":"725","Nom_Parking":"Ch. du Stand 4 Public","Type_Vehicule":null,"Adresse_Rue":null,"Adresse_No":null,"Adresse_NPA":null,"Adresse_Localite":null,"Type_Parking":null,"Capacite":null,"Statut":null,"Group_Sector_ID":1925,"Group_Service_ID":null,"GlobalID":"{5F25FFD4-7BF9-4F45-A41C-4F1C751E8038}","Shape__Area":1325.706212895906,"Shape__Length":298.49835045816343}},{"type":"Feature","id":1274,"geometry":{"type":"Polygon","coordinates":[[[6.0766083023725299,46.181810664768086],[6.0766184954631859,46.181712989213231],[6.0783977967746337,46.181786853673756],[6.078374970628885,46.181881254140642],[6.0766083023725299,46.181810664768086]]]},"properties":{"OBJECTID":1274,"ID_Parking_Fondation":"E6570pp","Polygon_ID":217,"Code_Tarif":"725","Nom_Parking":"Ch. du Stand 4 Privé","Type_Vehicule":"auto","Adresse_Rue":null,"Adresse_No":null,"Adresse_NPA":null,"Adresse_Localite":null,"Type_Parking":"extérieur","Capacite":null,"Statut":null,"Group_Sector_ID":1916,"Group_Service_ID":null,"GlobalID":"{8C26829C-5CE9-43C4-8611-35E1D1557F67}","Shape__Area":1471.8376062268719,"Shape__Length":295.8062237304174}},{"type":"Feature","id":1276,"geometry":{"type":"Polygon","coordinates":[[[6.0703025501691892,46.230472008518852],[6.0705009696853427,46.230370232978458],[6.0709265255614087,46.230703397500328],[6.0707288063384421,46.230823903205327],[6.0703025501691892,46.230472008518852]]]},"properties":{"OBJECTID":1276,"ID_Parking_Fondation":"T3320e","Polygon_ID":218,"Code_Tarif":"726","Nom_Parking":"Vergers recharge électrique","Type_Vehicule":"auto","Adresse_Rue":null,"Adresse_No":null,"Adresse_NPA":null,"Adresse_Localite":null,"Type_Parking":null,"Capacite":null,"Statut":null,"Group_Sector_ID":1918,"Group_Service_ID":null,"GlobalID":"{77DD1944-2615-464F-89FD-D759AEF2BE1D}","Shape__Area":987.79835505135998,"Shape__Length":139.93280972126675}},{"type":"Feature","id":1277,"geometry":{"type":"Polygon","coordinates":[[[6.0733857231806665,46.232965450745361],[6.0728393256737752,46.23253916633255],[6.0730569933700345,46.232409537768078],[6.073579416263077,46.232841890279595],[6.0733857231806665,46.232965450745361]]]},"properties":{"OBJECTID":1277,"ID_Parking_Fondation":"T3110e","Polygon_ID":219,"Code_Tarif":"727","Nom_Parking":"Arbères recharge électrique","Type_Vehicule":"auto","Adresse_Rue":null,"Adresse_No":null,"Adresse_NPA":null,"Adresse_Localite":null,"Type_Parking":null,"Capacite":null,"Statut":null,"Group_Sector_ID":1919,"Group_Service_ID":null,"GlobalID":"{52A11E23-ADAC-4AF0-A0C0-32CAA9D30992}","Shape__Area":1337.4441486604494,"Shape__Length":168.56968471160616}},{"type":"Feature","id":1285,"geometry":{"type":"Polygon","coordinates":[[[6.1326841676192387,46.201804568692573],[6.1330200152717342,46.201854930889979],[6.1329645714664807,46.202073387706761],[6.1326263724256966,46.202021338220248],[6.1326841676192387,46.201804568692573]]]},"properties":{"OBJECTID":1285,"ID_Parking_Fondation":"221","Polygon_ID":null,"Code_Tarif":"646","Nom_Parking":"Gazomètres recharge électrique","Type_Vehicule":"auto","Adresse_Rue":null,"Adresse_No":null,"Adresse_NPA":null,"Adresse_Localite":null,"Type_Parking":null,"Capacite":null,"Statut":null,"Group_Sector_ID":1939,"Group_Service_ID":32,"GlobalID":"{BBEBFC1F-7BFC-4956-91A5-26C15DEC7E91}","Shape__Area":654.18849658088811,"Shape__Length":102.42538435331632}},{"type":"Feature","id":1286,"geometry":{"type":"Polygon","coordinates":[[[6.135947259803614,46.202873466441055],[6.1359624985086301,46.202705065836305],[6.1363315572768267,46.202735260860351],[6.1363015068037399,46.202898304743961],[6.135947259803614,46.202873466441055]]]},"properties":{"OBJECTID":1286,"ID_Parking_Fondation":"222","Polygon_ID":null,"Code_Tarif":"694","Nom_Parking":"Finances recharge électrique","Type_Vehicule":"auto","Adresse_Rue":null,"Adresse_No":null,"Adresse_NPA":null,"Adresse_Localite":null,"Type_Parking":null,"Capacite":null,"Statut":null,"Group_Sector_ID":1937,"Group_Service_ID":32,"GlobalID":"{CC269B42-A158-467F-B578-B5C98A986632}","Shape__Area":519.61040530935986,"Shape__Length":93.195756809066467}},{"type":"Feature","id":1287,"geometry":{"type":"Polygon","coordinates":[[[6.1375152028753828,46.21233605409428],[6.1377119958194246,46.212105930987228],[6.1379247116238034,46.212209639960065],[6.1376972026244632,46.212424470050429],[6.1375152028753828,46.21233605409428]]]},"properties":{"OBJECTID":1287,"ID_Parking_Fondation":"F3320e","Polygon_ID":null,"Code_Tarif":"729","Nom_Parking":"Louis-Favre 41 recharge électrique","Type_Vehicule":null,"Adresse_Rue":null,"Adresse_No":null,"Adresse_NPA":null,"Adresse_Localite":null,"Type_Parking":null,"Capacite":null,"Statut":null,"Group_Sector_ID":1940,"Group_Service_ID":32,"GlobalID":"{D8B7274D-9EAA-40F2-8553-41EEB5A96F3F}","Shape__Area":551.52132069101253,"Shape__Length":96.594415916804465}},{"type":"Feature","id":1290,"geometry":{"type":"Polygon","coordinates":[[[6.1111420523601261,46.211458739033091],[6.1107025592488293,46.211602055272564],[6.1106158144700169,46.211509613333483],[6.1111114373827116,46.211353863721762],[6.1111420523601261,46.211458739033091]]]},"properties":{"OBJECTID":1290,"ID_Parking_Fondation":null,"Polygon_ID":null,"Code_Tarif":"2401","Nom_Parking":"Vernier zone blanche 90 min.","Type_Vehicule":null,"Adresse_Rue":null,"Adresse_No":null,"Adresse_NPA":null,"Adresse_Localite":null,"Type_Parking":null,"Capacite":null,"Statut":null,"Group_Sector_ID":20,"Group_Service_ID":6,"GlobalID":"{F1BEABF1-A18D-402B-BD90-BEEFA537D707}","Shape__Area":471.02204762390761,"Shape__Length":103.61881974437748}}]}